eye_rotation_deg,field_x_relative,field_y_relative,paraxial_x_mm,paraxial_y_mm,real_x_mm,real_y_mm,radial_distortion_pct,tangential_distortion_pct
-20.0,-1.0,1.0,-1.7890006892641763,1.822438380751299,-1.653519844406024,1.6996274881598432,-7.1481836798878415,0.41701215444971806
-20.0,0.0,1.0,0.0,1.822438380751299,0.0,1.7626442398891506,-3.2809965754506445,0.0
-20.0,1.0,1.0,1.7890006892641763,1.822438380751299,1.653519844406024,1.6996274881598432,-7.1481836798878415,-0.41701215444971806
-20.0,-1.0,0.0,-1.7890006892641763,0.0,-1.709913067417329,0.008471582007985923,-4.420770898605765,0.4735371014010241
-20.0,0.0,0.0,0.0,0.0,0.0,-2.5745019449630036e-09,0.0,0.0
-20.0,1.0,0.0,1.7890006892641763,0.0,1.709913067417329,0.008471582007985923,-4.420770898605765,-0.4735371014010241
-20.0,-1.0,-1.0,-1.7890006892641763,-1.822438380751299,-1.629858728765744,-1.643855042197524,-9.355725851086362,0.45170468039505063
-20.0,0.0,-1.0,0.0,-1.822438380751299,0.0,-1.7189766196099479,-5.677106136159131,-0.0
-20.0,1.0,-1.0,1.7890006892641763,-1.822438380751299,1.629858728765744,-1.643855042197524,-9.355725851086362,-0.45170468039505063
-19.9,-1.0,1.0,-1.7888610493251675,1.8219759048848605,-1.653352515965492,1.699091304660286,-7.152237617620438,0.4152052967659421
-19.9,0.0,1.0,0.0,1.8219759048848605,0.0,1.7621157043647946,-3.2854551127474303,0.0
-19.9,1.0,1.0,1.7888610493251675,1.8219759048848605,1.653352515965492,1.699091304660286,-7.152237617620438,-0.4152052967659421
-19.9,-1.0,0.0,-1.7888610493251675,0.0,-1.709786254470446,0.00843378891772284,-4.420398939568377,0.47146137599141164
-19.9,0.0,0.0,0.0,0.0,0.0,-2.27409424624625e-09,0.0,0.0
-19.9,1.0,0.0,1.7888610493251675,0.0,1.709786254470446,0.00843378891772284,-4.420398939568377,-0.47146137599141164
-19.9,-1.0,-1.0,-1.7888610493251675,-1.8219759048848605,-1.62979404758758,-1.6435710473493752,-9.350209222998055,0.4498000802898677
-19.9,0.0,-1.0,0.0,-1.8219759048848605,0.0,-1.7186468334927008,-5.6712644286418055,-0.0
-19.9,1.0,-1.0,1.7888610493251675,-1.8219759048848605,1.62979404758758,-1.6435710473493752,-9.350209222998055,-0.4498000802898677
-19.8,-1.0,1.0,-1.788721995313598,1.821515485814258,-1.653185567189899,1.6985567662527785,-7.156304333564003,0.4133941498879671
-19.8,0.0,1.0,0.0,1.821515485814258,0.0,1.761588956672237,-3.289926965140926,0.0
-19.8,1.0,1.0,1.788721995313598,1.821515485814258,1.653185567189899,1.6985567662527785,-7.156304333564003,-0.4133941498879671
-19.8,-1.0,0.0,-1.788721995313598,0.0,-1.709659991270114,0.008395926314561208,-4.420027497320668,0.4693812865586884
-19.8,0.0,0.0,0.0,0.0,0.0,-2.0027561831170715e-09,0.0,0.0
-19.8,1.0,0.0,1.788721995313598,0.0,1.709659991270114,0.008395926314561208,-4.420027497320668,-0.4693812865586884
-19.8,-1.0,-1.0,-1.788721995313598,-1.821515485814258,-1.629729983034434,-1.6432891150035807,-9.34468338389555,0.4478904991216044
-19.8,0.0,-1.0,0.0,-1.821515485814258,0.0,-1.7183191461612304,-5.665411052319244,-0.0
-19.8,1.0,-1.0,1.788721995313598,-1.821515485814258,1.629729983034434,-1.6432891150035807,-9.34468338389555,-0.4478904991216044
-19.7,-1.0,1.0,-1.788583528651638,1.8210571270087605,-1.653018999945708,1.698023877363522,-7.160383777280119,0.4115787344664635
-19.7,0.0,1.0,0.0,1.8210571270087605,0.0,1.7610640010760201,-3.2944120776312045,0.0
-19.7,1.0,1.0,1.788583528651638,1.8210571270087605,1.653018999945708,1.698023877363522,-7.160383777280119,-0.4115787344664635
-19.7,-1.0,0.0,-1.788583528651638,0.0,-1.709534279119305,0.008357994568597427,-4.419656575498385,0.46729685444986063
-19.7,0.0,0.0,0.0,0.0,0.0,-1.7581349709416827e-09,0.0,0.0
-19.7,1.0,0.0,1.788583528651638,0.0,1.709534279119305,0.008357994568597427,-4.419656575498385,-0.46729685444986063
-19.7,-1.0,-1.0,-1.788583528651638,-1.8210571270087605,-1.629666535753042,-1.6430092470985347,-9.339148391997549,0.44597595740154417
-19.7,0.0,-1.0,0.0,-1.8210571270087605,0.0,-1.7179935599216334,-5.659546071265635,-0.0
-19.7,1.0,-1.0,1.788583528651638,-1.8210571270087605,1.629666535753042,-1.6430092470985347,-9.339148391997549,-0.44597595740154417
-19.6,-1.0,1.0,-1.7884456507542392,1.820600831913799,-1.652852816093022,1.6974926423966066,-7.164475898231756,0.40975907124647765
-19.6,0.0,1.0,0.0,1.820600831913799,0.0,1.7605408418176445,-3.2989103950381025,0.0
-19.6,1.0,1.0,1.7884456507542392,1.820600831913799,1.652852816093022,1.6974926423966066,-7.164475898231756,-0.40975907124647765
-19.6,-1.0,0.0,-1.7884456507542392,0.0,-1.709409119314268,0.008319994049585944,-4.419286177728647,0.4652081010164979
-19.6,0.0,0.0,0.0,0.0,0.0,-1.5380900997286062e-09,0.0,0.0
-19.6,1.0,0.0,1.7884456507542392,0.0,1.709409119314268,0.008319994049585944,-4.419286177728647,-0.4652081010164979
-19.6,-1.0,-1.0,-1.7884456507542392,-1.820600831913799,-1.629603706383908,-1.642731445555925,-9.333604305460963,0.44405647561950085
-19.6,0.0,-1.0,0.0,-1.820600831913799,0.0,-1.7176700770625857,-5.6536695494648,-0.0
-19.6,1.0,-1.0,1.7884456507542392,-1.820600831913799,1.629603706383908,-1.642731445555925,-9.333604305460963,-0.44405647561950085
-19.5,-1.0,1.0,-1.7883083630291774,1.8201466039515601,-1.652687017485577,1.6969630657342347,-7.168580645793988,0.40793518105935483
-19.5,0.0,1.0,0.0,1.8201466039515601,0.0,1.7600194831158893,-3.303421862015628,0.0
-19.5,1.0,1.0,1.7883083630291774,1.8201466039515601,1.652687017485577,1.6969630657342347,-7.168580645793988,-0.40793518105935483
-19.5,-1.0,0.0,-1.7883083630291774,0.0,-1.709284513144542,0.008281925127010314,-4.418916307631564,0.46311504761861866
-19.5,0.0,0.0,0.0,0.0,0.0,-1.3405498933138915e-09,0.0,0.0
-19.5,1.0,0.0,1.7883083630291774,0.0,1.709284513144542,0.008281925127010314,-4.418916307631564,-0.46311504761861866
-19.5,-1.0,-1.0,-1.7883083630291774,-1.8201466039515601,-1.629541495561317,-1.6424557122807717,-9.328051182395217,0.44213207425622975
-19.5,0.0,-1.0,0.0,-1.8201466039515601,0.0,-1.7173486998554064,-5.647781550836524,-0.0
-19.5,1.0,-1.0,1.7883083630291774,-1.8201466039515601,1.629541495561317,-1.6424557122807717,-9.328051182395217,-0.44213207425622975
-19.4,-1.0,1.0,-1.7881716668770051,1.8196944465192466,-1.652521605970729,1.6964351517365976,-7.172697969211759,0.40610708486277086
-19.4,0.0,1.0,0.0,1.8196944465192466,0.0,1.7594999291665878,-3.3079464229722877,0.0
-19.4,1.0,1.0,1.7881716668770051,1.8196944465192466,1.652521605970729,1.6964351517365976,-7.172697969211759,-0.40610708486277086
-19.4,-1.0,0.0,-1.7881716668770051,0.0,-1.709160461892947,0.008243788169915334,-4.418546968818106,0.46101771561524024
-19.4,0.0,0.0,0.0,0.0,0.0,-1.1636180907714788e-09,0.0,0.0
-19.4,1.0,0.0,1.7881716668770051,0.0,1.709160461892947,0.008243788169915334,-4.418546968818106,-0.46101771561524024
-19.4,-1.0,-1.0,-1.7881716668770051,-1.8196944465192466,-1.629479903913321,-1.642182049161427,-9.322489080816636,0.4402027737406046
-19.4,0.0,-1.0,0.0,-1.8196944465192466,0.0,-1.7170294305540494,-5.641882139145786,-0.0
-19.4,1.0,-1.0,1.7881716668770051,-1.8196944465192466,1.629479903913321,-1.642182049161427,-9.322489080816636,-0.4402027737406046
-19.3,-1.0,1.0,-1.7880355636910958,1.8192443629915367,-1.652356583389459,1.6959089047420681,-7.176827817659367,0.4042748036837604
-19.3,0.0,1.0,0.0,1.8192443629915367,0.0,1.7589821841429154,-3.312484022186393,0.0
-19.3,1.0,1.0,1.7880355636910958,1.8192443629915367,1.652356583389459,1.6959089047420681,-7.176827817659367,-0.4042748036837604
-19.3,-1.0,0.0,-1.7880355636910958,0.0,-1.70903696683558,0.008205583547169937,-4.418178164892684,0.4589161263789912
-19.3,0.0,0.0,0.0,0.0,0.0,-1.005520999797227e-09,0.0,0.0
-19.3,1.0,0.0,1.7880355636910958,0.0,1.70903696683558,0.008205583547169937,-4.418178164892684,-0.4589161263789912
-19.3,-1.0,-1.0,-1.7880355636910958,-1.8192443629915367,-1.62941893206175,-1.6419104580696717,-9.316918058708675,0.4382685945065873
-19.3,0.0,-1.0,0.0,-1.8192443629915367,0.0,-1.7167122713952074,-5.635971378123558,-0.0
-19.3,1.0,-1.0,1.7880355636910958,-1.8192443629915367,1.62941893206175,-1.6419104580696717,-9.316918058708675,-0.4382685945065873
-19.2,-1.0,1.0,-1.7879000548576074,1.8187963567192167,-1.652191951576366,1.6953843290671662,-7.180970140205529,0.40243835865173855
-19.2,0.0,1.0,0.0,1.8187963567192167,0.0,1.7584662521952494,-3.317034603741563,0.0
-19.2,1.0,1.0,1.7879000548576074,1.8187963567192167,1.652191951576366,1.6953843290671662,-7.180970140205529,-0.40243835865173855
-19.2,-1.0,0.0,-1.7879000548576074,0.0,-1.708914029241847,0.008167311627159002,-4.417809899449387,0.45681030127880756
-19.2,0.0,0.0,0.0,0.0,0.0,-8.646341420615045e-10,0.0,0.0
-19.2,1.0,0.0,1.7879000548576074,0.0,1.708914029241847,0.008167311627159002,-4.417809899449387,-0.45681030127880756
-19.2,-1.0,-1.0,-1.7879000548576074,-1.8187963567192167,-1.62935858062221,-1.6416409408606687,-9.311338173987096,0.4363295569609668
-19.2,0.0,-1.0,0.0,-1.8187963567192167,0.0,-1.7163972245983108,-5.630049331394947,-0.0
-19.2,1.0,-1.0,1.7879000548576074,-1.8187963567192167,1.62935858062221,-1.6416409408606687,-9.311338173987096,-0.4363295569609668
-19.1,-1.0,1.0,-1.7877651417555254,1.8183504310295184,-1.652027712359651,1.6948614290066346,-7.185124885821835,0.4005977709932361
-19.1,0.0,1.0,0.0,1.8183504310295184,0.0,1.757952137451412,-3.3215981115317788,0.0
-19.1,1.0,1.0,1.7877651417555254,1.8183504310295184,1.652027712359651,1.6948614290066346,-7.185124885821835,-0.4005977709932361
-19.1,-1.0,0.0,-1.7877651417555254,0.0,-1.708791650374412,0.008128972778064902,-4.4174421760771105,0.4547002616955896
-19.1,0.0,0.0,0.0,0.0,0.0,-7.394320711284763e-10,0.0,0.0
-19.1,1.0,0.0,1.7877651417555254,0.0,1.708791650374412,0.008128972778064902,-4.4174421760771105,-0.4547002616955896
-19.1,-1.0,-1.0,-1.7877651417555254,-1.8183504310295184,-1.629298850204093,-1.641373499373124,-9.305749484504318,0.4343856814859535
-19.1,0.0,-1.0,0.0,-1.8183504310295184,0.0,-1.7160842923655828,-5.624116062492658,-0.0
-19.1,1.0,-1.0,1.7877651417555254,-1.8183504310295184,1.629298850204093,-1.641373499373124,-9.305749484504318,-0.4343856814859535
-19.0,-1.0,1.0,-1.7876308257566298,1.8179065892273183,-1.651863867561127,1.6943402088335364,-7.189292003410112,0.3987530620023944
-19.0,0.0,1.0,0.0,1.8179065892273183,0.0,1.7574398440166084,-3.3261744893289973,0.0
-19.0,1.0,1.0,1.7876308257566298,1.8179065892273183,1.651863867561127,1.6943402088335364,-7.189292003410112,-0.3987530620023944
-19.0,-1.0,0.0,-1.7876308257566298,0.0,-1.708669831489244,0.008090567367725843,-4.417074998355155,0.45258602901420886
-19.0,0.0,0.0,0.0,0.0,0.0,-6.28467944352451e-10,0.0,0.0
-19.0,1.0,0.0,1.7876308257566298,0.0,1.708669831489244,0.008090567367725843,-4.417074998355155,-0.45258602901420886
-19.0,-1.0,-1.0,-1.7876308257566298,-1.8179065892273183,-1.629239741410559,-1.6411081354291182,-9.300152048083895,0.43243698847336787
-19.0,0.0,-1.0,0.0,-1.8179065892273183,0.0,-1.7157734768820236,-5.6181716349191095,-0.0
-19.0,1.0,-1.0,1.7876308257566298,-1.8179065892273183,1.629239741410559,-1.6411081354291182,-9.300152048083895,-0.43243698847336787
-18.9,-1.0,1.0,-1.7874971082255087,1.8174648345948352,-1.651700418996209,1.6938206727992282,-7.193471441796258,0.39690425304827887
-18.9,0.0,1.0,0.0,1.8174648345948352,0.0,1.7569293759735125,-3.330763680762923,0.0
-18.9,1.0,1.0,1.7874971082255087,1.8174648345948352,1.651700418996209,1.6938206727992282,-7.193471441796258,-0.39690425304827887
-18.9,-1.0,0.0,-1.7874971082255087,0.0,-1.708548573835591,0.008052095763706024,-4.41670836985531,0.4504676246273502
-18.9,0.0,0.0,0.0,0.0,0.0,-5.304299222075315e-10,0.0,0.0
-18.9,1.0,0.0,1.7874971082255087,0.0,1.708548573835591,0.008052095763706024,-4.41670836985531,-0.4504676246273502
-18.9,-1.0,-1.0,-1.7874971082255087,-1.8174648345948352,-1.629181254838554,-1.6408448508343652,-9.294545922504943,0.4304834983097386
-18.9,0.0,-1.0,0.0,-1.8174648345948352,0.0,-1.715464780315525,-5.612216112123511,-0.0
-18.9,1.0,-1.0,1.7874971082255087,-1.8174648345948352,1.629181254838554,-1.6408448508343652,-9.294545922504943,-0.4304834983097386
-18.8,-1.0,1.0,-1.78736399051957,1.8170251703903606,-1.6515373684739,1.6933028251334705,-7.197663149695255,0.39505136561086024
-18.8,0.0,1.0,0.0,1.8170251703903606,0.0,1.7564207373823535,-3.335365629249217,0.0
-18.8,1.0,1.0,1.78736399051957,1.8170251703903606,1.6515373684739,1.6933028251334705,-7.197663149695255,-0.39505136561086024
-18.8,-1.0,0.0,-1.78736399051957,0.0,-1.708427878656004,0.00801355833320283,-4.41634229414121,0.44834506993023643
-18.8,0.0,0.0,0.0,0.0,0.0,-4.441509382502318e-10,0.0,0.0
-18.8,1.0,0.0,1.78736399051957,0.0,1.708427878656004,0.00801355833320283,-4.41634229414121,-0.44834506993023643
-18.8,-1.0,-1.0,-1.78736399051957,-1.8170251703903606,-1.629123391078817,-1.6405836473781212,-9.288931165471904,0.42852523134662146
-18.8,0.0,-1.0,0.0,-1.8170251703903606,0.0,-1.7151582048168494,-5.606249557436047,-0.0
-18.8,1.0,-1.0,1.78736399051957,-1.8170251703903606,1.629123391078817,-1.6405836473781212,-9.288931165471904,-0.42852523134662146
-18.7,-1.0,1.0,-1.7872314739890172,1.8165875998508607,-1.651374717796802,1.692786670044474,-7.201867075776522,0.39319442121432646
-18.7,0.0,1.0,0.0,1.8165875998508607,0.0,1.755913932280944,-3.3399802781268506,0.0
-18.7,1.0,1.0,1.7872314739890172,1.8165875998508607,1.651374717796802,1.692786670044474,-7.201867075776522,-0.39319442121432646
-18.7,-1.0,0.0,-1.7872314739890172,0.0,-1.708307747186304,0.00797495544319693,-4.415976774768806,0.44621838632895167
-18.7,0.0,0.0,0.0,0.0,0.0,-3.6846792283995455e-10,0.0,0.0
-18.7,1.0,0.0,1.7872314739890172,0.0,1.708307747186304,0.00797495544319693,-4.415976774768806,-0.44621838632895167
-18.7,-1.0,-1.0,-1.7872314739890172,-1.8165875998508607,-1.629066150715846,-1.640324526833203,-9.283307834680231,0.4265622079638963
-18.7,0.0,-1.0,0.0,-1.8165875998508607,0.0,-1.714853752519668,-5.6002720341999925,-0.0
-18.7,1.0,-1.0,1.7872314739890172,-1.8165875998508607,1.629066150715846,-1.640324526833203,-9.283307834680231,-0.4265622079638963
-18.6,-1.0,1.0,-1.787099559976879,1.8161521261910973,-1.651212468761094,1.6922722117189466,-7.2060831686414435,0.3913334414519197
-18.6,0.0,1.0,0.0,1.8161521261910973,0.0,1.7554089646847837,-3.344607570606241,0.0
-18.6,1.0,1.0,1.787099559976879,1.8161521261910973,1.651212468761094,1.6922722117189466,-7.2060831686414435,-0.3913334414519197
-18.6,-1.0,0.0,-1.787099559976879,0.0,-1.708188180655626,0.007936287460341696,-4.415611815285431,0.4440875952341666
-18.6,0.0,0.0,0.0,0.0,0.0,-3.023381545119719e-10,0.0,0.0
-18.6,1.0,0.0,1.787099559976879,0.0,1.708188180655626,0.007936287460341696,-4.415611815285431,-0.4440875952341666
-18.6,-1.0,-1.0,-1.787099559976879,-1.8161521261910973,-1.629009534327953,-1.6400674909560515,-9.27767598779092,0.42459444854646355
-18.6,0.0,-1.0,0.0,-1.8161521261910973,0.0,-1.7145514255406353,-5.594283605721005,-0.0
-18.6,1.0,-1.0,1.787099559976879,-1.8161521261910973,1.629009534327953,-1.6400674909560515,-9.27767598779092,-0.42459444854646355
-18.5,-1.0,1.0,-1.786968249818997,1.8157187526026863,-1.651050623156548,1.6917594543221242,-7.2103113767977485,0.3894684480098861
-18.5,0.0,1.0,0.0,1.8157187526026863,0.0,1.7549058385870262,-3.3492474497214797,0.0
-18.5,1.0,1.0,1.786968249818997,1.8157187526026863,1.651050623156548,1.6917594543221242,-7.2103113767977485,-0.3894684480098861
-18.5,-1.0,0.0,-1.786968249818997,0.0,-1.708069180286377,0.007897554751020053,-4.4152474192315205,0.4419527180642409
-18.5,0.0,0.0,0.0,0.0,0.0,-2.4481883187377207e-10,0.0,0.0
-18.5,1.0,0.0,1.786968249818997,0.0,1.708069180286377,0.007897554751020053,-4.4152474192315205,-0.4419527180642409
-18.5,-1.0,-1.0,-1.786968249818997,-1.8157187526026863,-1.628953542487215,-1.6398125414868199,-9.272035682404614,0.4226219734569106
-18.5,0.0,-1.0,0.0,-1.8157187526026863,0.0,-1.7142512259793428,-5.588284335219761,-0.0
-18.5,1.0,-1.0,1.786968249818997,-1.8157187526026863,1.628953542487215,-1.6398125414868199,-9.272035682404614,-0.4226219734569106
-18.4,-1.0,1.0,-1.7868375448440221,1.8152874822562648,-1.650889182766509,1.6912484019978413,-7.2145516487142585,0.3875994626139329
-18.4,0.0,1.0,0.0,1.8152874822562648,0.0,1.754404557958602,-3.353899858439495,0.0
-18.4,1.0,1.0,1.7868375448440221,1.8152874822562648,1.650889182766509,1.6912484019978413,-7.2145516487142585,-0.3875994626139329
-18.4,-1.0,0.0,-1.7868375448440221,0.0,-1.707950747294277,0.00785875768132005,-4.4148835901380945,0.439813776243775
-18.4,0.0,0.0,0.0,0.0,0.0,-1.950457573229869e-10,0.0,0.0
-18.4,1.0,0.0,1.7868375448440221,0.0,1.707950747294277,0.00785875768132005,-4.4148835901380945,-0.439813776243775
-18.4,-1.0,-1.0,-1.7868375448440221,-1.8152874822562648,-1.628898175759514,-1.6395596801493455,-9.266386976115964,0.4206448030907874
-18.4,0.0,-1.0,0.0,-1.8152874822562648,0.0,-1.713953155918507,-5.582274285933314,-0.0
-18.4,1.0,-1.0,1.7868375448440221,-1.8152874822562648,1.628898175759514,-1.6395596801493455,-9.266386976115964,-0.4206448030907874
-18.3,-1.0,1.0,-1.7867074463734387,1.8148583182998568,-1.650728149367891,1.6907390588686255,-7.218803932777012,0.3857265070741253
-18.3,0.0,1.0,0.0,1.8148583182998568,0.0,1.7539051267483377,-3.3585647395670835,0.0
-18.3,1.0,1.0,1.7867074463734387,1.8148583182998568,1.650728149367891,1.6907390588686255,-7.218803932777012,-0.3857265070741253
-18.3,-1.0,0.0,-1.7867074463734387,0.0,-1.707832882888319,0.007819896617082822,-4.414520331530215,0.43767079120620567
-18.3,0.0,0.0,0.0,0.0,0.0,-1.521853754127278e-10,0.0,0.0
-18.3,1.0,0.0,1.7867074463734387,0.0,1.707832882888319,0.007819896617082822,-4.414520331530215,-0.43767079120620567
-18.3,-1.0,-1.0,-1.7867074463734387,-1.8148583182998568,-1.628843434704501,-1.639308908651158,-9.260729926472818,0.4186629578337315
-18.3,0.0,-1.0,0.0,-1.8148583182998568,0.0,-1.7136572174238145,-5.576253521037752,-0.0
-18.3,1.0,-1.0,1.7867074463734387,-1.8148583182998568,1.628843434704501,-1.639308908651158,-9.260729926472818,-0.4186629578337315
-18.2,-1.0,1.0,-1.786577955721533,1.8144312638600013,-1.650567524731188,1.690231429035626,-7.223068177319589,0.3838496032525165
-18.2,0.0,1.0,0.0,1.8144312638600013,0.0,1.7534075488828407,-3.3632420358178496,0.0
-18.2,1.0,1.0,1.786577955721533,1.8144312638600013,1.650567524731188,1.690231429035626,-7.223068177319589,-0.3838496032525165
-18.2,-1.0,0.0,-1.786577955721533,0.0,-1.707715588270815,0.007780971923826208,-4.414157646922743,0.43552378438945644
-18.2,0.0,0.0,0.0,0.0,0.0,-1.1552270251513619e-10,0.0,0.0
-18.2,1.0,0.0,1.786577955721533,0.0,1.707715588270815,0.007780971923826208,-4.414157646922743,-0.43552378438945644
-18.2,-1.0,-1.0,-1.786577955721533,-1.8144312638600013,-1.628789319875643,-1.6390602286836367,-9.255064590998062,0.4166764580867456
-18.2,0.0,-1.0,0.0,-1.8144312638600013,0.0,-1.7133634125441368,-5.570222103694016,-0.0
-18.2,1.0,-1.0,1.786577955721533,-1.8144312638600013,1.628789319875643,-1.6390602286836367,-9.255064590998062,-0.4166764580867456
-18.1,-1.0,1.0,-1.7864490741954244,1.8140063220415836,-1.650407310620441,1.6897255165788005,-7.227344330615507,0.38196877307400456
-18.1,0.0,1.0,0.0,1.8140063220415836,0.0,1.7529118282667238,-3.367931689791507,0.0
-18.1,1.0,1.0,1.7864490741954244,1.8140063220415836,1.650407310620441,1.6897255165788005,-7.227344330615507,-0.38196877307400456
-18.1,-1.0,0.0,-1.7864490741954244,0.0,-1.707598864637354,0.007741983966837118,-4.41379553982431,0.4333727772410153
-18.1,0.0,0.0,0.0,0.0,0.0,-8.43840552988695e-11,0.0,0.0
-18.1,1.0,0.0,1.7864490741954244,0.0,1.707598864637354,0.007741983966837118,-4.41379553982431,-0.4333727772410153
-18.1,-1.0,-1.0,-1.7864490741954244,-1.8140063220415836,-1.628735831820176,-1.6388136419218817,-9.249391027190422,0.4146853242629994
-18.1,0.0,-1.0,0.0,-1.8140063220415836,0.0,-1.7130717433114468,-5.564180097042847,-0.0
-18.1,1.0,-1.0,1.7864490741954244,-1.8140063220415836,1.628735831820176,-1.6388136419218817,-9.249391027190422,-0.4146853242629994
-18.0,-1.0,1.0,-1.7863208030950517,1.8135834959288566,-1.650247508793274,1.68922132555694,-7.2316323409029355,0.3800840384990653
-18.0,0.0,1.0,0.0,1.8135834959288566,0.0,1.752417968782611,-3.372633644028545,0.0
-18.0,1.0,1.0,1.7863208030950517,1.8135834959288566,1.650247508793274,1.68922132555694,-7.2316323409029355,-0.3800840384990653
-18.0,-1.0,0.0,-1.7863208030950517,0.0,-1.707482713176833,0.007702933111161769,-4.413434013734854,0.4312177912173086
-18.0,0.0,0.0,0.0,0.0,0.0,-5.8113069911769344e-11,0.0,0.0
-18.0,1.0,0.0,1.7863208030950517,0.0,1.707482713176833,0.007702933111161769,-4.413434013734854,-0.4312177912173086
-18.0,-1.0,-1.0,-1.7863208030950517,-1.8135834959288566,-1.628682971079142,-1.6385691500248742,-9.2437092925443,0.41268957680971097
-18.0,0.0,-1.0,0.0,-1.8135834959288566,0.0,-1.7127822117408544,-5.558127564255051,-0.0
-18.0,1.0,-1.0,1.7863208030950517,-1.8135834959288566,1.628682971079142,-1.6385691500248742,-9.2437092925443,-0.41268957680971097
-17.9,-1.0,1.0,-1.7861931437131806,1.8131627885838775,-1.650088121000847,1.6887188600076062,-7.2359321563477215,0.37819542156328473
-17.9,0.0,1.0,0.0,1.8131627885838775,0.0,1.7519259742911126,-3.377347840928956,0.0
-17.9,1.0,1.0,1.7861931437131806,1.8131627885838775,1.650088121000847,1.6887188600076062,-7.2359321563477215,-0.37819542156328473
-17.9,-1.0,0.0,-1.7861931437131806,0.0,-1.707367135071453,0.0076638197215270765,-4.413073072146176,0.4290588477792131
-17.9,0.0,0.0,0.0,0.0,0.0,-3.61799479264846e-11,0.0,0.0
-17.9,1.0,0.0,1.7861931437131806,0.0,1.707367135071453,0.0076638197215270765,-4.413073072146176,-0.4290588477792131
-17.9,-1.0,-1.0,-1.7861931437131806,-1.8131627885838775,-1.62863073818737,-1.638326754635433,-9.238019444511272,0.4106892361692447
-17.9,0.0,-1.0,0.0,-1.8131627885838775,0.0,-1.7124948198307446,-5.552064568441587,-0.0
-17.9,1.0,-1.0,1.7861931437131806,-1.8131627885838775,1.62863073818737,-1.638326754635433,-9.238019444511272,-0.4106892361692447
-17.8,-1.0,1.0,-1.7860660973354028,1.8127442030479202,-1.649929148987899,1.6882181239473537,-7.2402437250728315,0.37630294434562445
-17.8,0.0,1.0,0.0,1.8127442030479202,0.0,1.7514358486310333,-3.382074222816652,0.0
-17.8,1.0,1.0,1.7860660973354028,1.8127442030479202,1.649929148987899,1.6882181239473537,-7.2402437250728315,-0.37630294434562445
-17.8,-1.0,0.0,-1.7860660973354028,0.0,-1.707252131496703,0.007624644162440131,-4.412712718542764,0.4268959683975408
-17.8,0.0,0.0,0.0,0.0,0.0,-1.8034906901220893e-11,0.0,0.0
-17.8,1.0,0.0,1.7860660973354028,0.0,1.707252131496703,0.007624644162440131,-4.412712718542764,-0.4268959683975408
-17.8,-1.0,-1.0,-1.7860660973354028,-1.8127442030479202,-1.628579133673492,-1.638086457380282,-9.232321540533258,0.40868432281239864
-17.8,0.0,-1.0,0.0,-1.8127442030479202,0.0,-1.7122095695626949,-5.545991172730709,-0.0
-17.8,1.0,-1.0,1.7860660973354028,-1.8127442030479202,1.628579133673492,-1.638086457380282,-9.232321540533258,-0.40868432281239864
-17.7,-1.0,1.0,-1.7859396652401403,1.812327742340445,-1.649770594492683,1.6877191213716358,-7.2445669951365534,0.37440662899388083
-17.7,0.0,1.0,0.0,1.812327742340445,0.0,1.7509475956192369,-3.3868127318926087,0.0
-17.7,1.0,1.0,1.7859396652401403,1.812327742340445,1.649770594492683,1.6877191213716358,-7.2445669951365534,-0.37440662899388083
-17.7,-1.0,0.0,-1.7859396652401403,0.0,-1.707137703621383,0.007585406798097161,-4.412352956400762,0.42472917454785436
-17.7,0.0,0.0,0.0,0.0,0.0,-3.2569502650403592e-12,0.0,0.0
-17.7,1.0,0.0,1.7859396652401403,0.0,1.707137703621383,0.007585406798097161,-4.412352956400762,-0.42472917454785436
-17.7,-1.0,-1.0,-1.7859396652401403,-1.812327742340445,-1.628528158059933,-1.637848259870152,-9.22661563801336,0.40667485720904023
-17.7,0.0,-1.0,0.0,-1.812327742340445,0.0,-1.7119264629016429,-5.539907440204142,-0.0
-17.7,1.0,-1.0,1.7859396652401403,-1.812327742340445,1.628528158059933,-1.637848259870152,-9.22661563801336,-0.40667485720904023
-17.6,-1.0,1.0,-1.7858138486986441,1.8119134094614164,-1.649612459247033,1.6872218562549441,-7.2489019145869085,0.3725064976666458
-17.6,0.0,1.0,0.0,1.8119134094614164,0.0,1.750461219050902,-3.3915633103449974,0.0
-17.6,1.0,1.0,1.7858138486986441,1.8119134094614164,1.649612459247033,1.6872218562549441,-7.2489019145869085,-0.3725064976666458
-17.6,-1.0,0.0,-1.7858138486986441,0.0,-1.707023852607599,0.007546107992517648,-4.411993789188103,0.4225584877178905
-17.6,0.0,0.0,0.0,0.0,0.0,8.595790745857812e-12,0.0,0.0
-17.6,1.0,0.0,1.7858138486986441,0.0,1.707023852607599,0.007546107992517648,-4.411993789188103,-0.4225584877178905
-17.6,-1.0,-1.0,-1.7858138486986441,-1.8119134094614164,-1.628477811862918,-1.637612163699659,-9.220901794377612,0.40466085988901856
-17.6,0.0,-1.0,0.0,-1.8119134094614164,0.0,-1.711645501795743,-5.533813434024841,-0.0
-17.6,1.0,-1.0,1.7858138486986441,-1.8119134094614164,1.628477811862918,-1.637612163699659,-9.220901794377612,-0.40466085988901856
-17.5,-1.0,1.0,-1.7856886489750001,1.8115012073889947,-1.649454744976303,1.686726332550835,-7.2532484314033505,0.3706025725948389
-17.5,0.0,1.0,0.0,1.8115012073889947,0.0,1.749976722699466,-3.396325900229838,0.0
-17.5,1.0,1.0,1.7856886489750001,1.8115012073889947,1.649454744976303,1.686726332550835,-7.2532484314033505,-0.3706025725948389
-17.5,-1.0,0.0,-1.7856886489750001,0.0,-1.70691057961075,0.007506748109432859,-4.411635220365509,0.4203839294012309
-17.5,0.0,0.0,0.0,0.0,0.0,1.7924772777178077e-11,0.0,0.0
-17.5,1.0,0.0,1.7856886489750001,0.0,1.70691057961075,0.007506748109432859,-4.411635220365509,-0.4203839294012309
-17.5,-1.0,-1.0,-1.7856886489750001,-1.8115012073889947,-1.628428095592468,-1.6373781704474593,-9.21518006701157,0.40264235137956217
-17.5,0.0,-1.0,0.0,-1.8115012073889947,0.0,-1.7113666881765823,-5.52770921730387,-0.0
-17.5,1.0,-1.0,1.7856886489750001,-1.8115012073889947,1.628428095592468,-1.6373781704474593,-9.21518006701157,-0.40264235137956217
-17.4,-1.0,1.0,-1.7855640673261264,1.8110911390808138,-1.649297453399398,1.6862325541919512,-7.257606493528647,0.3686948760481571
-17.4,0.0,1.0,0.0,1.8110911390808138,0.0,1.7494941103166801,-3.401100443536822,0.0
-17.4,1.0,1.0,1.7855640673261264,1.8110911390808138,1.649297453399398,1.6862325541919512,-7.257606493528647,-0.3686948760481571
-17.4,-1.0,0.0,-1.7855640673261264,0.0,-1.706797885779551,0.007467327512315602,-4.411277253385112,0.4182055210988811
-17.4,0.0,0.0,0.0,0.0,0.0,2.5062618647098134e-11,0.0,0.0
-17.4,1.0,0.0,1.7855640673261264,0.0,1.706797885779551,0.007467327512315602,-4.411277253385112,-0.4182055210988811
-17.4,-1.0,-1.0,-1.7855640673261264,-1.8110911390808138,-1.628379009752404,-1.6371462816762112,-9.20945051329329,0.40061935223793227
-17.4,0.0,-1.0,0.0,-1.8110911390808138,0.0,-1.711090023959088,-5.521594853171191,-0.0
-17.4,1.0,-1.0,1.7855640673261264,-1.8110911390808138,1.628379009752404,-1.6371462816762112,-9.20945051329329,-0.40061935223793227
-17.3,-1.0,1.0,-1.785440105001779,1.810683207474142,-1.649140586228754,1.6857405250901158,-7.261976048871343,0.3667834303338348
-17.3,0.0,1.0,0.0,1.810683207474142,0.0,1.7490133856326984,-3.4058868821935673,0.0
-17.3,1.0,1.0,1.785440105001779,1.810683207474142,1.649140586228754,1.6857405250901158,-7.261976048871343,-0.3667834303338348
-17.3,-1.0,0.0,-1.785440105001779,0.0,-1.706685772256022,0.007427846564389995,-4.410919891691269,0.4160232843197277
-17.3,0.0,0.0,0.0,0.0,0.0,3.0312197196735724e-11,0.0,0.0
-17.3,1.0,0.0,1.785440105001779,0.0,1.706685772256022,0.007427846564389995,-4.410919891691269,-0.4160232843197277
-17.3,-1.0,-1.0,-1.785440105001779,-1.810683207474142,-1.628330554840355,-1.636916498932726,-9.203713190592682,0.398591883050846
-17.3,0.0,-1.0,0.0,-1.810683207474142,0.0,-1.7108155110416772,-5.515470404774875,-0.0
-17.3,1.0,-1.0,1.785440105001779,-1.810683207474142,1.628330554840355,-1.636916498932726,-9.203713190592682,-0.398591883050846
-17.2,-1.0,1.0,-1.78531676324456,1.8102774154853396,-1.648984145170337,1.6852502491363526,-7.266357045291766,0.3648682578109702
-17.2,0.0,1.0,0.0,1.8102774154853396,0.0,1.748534552356119,-3.4106851580351343,0.0
-17.2,1.0,1.0,1.78531676324456,1.8102774154853396,1.648984145170337,1.6852502491363526,-7.266357045291766,-0.3648682578109702
-17.2,-1.0,0.0,-1.78531676324456,0.0,-1.706574240175496,0.007388305628647007,-4.410563138720581,0.4138372405813191
-17.2,0.0,0.0,0.0,0.0,0.0,3.3939961952000886e-11,0.0,0.0
-17.2,1.0,0.0,1.78531676324456,0.0,1.706574240175496,0.007388305628647007,-4.410563138720581,-0.4138372405813191
-17.2,-1.0,-1.0,-1.78531676324456,-1.8102774154853396,-1.628282731347749,-1.6366888237478792,-9.197968156260073,0.3965599644224742
-17.2,0.0,-1.0,0.0,-1.8102774154853396,0.0,-1.7105431513061542,-5.509335935257549,-0.0
-17.2,1.0,-1.0,1.78531676324456,-1.8102774154853396,1.628282731347749,-1.6366888237478792,-9.197968156260073,-0.3965599644224742
-17.1,-1.0,1.0,-1.7851940432899016,1.8098737660105257,-1.648828131923644,1.6847617302009807,-7.270749430616459,0.36294938087521744
-17.1,0.0,1.0,0.0,1.8098737660105257,0.0,1.7480576141740531,-3.4154952128364675,0.0
-17.1,1.0,1.0,1.7851940432899016,1.8098737660105257,1.648828131923644,1.6847617302009807,-7.270749430616459,-0.36294938087521744
-17.1,-1.0,0.0,-1.7851940432899016,0.0,-1.7064632906666,0.007348705067847128,-4.4102069979020415,0.411647411409929
-17.1,0.0,0.0,0.0,0.0,0.0,3.622613320430901e-11,0.0,0.0
-17.1,1.0,0.0,1.7851940432899016,0.0,1.7064632906666,0.007348705067847128,-4.4102069979020415,-0.411647411409929
-17.1,-1.0,-1.0,-1.7851940432899016,-1.8098737660105257,-1.628235539759811,-1.636463257636636,-9.192215467641683,0.3945236169902102
-17.1,0.0,-1.0,0.0,-1.8098737660105257,0.0,-1.7102729466178839,-5.503191507780693,-0.0
-17.1,1.0,-1.0,1.7851940432899016,-1.8098737660105257,1.628235539759811,-1.636463257636636,-9.192215467641683,-0.3945236169902102
-17.0,-1.0,1.0,-1.7850719463660834,1.8094722619264214,-1.648672548181699,1.6842749721335937,-7.275153152661459,0.36102682193658037
-17.0,0.0,1.0,0.0,1.8094722619264214,0.0,1.7475825747521596,-3.420316988356156,0.0
-17.0,1.0,1.0,1.7850719463660834,1.8094722619264214,1.648672548181699,1.6842749721335937,-7.275153152661459,-0.36102682193658037
-17.0,-1.0,0.0,-1.7850719463660834,0.0,-1.706352924851299,0.007309045244482171,-4.40985147265547,0.40945381833832417
-17.0,0.0,0.0,0.0,0.0,0.0,3.737810061466007e-11,0.0,0.0
-17.0,1.0,0.0,1.7850719463660834,0.0,1.706352924851299,0.007309045244482171,-4.40985147265547,-0.40945381833832417
-17.0,-1.0,-1.0,-1.7850719463660834,-1.8094722619264214,-1.628188980555586,-1.636239802098208,-9.186455182096115,0.3924828614412048
-17.0,0.0,-1.0,0.0,-1.8094722619264214,0.0,-1.7100048988256922,-5.497037185573275,-0.0
-17.0,1.0,-1.0,1.7850719463660834,-1.8094722619264214,1.628188980555586,-1.636239802098208,-9.186455182096115,-0.3924828614412048
-16.9,-1.0,1.0,-1.7849504736942279,1.8090729060886535,-1.64851739563105,1.6837899787631714,-7.279568159185606,0.35910060346577993
-16.9,0.0,1.0,0.0,1.8090729060886535,0.0,1.7471094377347065,-3.4251504262432655,0.0
-16.9,1.0,1.0,1.7849504736942279,1.8090729060886535,1.64851739563105,1.6837899787631714,-7.279568159185606,-0.35910060346577993
-16.9,-1.0,0.0,-1.7849504736942279,0.0,-1.70624314384485,0.0072693265208299,-4.409496566393859,0.407256482908734
-16.9,0.0,0.0,0.0,0.0,0.0,3.760769473615255e-11,0.0,0.0
-16.9,1.0,0.0,1.7849504736942279,0.0,1.70624314384485,0.0072693265208299,-4.409496566393859,-0.407256482908734
-16.9,-1.0,-1.0,-1.7849504736942279,-1.8090729060886535,-1.628143054207917,-1.6360184586159754,-9.18068735695321,0.3904377184711085
-16.9,0.0,-1.0,0.0,-1.8090729060886535,0.0,-1.709739009762035,-5.490873031832944,-0.0
-16.9,1.0,-1.0,1.7849504736942279,-1.8090729060886535,1.628143054207917,-1.6360184586159754,-9.18068735695321,-0.3904377184711085
-16.8,-1.0,1.0,-1.784829626488313,1.808675701332474,-1.648362675951761,1.683306753898092,-7.283994397909632,0.35717074797614534
-16.8,0.0,1.0,0.0,1.808675701332474,0.0,1.74663820674464,-3.429995468072586,0.0
-16.8,1.0,1.0,1.784829626488313,1.808675701332474,1.648362675951761,1.683306753898092,-7.283994397909632,-0.35717074797614534
-16.8,-1.0,0.0,-1.784829626488313,0.0,-1.706133948755827,0.007229549258902068,-4.409142282522583,0.4050554266698468
-16.8,0.0,0.0,0.0,0.0,0.0,3.707079088144383e-11,0.0,0.0
-16.8,1.0,0.0,1.784829626488313,0.0,1.706133948755827,0.007229549258902068,-4.409142282522583,-0.4050554266698468
-16.8,-1.0,-1.0,-1.784829626488313,-1.808675701332474,-1.62809776118345,-1.6357992286575613,-9.17491204953,0.3883882087993576
-16.8,0.0,-1.0,0.0,-1.808675701332474,0.0,-1.709475281242967,-5.4846991097643825,-0.0
-16.8,1.0,-1.0,1.784829626488313,-1.808675701332474,1.62809776118345,-1.6357992286575613,-9.17491204953,-0.3883882087993576
-16.7,-1.0,1.0,-1.7847094059551538,1.8082806504739057,-1.648208390817416,1.6828253013261938,-7.288431816543831,0.3552372779948949
-16.7,0.0,1.0,0.0,1.8082806504739057,0.0,1.7461688853836168,-3.4348520554047273,0.0
-16.7,1.0,1.0,1.7847094059551538,1.8082806504739057,1.648208390817416,1.6828253013261938,-7.288431816543831,-0.3552372779948949
-16.7,-1.0,0.0,-1.7847094059551538,0.0,-1.706025340686133,0.0071897138205061495,-4.408788624437719,0.4028506711801804
-16.7,0.0,0.0,0.0,0.0,0.0,3.5920155738722315e-11,0.0,0.0
-16.7,1.0,0.0,1.7847094059551538,0.0,1.706025340686133,0.0071897138205061495,-4.408788624437719,-0.4028506711801804
-16.7,-1.0,-1.0,-1.7847094059551538,-1.8082806504739057,-1.62805310194265,-1.635582113674897,-9.16912931715677,0.38633435319643605
-16.7,0.0,-1.0,0.0,-1.8082806504739057,0.0,-1.709213715068159,-5.478515482637262,-0.0
-16.7,1.0,-1.0,1.7847094059551538,-1.8082806504739057,1.62805310194265,-1.635582113674897,-9.16912931715677,-0.38633435319643605
-16.6,-1.0,1.0,-1.7845898132944291,1.807887756308606,-1.648054541895117,1.6823456248148487,-7.292880362757696,0.3533002160947331
-16.6,0.0,1.0,0.0,1.807887756308606,0.0,1.7457014772320754,-3.439720129722226,0.0
-16.6,1.0,1.0,1.7845898132944291,1.807887756308606,1.648054541895117,1.6823456248148487,-7.292880362757696,-0.3533002160947331
-16.6,-1.0,0.0,-1.7845898132944291,0.0,-1.705917320730977,0.007149820567168952,-4.408435595528774,0.4006422380037056
-16.6,0.0,0.0,0.0,0.0,0.0,3.4279246108326333e-11,0.0,0.0
-16.6,1.0,0.0,1.7845898132944291,0.0,1.705917320730977,0.007149820567168952,-4.408435595528774,-0.4006422380037056
-16.6,-1.0,-1.0,-1.7845898132944291,-1.807887756308606,-1.628009076939777,-1.635367115104153,-9.163339217150803,0.3842761724555169
-16.6,0.0,-1.0,0.0,-1.807887756308606,0.0,-1.7089543130209601,-5.47232221372254,-0.0
-16.6,1.0,-1.0,1.7845898132944291,-1.807887756308606,1.628009076939777,-1.635367115104153,-9.163339217150803,-0.3842761724555169
-16.5,-1.0,1.0,-1.7844708496986628,1.8074970216129937,-1.647901130845465,1.6818677281109826,-7.297339984208834,0.3513595848649722
-16.5,0.0,1.0,0.0,1.8074970216129937,0.0,1.745235985849305,-3.4445996324866757,0.0
-16.5,1.0,1.0,1.7844708496986628,1.8074970216129937,1.647901130845465,1.6818677281109826,-7.297339984208834,-0.3513595848649722
-16.5,-1.0,0.0,-1.7844708496986628,0.0,-1.705809889978892,0.0071098698602560795,-4.408083199176603,0.3984301487164499
-16.5,0.0,0.0,0.0,0.0,0.0,3.228795009135865e-11,0.0,0.0
-16.5,1.0,0.0,1.7844708496986628,0.0,1.705809889978892,0.0071098698602560795,-4.408083199176603,-0.3984301487164499
-16.5,-1.0,-1.0,-1.7844708496986628,-1.8074970216129937,-1.627965686622917,-1.635154234365881,-9.157541806839378,0.38221368741765044
-16.5,0.0,-1.0,0.0,-1.8074970216129937,0.0,-1.708697076868435,-5.4661193663484156,-0.0
-16.5,1.0,-1.0,1.7844708496986628,-1.8074970216129937,1.627965686622917,-1.635154234365881,-9.157541806839378,-0.38221368741765044
-16.4,-1.0,1.0,-1.784352516353234,1.8071084491429978,-1.647748159322582,1.6813916149411305,-7.301810628509061,0.3494154069445728
-16.4,0.0,1.0,0.0,1.8071084491429978,0.0,1.74477241477345,-3.4494905050723452,0.0
-16.4,1.0,1.0,1.784352516353234,1.8071084491429978,1.647748159322582,1.6813916149411305,-7.301810628509061,-0.3494154069445728
-16.4,-1.0,0.0,-1.784352516353234,0.0,-1.70570304951173,0.007069862060832044,-4.407731438754251,0.39621442489856523
-16.4,0.0,0.0,0.0,0.0,0.0,3.005817816870149e-11,0.0,0.0
-16.4,1.0,0.0,1.784352516353234,0.0,1.70570304951173,0.007069862060832044,-4.407731438754251,-0.39621442489856523
-16.4,-1.0,-1.0,-1.784352516353234,-1.8071084491429978,-1.62792293143396,-1.634943472865002,-9.1517371435285,0.3801469189393822
-16.4,0.0,-1.0,0.0,-1.8071084491429978,0.0,-1.708442008361374,-5.459907003833407,-0.0
-16.4,1.0,-1.0,1.784352516353234,-1.8071084491429978,1.62792293143396,-1.634943472865002,-9.1517371435285,-0.3801469189393822
-16.3,-1.0,1.0,-1.7842348144363913,1.8067220416357443,-1.647595628974096,1.680917289011505,-7.30629224326723,0.34746770498089813
-16.3,0.0,1.0,0.0,1.8067220416357443,0.0,1.744310767521633,-3.4543926888502656,0.0
-16.3,1.0,1.0,1.7842348144363913,1.8067220416357443,1.647595628974096,1.680917289011505,-7.30629224326723,-0.34746770498089813
-16.3,-1.0,0.0,-1.7842348144363913,0.0,-1.70559680040467,0.007029797529757964,-4.407380317627179,0.39399508813970513
-16.3,0.0,0.0,0.0,0.0,0.0,2.765121465131415e-11,0.0,0.0
-16.3,1.0,0.0,1.7842348144363913,0.0,1.70559680040467,0.007029797529757964,-4.407380317627179,-0.39399508813970513
-16.3,-1.0,-1.0,-1.7842348144363913,-1.8067220416357443,-1.627880811808611,-1.6347348319908428,-9.14592528454455,0.37807588793347263
-16.3,0.0,-1.0,0.0,-1.8067220416357443,0.0,-1.7081891092343509,-5.453685189570453,-0.0
-16.3,1.0,-1.0,1.7842348144363913,-1.8067220416357443,1.627880811808611,-1.6347348319908428,-9.14592528454455,-0.37807588793347263
-16.2,-1.0,1.0,-1.7841177451192292,1.8063378018074072,-1.647443541441132,1.6804447540080052,-7.310784776033364,0.34551650168457027
-16.2,0.0,1.0,0.0,1.8063378018074072,0.0,1.743851047589915,-3.4593061250763024,0.0
-16.2,1.0,1.0,1.7841177451192292,1.8063378018074072,1.647443541441132,1.6804447540080052,-7.310784776033364,-0.34551650168457027
-16.2,-1.0,0.0,-1.7841177451192292,0.0,-1.705491143726216,0.006989676627665364,-4.407029839152168,0.3917721600374676
-16.2,0.0,0.0,0.0,0.0,0.0,2.5145219240130245e-11,0.0,0.0
-16.2,1.0,0.0,1.7841177451192292,0.0,1.705491143726216,0.006989676627665364,-4.407029839152168,-0.3917721600374676
-16.2,-1.0,-1.0,-1.7841177451192292,-1.8063378018074072,-1.62783932817638,-1.63452831311715,-9.14010628717812,0.3760006153144928
-16.2,0.0,-1.0,0.0,-1.8063378018074072,0.0,-1.7079383812057758,-5.44745398691063,-0.0
-16.2,1.0,-1.0,1.7841177451192292,-1.8063378018074072,1.62783932817638,-1.63452831311715,-9.14010628717812,-0.3760006153144928
-16.1,-1.0,1.0,-1.784001309565717,1.8059557323563613,-1.647291898358323,1.6799740135963064,-7.315288174378493,0.3435618197507098
-16.1,0.0,1.0,0.0,1.8059557323563613,0.0,1.743393258453486,-3.464230755049882,0.0
-16.1,1.0,1.0,1.784001309565717,1.8059557323563613,1.647291898358323,1.6799740135963064,-7.315288174378493,-0.3435618197507098
-16.1,-1.0,0.0,-1.784001309565717,0.0,-1.705386080538184,0.006949499714961949,-4.406680006679507,0.38954566219761794
-16.1,0.0,0.0,0.0,0.0,0.0,2.2605028959787887e-11,0.0,0.0
-16.1,1.0,0.0,1.784001309565717,0.0,1.705386080538184,0.006949499714961949,-4.406680006679507,-0.38954566219761794
-16.1,-1.0,-1.0,-1.784001309565717,-1.8059557323563613,-1.627798480960604,-1.634323917602139,-9.134280208762927,0.3739211220758355
-16.1,0.0,-1.0,0.0,-1.8059557323563613,0.0,-1.707689825977913,-5.441213459326254,-0.0
-16.1,1.0,-1.0,1.784001309565717,-1.8059557323563613,1.627798480960604,-1.634323917602139,-9.134280208762927,-0.3739211220758355
-16.0,-1.0,1.0,-1.78388550893268,1.8055758359604024,-1.647140701353798,1.679505071421904,-7.319802385821679,0.3416036819311825
-16.0,0.0,1.0,0.0,1.8055758359604024,0.0,1.7429374035665623,-3.4691665199718447,0.0
-16.0,1.0,1.0,1.78388550893268,1.8055758359604024,1.647140701353798,1.679505071421904,-7.319802385821679,-0.3416036819311825
-16.0,-1.0,0.0,-1.78388550893268,0.0,-1.705281611895737,0.006909267151817833,-4.406330823550026,0.38731561623322625
-16.0,0.0,0.0,0.0,0.0,0.0,2.0101253994653234e-11,0.0,0.0
-16.0,1.0,0.0,1.78388550893268,0.0,1.705281611895737,0.006909267151817833,-4.406330823550026,-0.38731561623322625
-16.0,-1.0,-1.0,-1.78388550893268,-1.8055758359604024,-1.627758270578432,-1.6341216467885418,-9.128447106602772,0.37183742921837576
-16.0,0.0,-1.0,0.0,-1.8055758359604024,0.0,-1.7074434452368368,-5.434963670266892,-0.0
-16.0,1.0,-1.0,1.78388550893268,-1.8055758359604024,1.627758270578432,-1.6341216467885418,-9.128447106602772,-0.37183742921837576
-15.899999999999999,-1.0,1.0,-1.783770344369813,1.805198115278559,-1.646989952049183,1.6790379311101198,-7.324327357877403,0.33964211098800035
-15.899999999999999,0.0,1.0,0.0,1.805198115278559,0.0,1.742483486362579,-3.4741133610314257,0.0
-15.899999999999999,1.0,1.0,1.783770344369813,1.805198115278559,1.646989952049183,1.6790379311101198,-7.324327357877403,-0.33964211098800035
-15.899999999999999,-1.0,0.0,-1.783770344369813,0.0,-1.705177738847354,0.006868979298169986,-4.405982293097545,0.38508204376481675
-15.899999999999999,0.0,0.0,0.0,0.0,0.0,1.7640999772083887e-11,0.0,0.0
-15.899999999999999,1.0,0.0,1.783770344369813,0.0,1.705177738847354,0.006868979298169986,-4.405982293097545,-0.38508204376481675
-15.899999999999999,-1.0,-1.0,-1.783770344369813,-1.805198115278559,-1.627718697440824,-1.633921502003616,-9.122607038017549,0.3697495577947387
-15.899999999999999,0.0,-1.0,0.0,-1.805198115278559,0.0,-1.707199240652597,-5.42870468324413,-0.0
-15.899999999999999,1.0,-1.0,1.783770344369813,-1.805198115278559,1.627718697440824,-1.633921502003616,-9.122607038017549,-0.3697495577947387
-15.8,-1.0,1.0,-1.7836558170196888,1.8048225729500622,-1.646839652059601,1.678572596266234,-7.328863038025759,0.3376771297232743
-15.8,0.0,1.0,0.0,1.8048225729500622,0.0,1.7420315102541422,-3.479071219354559,0.0
-15.8,1.0,1.0,1.7836558170196888,1.8048225729500622,1.646839652059601,1.678572596266234,-7.328863038025759,-0.3376771297232743
-15.8,-1.0,0.0,-1.7836558170196888,0.0,-1.705074462434853,0.006828636513743991,-4.405634418647951,0.3828449664214906
-15.8,0.0,0.0,0.0,0.0,0.0,1.5297985100914957e-11,0.0,0.0
-15.8,1.0,0.0,1.7836558170196888,0.0,1.705074462434853,0.006828636513743991,-4.405634418647951,-0.3828449664214906
-15.8,-1.0,-1.0,-1.7836558170196888,-1.8048225729500622,-1.627679761952561,-1.6337234845591517,-9.116760060316103,0.36765752888284675
-15.8,0.0,-1.0,0.0,-1.8048225729500622,0.0,-1.706957213879178,-5.422436561778977,-0.0
-15.8,1.0,-1.0,1.7836558170196888,-1.8048225729500622,1.627679761952561,-1.6337234845591517,-9.116760060316103,-0.36765752888284675
-15.7,-1.0,1.0,-1.7835419280177427,1.8044492115949806,-1.646689802993668,1.6781090704754056,-7.333409373731138,0.3357087609599119
-15.7,0.0,1.0,0.0,1.8044492115949806,0.0,1.7415814786331416,-3.4840400360323383,0.0
-15.7,1.0,1.0,1.7835419280177427,1.8044492115949806,1.646689802993668,1.6781090704754056,-7.333409373731138,-0.3357087609599119
-15.7,-1.0,0.0,-1.7835419280177427,0.0,-1.704971783693374,0.006788239158038056,-4.405287203519395,0.38060440583993527
-15.7,0.0,0.0,0.0,0.0,0.0,1.3074874516405544e-11,0.0,0.0
-15.7,1.0,0.0,1.7835419280177427,0.0,1.704971783693374,0.006788239158038056,-4.405287203519395,-0.38060440583993527
-15.7,-1.0,-1.0,-1.7835419280177427,-1.8044492115949806,-1.627641464512247,-1.6335275957516062,-9.110906230807771,0.36556136359810554
-15.7,0.0,-1.0,0.0,-1.8044492115949806,0.0,-1.70671736655455,-5.416159369431287,-0.0
-15.7,1.0,-1.0,1.7835419280177427,-1.8044492115949806,1.627641464512247,-1.6335275957516062,-9.110906230807771,-0.36556136359810554
-15.6,-1.0,1.0,-1.7834286784922802,1.8040780338148776,-1.646540406453485,1.6776473573029245,-7.337966312453023,0.3337370275316666
-15.6,0.0,1.0,0.0,1.8040780338148776,0.0,1.741133394870777,-3.4890197521555533,0.0
-15.6,1.0,1.0,1.7834286784922802,1.8040780338148776,1.646540406453485,1.6776473573029245,-7.337966312453023,-0.3337370275316666
-15.6,-1.0,0.0,-1.7834286784922802,0.0,-1.704869703651407,0.006747787590295928,-4.404940651020999,0.3783603836628075
-15.6,0.0,0.0,0.0,0.0,0.0,1.09978692819368e-11,0.0,0.0
-15.6,1.0,0.0,1.7834286784922802,0.0,1.704869703651407,0.006747787590295928,-4.404940651020999,-0.3783603836628075
-15.6,-1.0,-1.0,-1.7834286784922802,-1.8040780338148776,-1.627603805512296,-1.6333338368619863,-9.10504560682254,0.36346108311207437
-15.6,0.0,-1.0,0.0,-1.8040780338148776,0.0,-1.7064797003006862,-5.409873169832427,-0.0
-15.6,1.0,-1.0,1.7834286784922802,-1.8040780338148776,1.627603805512296,-1.6333338368619863,-9.10504560682254,-0.36346108311207437
-15.5,-1.0,1.0,-1.7833160695645023,1.8037090421918034,-1.64639146403465,1.6771874602940036,-7.342533801626323,0.3317619523031917
-15.5,0.0,1.0,0.0,1.8037090421918034,0.0,1.7406872623176337,-3.4940103087573284,0.0
-15.5,1.0,1.0,1.7833160695645023,1.8037090421918034,1.64639146403465,1.6771874602940036,-7.342533801626323,-0.3317619523031917
-15.5,-1.0,0.0,-1.7833160695645023,0.0,-1.704768223330761,0.006707282169587048,-4.404594764456036,0.3761129215431233
-15.5,0.0,0.0,0.0,0.0,0.0,9.094947017729282e-12,0.0,0.0
-15.5,1.0,0.0,1.7833160695645023,0.0,1.704768223330761,0.006707282169587048,-4.404594764456036,-0.3761129215431233
-15.5,-1.0,-1.0,-1.7833160695645023,-1.8037090421918034,-1.627566785338947,-1.6331422091559769,-9.099178245681387,0.3613567086229187
-15.5,0.0,-1.0,0.0,-1.8037090421918034,0.0,-1.706244216723611,-5.403578026628765,-0.0
-15.5,1.0,-1.0,1.7833160695645023,-1.8037090421918034,1.627566785338947,-1.6331422091559769,-9.099178245681387,-0.3613567086229187
-15.399999999999999,-1.0,1.0,-1.7832041023484675,1.8033422392886411,-1.64624297732625,1.6767293829740564,-7.347111788662184,0.3297835581676145
-15.399999999999999,0.0,1.0,0.0,1.8033422392886411,0.0,1.7402430843037036,-3.49901164683128,0.0
-15.399999999999999,1.0,1.0,1.7832041023484675,1.8033422392886411,1.64624297732625,1.6767293829740564,-7.347111788662184,-0.3297835581676145
-15.399999999999999,-1.0,0.0,-1.7832041023484675,0.0,-1.704667343746602,0.006666723254735052,-4.404249547117637,0.37386204114016025
-15.399999999999999,0.0,0.0,0.0,0.0,0.0,7.34101668342646e-12,0.0,0.0
-15.399999999999999,1.0,0.0,1.7832041023484675,0.0,1.704667343746602,0.006666723254735052,-4.404249547117637,-0.37386204114016025
-15.399999999999999,-1.0,-1.0,-1.7832041023484675,-1.8033422392886411,-1.627530404372263,-1.6329527138839979,-9.09330420470209,0.35924826136298904
-15.399999999999999,0.0,-1.0,0.0,-1.8033422392886411,0.0,-1.706010917413429,-5.39727400349731,-0.0
-15.399999999999999,1.0,-1.0,1.7832041023484675,-1.8033422392886411,1.627530404372263,-1.6329527138839979,-9.09330420470209,-0.35924826136298904
-15.3,-1.0,1.0,-1.7830927779511285,1.8029776276494802,-1.646094947910845,1.6762731288486077,-7.3517002209618845,0.32780186803537537
-15.3,0.0,1.0,0.0,1.8029776276494802,0.0,1.7398008641384812,-3.504023707346927,0.0
-15.3,1.0,1.0,1.7830927779511285,1.8029776276494802,1.646094947910845,1.6762731288486077,-7.3517002209618845,-0.32780186803537537
-15.3,-1.0,0.0,-1.7830927779511285,0.0,-1.704567065907415,0.006626111204316887,-4.403905002292918,0.3716077641192991
-15.3,0.0,0.0,0.0,0.0,0.0,5.7840399136921405e-12,0.0,0.0
-15.3,1.0,0.0,1.7830927779511285,0.0,1.704567065907415,0.006626111204316887,-4.403905002292918,-0.3716077641192991
-15.3,-1.0,-1.0,-1.7830927779511285,-1.8029776276494802,-1.627494662986124,-1.632765352281128,-9.087423541211557,0.3571357626086563
-15.3,0.0,-1.0,0.0,-1.8029776276494802,0.0,-1.7057798039443692,-5.390961164161897,-0.0
-15.3,1.0,-1.0,1.7830927779511285,-1.8029776276494802,1.627494662986124,-1.632765352281128,-9.087423541211557,-0.3571357626086563
-15.2,-1.0,1.0,-1.7829820974723163,1.802615209799261,-1.645947377364481,1.6758187014033694,-7.356299045905115,0.32581690484428394
-15.2,0.0,1.0,0.0,1.802615209799261,0.0,1.7393606051109547,-3.5090464312320027,0.0
-15.2,1.0,1.0,1.7829820974723163,1.802615209799261,1.645947377364481,1.6758187014033694,-7.356299045905115,-0.32581690484428394
-15.2,-1.0,0.0,-1.7829820974723163,0.0,-1.704467390815041,0.0065854463767109905,-4.403561133260027,0.36935011215463087
-15.2,0.0,0.0,0.0,0.0,0.0,4.3940406868614446e-12,0.0,0.0
-15.2,1.0,0.0,1.7829820974723163,0.0,1.704467390815041,0.0065854463767109905,-4.403561133260027,-0.36935011215463087
-15.2,-1.0,-1.0,-1.7829820974723163,-1.802615209799261,-1.627459561548231,-1.632580125567225,-9.081536312532325,0.3550192336680827
-15.2,0.0,-1.0,0.0,-1.802615209799261,0.0,-1.7055508778748272,-5.384639572371235,-0.0
-15.2,1.0,-1.0,1.7829820974723163,-1.802615209799261,1.627459561548231,-1.632580125567225,-9.081536312532325,-0.3550192336680827
-15.1,-1.0,1.0,-1.7828720620047571,1.8022549882446004,-1.645800267256703,1.6753661041043344,-7.360908210869137,0.3238286915404025
-15.1,0.0,1.0,0.0,1.8022549882446004,0.0,1.738922310489749,-3.5140797594094852,0.0
-15.1,1.0,1.0,1.7828720620047571,1.8022549882446004,1.645800267256703,1.6753661041043344,-7.360908210869137,-0.3238286915404025
-15.1,-1.0,0.0,-1.7828720620047571,0.0,-1.70436831946466,0.006544729130099958,-4.4032179432899605,0.36708910692900265
-15.1,0.0,0.0,0.0,0.0,0.0,3.1938895972416503e-12,0.0,0.0
-15.1,1.0,0.0,1.7828720620047571,0.0,1.70436831946466,0.006544729130099958,-4.4032179432899605,-0.36708910692900265
-15.1,-1.0,-1.0,-1.7828720620047571,-1.8022549882446004,-1.627425100420123,-1.632397034946931,-9.075642576003007,0.35289869590135803
-15.1,0.0,-1.0,0.0,-1.8022549882446004,0.0,-1.7053241407472932,-5.378309291945309,-0.0
-15.1,1.0,-1.0,1.7828720620047571,-1.8022549882446004,1.627425100420123,-1.632397034946931,-9.075642576003007,-0.35289869590135803
-15.0,-1.0,1.0,-1.782762672634057,1.8018969654733574,-1.645653619150516,1.6749153403978134,-7.365527663217543,0.32183725109053435
-15.0,0.0,1.0,0.0,1.8018969654733574,0.0,1.7384859835230981,-3.5191236327767093,0.0
-15.0,1.0,1.0,1.782762672634057,1.8018969654733574,1.645653619150516,1.6749153403978134,-7.365527663217543,-0.32183725109053435
-15.0,-1.0,0.0,-1.782762672634057,0.0,-1.704269852844794,0.0065039598223950446,-4.402875435645559,0.36482477012968595
-15.0,0.0,0.0,0.0,0.0,0.0,2.1800339311539574e-12,0.0,0.0
-15.0,1.0,0.0,1.782762672634057,0.0,1.704269852844794,0.0065039598223950446,-4.402875435645559,-0.36482477012968595
-15.0,-1.0,-1.0,-1.782762672634057,-1.8018969654733574,-1.627391279957143,-1.6322160816096531,-9.069742388967759,0.35077417070909683
-15.0,0.0,-1.0,0.0,-1.8018969654733574,0.0,-1.705099594088564,-5.3719703867398865,-0.0
-15.0,1.0,-1.0,1.782762672634057,-1.8018969654733574,1.627391279957143,-1.6322160816096531,-9.069742388967759,-0.35077417070909683
-14.899999999999999,-1.0,1.0,-1.7826539304387112,1.8015411439542595,-1.645507434602417,1.6744664137104213,-7.370157350290704,0.3198426064903525
-14.899999999999999,0.0,1.0,0.0,1.8015411439542595,0.0,1.738051627438911,-3.5241779921824743,0.0
-14.899999999999999,1.0,1.0,1.7826539304387112,1.8015411439542595,1.645507434602417,1.6744664137104213,-7.370157350290704,-0.3198426064903525
-14.899999999999999,-1.0,0.0,-1.7826539304387112,0.0,-1.704171991937326,0.006463138811291902,-4.402533613580898,0.3625571234513994
-14.899999999999999,0.0,0.0,0.0,0.0,0.0,1.3289369604763124e-12,0.0,0.0
-14.899999999999999,1.0,0.0,1.7826539304387112,0.0,1.704171991937326,0.006463138811291902,-4.402533613580898,-0.3625571234513994
-14.899999999999999,-1.0,-1.0,-1.7826539304387112,-1.8015411439542595,-1.627358100508463,-1.632037266729686,-9.063835808762317,0.34864567951960196
-14.899999999999999,0.0,-1.0,0.0,-1.8015411439542595,0.0,-1.70487723940961,-5.365622920633325,-0.0
-14.899999999999999,1.0,-1.0,1.7826539304387112,-1.8015411439542595,1.627358100508463,-1.632037266729686,-9.063835808762317,-0.34864567951960196
-14.8,-1.0,1.0,-1.7825458364901225,1.8011875261369603,-1.645361715162371,1.6740193274491646,-7.3747972194063065,0.31784478076603295
-14.8,0.0,1.0,0.0,1.8011875261369603,0.0,1.7376192454448742,-3.529242778425306,0.0
-14.8,1.0,1.0,1.7825458364901225,1.8011875261369603,1.645361715162371,1.6740193274491646,-7.3747972194063065,-0.31784478076603295
-14.8,-1.0,0.0,-1.7825458364901225,0.0,-1.704074737717464,0.006422266454316983,-4.4021924803442944,0.3602861885988069
-14.8,0.0,0.0,0.0,0.0,0.0,6.430411758628907e-13,0.0,0.0
-14.8,1.0,0.0,1.7825458364901225,0.0,1.704074737717464,0.006422266454316983,-4.4021924803442944,-0.3602861885988069
-14.8,-1.0,-1.0,-1.7825458364901225,-1.8011875261369603,-1.6273255624171,-1.6318605914661979,-9.057922892715393,0.3465132437901779
-14.8,0.0,-1.0,0.0,-1.8011875261369603,0.0,-1.704657078205754,-5.3592669575186855,-0.0
-14.8,1.0,-1.0,1.7825458364901225,-1.8011875261369603,1.6273255624171,-1.6318605914661979,-9.057922892715393,-0.3465132437901779
-14.7,-1.0,1.0,-1.7824383918525704,1.8008361144538787,-1.64521646237383,1.6735740850015253,-7.379447217903643,0.3158437969273183
-14.7,0.0,1.0,0.0,1.8008361144538787,0.0,1.7371888407284515,-3.534317932352711,0.0
-14.7,1.0,1.0,1.7824383918525704,1.8008361144538787,1.64521646237383,1.6735740850015253,-7.379447217903643,-0.3158437969273183
-14.7,-1.0,0.0,-1.7824383918525704,0.0,-1.703978091153787,0.006381343108722959,-4.401852039174043,0.35801198728055533
-14.7,0.0,0.0,0.0,0.0,0.0,1.1191048088221578e-13,0.0,0.0
-14.7,1.0,0.0,1.7824383918525704,0.0,1.703978091153787,0.006381343108722959,-4.401852039174043,-0.35801198728055533
-14.7,-1.0,-1.0,-1.7824383918525704,-1.8008361144538787,-1.627293666019872,-1.631686056963196,-9.052003698196616,0.3443768850533812
-14.7,0.0,-1.0,0.0,-1.8008361144538787,0.0,-1.704439111956533,-5.352902561407098,-0.0
-14.7,1.0,-1.0,1.7824383918525704,-1.8008361144538787,1.627293666019872,-1.631686056963196,-9.052003698196616,-0.3443768850533812
-14.6,-1.0,1.0,-1.782331597583251,1.8004869113175204,-1.645071677773704,1.673130689735481,-7.384107293075923,0.31383967803857277
-14.6,0.0,1.0,0.0,1.8004869113175204,0.0,1.7367604164569574,-3.5394033947145203,0.0
-14.6,1.0,1.0,1.782331597583251,1.8004869113175204,1.645071677773704,1.673130689735481,-7.384107293075923,-0.31383967803857277
-14.6,-1.0,0.0,-1.782331597583251,0.0,-1.703882053208214,0.006340369131573986,-4.401512293302242,0.35573454121394676
-14.6,0.0,0.0,0.0,0.0,0.0,-2.580158309228864e-13,0.0,0.0
-14.6,1.0,0.0,1.782331597583251,0.0,1.703882053208214,0.006340369131573986,-4.401512293302242,-0.35573454121394676
-14.6,-1.0,-1.0,-1.782331597583251,-1.8004869113175204,-1.62726241164744,-1.6315136643496602,-9.046078282543615,0.34223662484560663
-14.6,0.0,-1.0,0.0,-1.8004869113175204,0.0,-1.704223342125879,-5.346529796276038,-0.0
-14.6,1.0,-1.0,1.782331597583251,-1.8004869113175204,1.62726241164744,-1.6315136643496602,-9.046078282543615,-0.34223662484560663
-14.5,-1.0,1.0,-1.7822254547322522,1.8001399191225609,-1.644927362892399,1.6726891449995291,-7.388777392222192,0.3118324471635266
-14.5,0.0,1.0,0.0,1.8001399191225609,0.0,1.7363339757775984,-3.544499106272989,0.0
-14.5,1.0,1.0,1.7822254547322522,1.8001399191225609,1.644927362892399,1.6726891449995291,-7.388777392222192,-0.3118324471635266
-14.5,-1.0,0.0,-1.7822254547322522,0.0,-1.703786624836028,0.006299344879691082,-4.401173245952108,0.3534538721217763
-14.5,0.0,0.0,0.0,0.0,0.0,-4.949374243778948e-13,0.0,0.0
-14.5,1.0,0.0,1.7822254547322522,0.0,1.703786624836028,0.006299344879691082,-4.401173245952108,-0.3534538721217763
-14.5,-1.0,-1.0,-1.7822254547322522,-1.8001399191225609,-1.627231799624289,-1.6313434147395398,-9.040146703114756,0.3400924847592208
-14.5,0.0,-1.0,0.0,-1.8001399191225609,0.0,-1.7040097701620627,-5.340148726180949,-0.0
-14.5,1.0,-1.0,1.7822254547322522,-1.8001399191225609,1.627231799624289,-1.6313434147395398,-9.040146703114756,-0.3400924847592208
-14.399999999999999,-1.0,1.0,-1.7821199643425665,1.7997951402451395,-1.644783519253771,1.672249454122742,-7.3934574626294856,0.30982212738615317
-14.399999999999999,0.0,1.0,0.0,1.7997951402451395,0.0,1.735909521817535,-3.549605007762325,0.0
-14.399999999999999,1.0,1.0,1.7821199643425665,1.7997951402451395,1.644783519253771,1.672249454122742,-7.3934574626294856,-0.30982212738615317
-14.399999999999999,-1.0,0.0,-1.7821199643425665,0.0,-1.703691806985864,0.006258270709695868,-4.400834900339331,0.3511700017346799
-14.399999999999999,0.0,0.0,0.0,0.0,0.0,-6.270539643082884e-13,0.0,0.0
-14.399999999999999,1.0,0.0,1.7821199643425665,0.0,1.703691806985864,0.006258270709695868,-4.400834900339331,-0.3511700017346799
-14.399999999999999,-1.0,-1.0,-1.7821199643425665,-1.7997951402451395,-1.627201830268729,-1.631175309231748,-9.034209017271083,0.33794448642407376
-14.399999999999999,0.0,-1.0,0.0,-1.7997951402451395,0.0,-1.703798397497811,-5.333759415210631,-0.0
-14.399999999999999,1.0,-1.0,1.7821199643425665,-1.7997951402451395,1.627201830268729,-1.631175309231748,-9.034209017271083,-0.33794448642407376
-14.3,-1.0,1.0,-1.7820151274500957,1.7994525770431569,-1.644640148375167,1.6718116204148898,-7.398147451576433,0.30780874180493434
-14.3,0.0,1.0,0.0,1.7994525770431569,0.0,1.7354870576839787,-3.554721039900128,0.0
-14.3,1.0,1.0,1.7820151274500957,1.7994525770431569,1.644640148375167,1.6718116204148898,-7.398147451576433,-0.30780874180493434
-14.3,-1.0,0.0,-1.7820151274500957,0.0,-1.70359760059971,0.006217146978005905,-4.4004972596722105,0.3488829517907677
-14.3,0.0,0.0,0.0,0.0,0.0,-6.130651541980114e-13,0.0,0.0
-14.3,1.0,0.0,1.7820151274500957,0.0,1.70359760059971,0.006217146978005905,-4.4004972596722105,-0.3488829517907677
-14.3,-1.0,-1.0,-1.7820151274500957,-1.7994525770431569,-1.627172503892906,-1.631009348910163,-9.028265282383142,0.3357926515147056
-14.3,0.0,-1.0,0.0,-1.7994525770431569,0.0,-1.70358922555017,-5.32736192750957,-0.0
-14.3,1.0,-1.0,1.7820151274500957,-1.7994525770431569,1.627172503892906,-1.631009348910163,-9.028265282383142,-0.3357926515147056
-14.2,-1.0,1.0,-1.7819109450836454,1.799112231855462,-1.644497251767393,1.6713756471663421,-7.402847306316105,0.30579231355133735
-14.2,0.0,1.0,0.0,1.799112231855462,0.0,1.7350665864641073,-3.5598471433493115,0.0
-14.2,1.0,1.0,1.7819109450836454,1.799112231855462,1.644497251767393,1.6713756471663421,-7.402847306316105,-0.30579231355133735
-14.2,-1.0,0.0,-1.7819109450836454,0.0,-1.703504006612925,0.006175974040780963,-4.400160327150352,0.34659274403250573
-14.2,0.0,0.0,0.0,0.0,0.0,-5.229150445984487e-13,0.0,0.0
-14.2,1.0,0.0,1.7819109450836454,0.0,1.703504006612925,0.006175974040780963,-4.400160327150352,-0.34659274403250573
-14.2,-1.0,-1.0,-1.7819109450836454,-1.799112231855462,-1.627143820802788,-1.630845534843797,-9.022315555805184,0.33363700172439503
-14.2,0.0,-1.0,0.0,-1.799112231855462,0.0,-1.7033822557207647,-5.3209563272197276,-0.0
-14.2,1.0,-1.0,1.7819109450836454,-1.799112231855462,1.627143820802788,-1.630845534843797,-9.022315555805184,-0.33363700172439503
-14.1,-1.0,1.0,-1.781807418264938,1.798774107003438,-1.644354830934722,1.67094153764826,-7.40755697411217,0.30377286575390255
-14.1,0.0,1.0,0.0,1.798774107003438,0.0,1.7346481112252885,-3.564983258791534,0.0
-14.1,1.0,1.0,1.781807418264938,1.798774107003438,1.644354830934722,1.67094153764826,-7.40755697411217,-0.30377286575390255
-14.1,-1.0,0.0,-1.781807418264938,0.0,-1.703411025954215,0.006134752253984965,-4.399824105966659,0.3442994002100841
-14.1,0.0,0.0,0.0,0.0,0.0,-3.3217872896784684e-13,0.0,0.0
-14.1,1.0,0.0,1.781807418264938,0.0,1.703411025954215,0.006134752253984965,-4.399824105966659,-0.3442994002100841
-14.1,-1.0,-1.0,-1.781807418264938,-1.798774107003438,-1.62711578129818,-1.6306838680866491,-9.016359894919306,0.33147755880875845
-14.1,0.0,-1.0,0.0,-1.798774107003438,0.0,-1.7031774893956153,-5.314542678573255,-0.0
-14.1,1.0,-1.0,1.781807418264938,-1.798774107003438,1.62711578129818,-1.6306838680866491,-9.016359894919306,-0.33147755880875845
-14.0,-1.0,1.0,-1.7817045480086093,1.7984382047901404,-1.644212887374906,1.6705092951125722,-7.412276402217201,0.3017504215588979
-14.0,0.0,1.0,0.0,1.7984382047901404,0.0,1.7342316350150213,-3.57012932688512,0.0
-14.0,1.0,1.0,1.7817045480086093,1.7984382047901404,1.644212887374906,1.6705092951125722,-7.412276402217201,-0.3017504215588979
-14.0,-1.0,0.0,-1.7817045480086093,0.0,-1.70331865954567,0.0060934819733950984,-4.399488599305108,0.34200294208182347
-14.0,0.0,0.0,0.0,0.0,0.0,-5.595524044110789e-14,0.0,0.0
-14.0,1.0,0.0,1.7817045480086093,0.0,1.70331865954567,0.0060934819733950984,-4.399488599305108,-0.34200294208182347
-14.0,-1.0,-1.0,-1.7817045480086093,-1.7984382047901404,-1.627088385672715,-1.630524349677871,-9.010398357108416,0.3293143445587784
-14.0,0.0,-1.0,0.0,-1.7984382047901404,0.0,-1.7029749279453261,-5.308121045835649,-0.0
-14.0,1.0,-1.0,1.7817045480086093,-1.7984382047901404,1.627088385672715,-1.630524349677871,-9.010398357108416,-0.3293143445587784
-13.899999999999999,-1.0,1.0,-1.7816023353222055,1.7981045274998397,-1.64407142257916,1.6700789227920303,-7.4170055378600335,0.29972500414352765
-13.899999999999999,0.0,1.0,0.0,1.7981045274998397,0.0,1.7338171608610085,-3.5752852882373385,0.0
-13.899999999999999,1.0,1.0,1.7816023353222055,1.7981045274998397,1.64407142257916,1.6700789227920303,-7.4170055378600335,-0.29972500414352765
-13.899999999999999,-1.0,0.0,-1.7816023353222055,0.0,-1.703226908302725,0.0060521635545038865,-4.399153810342655,0.33970339140857403
-13.899999999999999,0.0,0.0,0.0,0.0,0.0,2.90878432451791e-13,0.0,0.0
-13.899999999999999,1.0,0.0,1.7816023353222055,0.0,1.703226908302725,0.0060521635545038865,-4.399153810342655,-0.33970339140857403
-13.899999999999999,-1.0,-1.0,-1.7816023353222055,-1.7981045274998397,-1.627061634213855,-1.6303669806417,-9.004430999745692,0.3271473807907424
-13.899999999999999,0.0,-1.0,0.0,-1.7981045274998397,0.0,-1.702774572725003,-5.301691493285294,-0.0
-13.899999999999999,1.0,-1.0,1.7816023353222055,-1.7981045274998397,1.627061634213855,-1.6303669806417,-9.004430999745692,-0.3271473807907424
-13.8,-1.0,1.0,-1.7815007812061945,1.797773077398901,-1.64393043803216,1.6696504239002392,-7.421744328268412,0.29769663669397445
-13.8,0.0,1.0,0.0,1.797773077398901,0.0,1.7334046917712134,-3.580451083449231,0.0
-13.8,1.0,1.0,1.7815007812061945,1.797773077398901,1.64393043803216,1.6696504239002392,-7.421744328268412,-0.29769663669397445
-13.8,-1.0,0.0,-1.7815007812061945,0.0,-1.703135773134199,0.006010797352649977,-4.398819742247725,0.3374007699609465
-13.8,0.0,0.0,0.0,0.0,0.0,6.799005802804459e-13,0.0,0.0
-13.8,1.0,0.0,1.7815007812061945,0.0,1.703135773134199,0.006010797352649977,-4.398819742247725,-0.3374007699609465
-13.8,-1.0,-1.0,-1.7815007812061945,-1.797773077398901,-1.627035527202899,-1.6302117619875298,-8.99845788021477,0.3249766893658186
-13.8,0.0,-1.0,0.0,-1.797773077398901,0.0,-1.702576425074353,-5.295254085253228,-0.0
-13.8,1.0,-1.0,1.7815007812061945,-1.797773077398901,1.627035527202899,-1.6302117619875298,-8.99845788021477,-0.3249766893658186
-13.7,-1.0,1.0,-1.7813998866539715,1.7974438567362583,-1.643789935212054,1.6692238016317744,-7.426492720678233,0.29566534239571995
-13.7,0.0,1.0,0.0,1.7974438567362583,0.0,1.7329942307339363,-3.585626653137726,0.0
-13.7,1.0,1.0,1.7813998866539715,1.7974438567362583,1.643789935212054,1.6692238016317744,-7.426492720678233,-0.29566534239571995
-13.7,-1.0,0.0,-1.7813998866539715,0.0,-1.703045254942267,0.005969383722928878,-4.398486398182003,0.33509509951419475
-13.7,0.0,0.0,0.0,0.0,0.0,1.1168843627729075e-12,0.0,0.0
-13.7,1.0,0.0,1.7813998866539715,0.0,1.703045254942267,0.005969383722928878,-4.398486398182003,-0.33509509951419475
-13.7,-1.0,-1.0,-1.7813998866539715,-1.7974438567362583,-1.627010064914979,-1.630058694709958,-8.99247905592024,0.3228022922000022
-13.7,0.0,-1.0,0.0,-1.7974438567362583,0.0,-1.7023804863176912,-5.2888088861468034,-0.0
-13.7,1.0,-1.0,1.7813998866539715,-1.7974438567362583,1.627010064914979,-1.630058694709958,-8.99247905592024,-0.3228022922000022
-13.6,-1.0,1.0,-1.7812996526518527,1.7971168677418392,-1.643649915590456,1.668799059162152,-7.431250662293926,0.29363114447293487
-13.6,0.0,1.0,0.0,1.7971168677418392,0.0,1.732585780717852,-3.5908119378498493,0.0
-13.6,1.0,1.0,1.7812996526518527,1.7971168677418392,1.643649915590456,1.668799059162152,-7.431250662293926,-0.29363114447293487
-13.6,-1.0,0.0,-1.7812996526518527,0.0,-1.70295535462249,0.00592792302024292,-4.398153781298399,0.33278640185091346
-13.6,0.0,0.0,0.0,0.0,0.0,1.6000534230897756e-12,0.0,0.0
-13.6,1.0,0.0,1.7812996526518527,0.0,1.70295535462249,0.00592792302024292,-4.398153781298399,-0.33278640185091346
-13.6,-1.0,-1.0,-1.7812996526518527,-1.7971168677418392,-1.626985247619052,-1.62990777978875,-8.98649458424786,0.3206242112247395
-13.6,0.0,-1.0,0.0,-1.7971168677418392,0.0,-1.7021867577639311,-5.282355960366238,-0.0
-13.6,1.0,-1.0,1.7812996526518527,-1.7971168677418392,1.626985247619052,-1.62990777978875,-8.98649458424786,-0.3206242112247395
-13.5,-1.0,1.0,-1.781200080179075,1.7967921126280384,-1.643510380632448,1.6683761996479014,-7.436018100324944,0.2915940661518912
-13.5,0.0,1.0,0.0,1.7967921126280384,0.0,1.732179344672017,-3.596006878142229,0.0
-13.5,1.0,1.0,1.781200080179075,1.7967921126280384,1.643510380632448,1.6683761996479014,-7.436018100324944,-0.2915940661518912
-13.5,-1.0,0.0,-1.781200080179075,0.0,-1.702866073063792,0.005886415599259953,-4.3978218947423215,0.33047469875861196
-13.5,0.0,0.0,0.0,0.0,0.0,2.1118662374419728e-12,0.0,0.0
-13.5,1.0,0.0,1.781200080179075,0.0,1.702866073063792,0.005886415599259953,-4.3978218947423215,-0.33047469875861196
-13.5,-1.0,-1.0,-1.781200080179075,-1.7967921126280384,-1.626961075577919,-1.6297590181888992,-8.980504522599588,0.318442468422482
-13.5,0.0,-1.0,0.0,-1.7967921126280384,0.0,-1.701995240706696,-5.275895372375037,-0.0
-13.5,1.0,-1.0,1.781200080179075,-1.7967921126280384,1.626961075577919,-1.6297590181888992,-8.980504522599588,-0.318442468422482
-13.399999999999999,-1.0,1.0,-1.7811011702078137,1.7964695935892383,-1.643371331796566,1.6679552262266113,-7.440794981973281,0.28955413067496355
-13.399999999999999,0.0,1.0,0.0,1.7964695935892383,0.0,1.7317749255259498,-3.601211414551828,0.0
-13.399999999999999,1.0,1.0,1.7811011702078137,1.7964695935892383,1.643371331796566,1.6679552262266113,-7.440794981973281,-0.28955413067496355
-13.399999999999999,-1.0,0.0,-1.7811011702078137,0.0,-1.702777411148473,0.005844861814428004,-4.397490741651809,0.3281600120304251
-13.399999999999999,0.0,0.0,0.0,0.0,0.0,2.637001728089672e-12,0.0,0.0
-13.399999999999999,1.0,0.0,1.7811011702078137,0.0,1.702777411148473,0.005844861814428004,-4.397490741651809,-0.3281600120304251
-13.399999999999999,-1.0,-1.0,-1.7811011702078137,-1.7964695935892383,-1.626937549048205,-1.6296124108606849,-8.974508928380125,0.31625708581146467
-13.399999999999999,0.0,-1.0,0.0,-1.7964695935892383,0.0,-1.701805936424273,-5.26942718667634,-0.0
-13.399999999999999,1.0,-1.0,1.7811011702078137,-1.7964695935892383,1.626937549048205,-1.6296124108606849,-8.974508928380125,-0.31625708581146467
-13.3,-1.0,1.0,-1.781002923703163,1.79614931280196,-1.643232770534819,1.6675361420170018,-7.445581254434695,0.2875113612972098
-13.3,0.0,1.0,0.0,1.79614931280196,0.0,1.7313725261897328,-3.606425487599174,0.0
-13.3,1.0,1.0,1.781002923703163,1.79614931280196,1.643232770534819,1.6675361420170018,-7.445581254434695,-0.2875113612972098
-13.3,-1.0,0.0,-1.781002923703163,0.0,-1.702689369752213,0.0058032620199930385,-4.397160325156349,0.32584236346600515
-13.3,0.0,0.0,0.0,0.0,0.0,3.1541436129600697e-12,0.0,0.0
-13.3,1.0,0.0,1.781002923703163,0.0,1.702689369752213,0.0058032620199930385,-4.397160325156349,-0.32584236346600515
-13.3,-1.0,-1.0,-1.781002923703163,-1.79614931280196,-1.626914668280383,-1.6294679587396699,-8.968507858999203,0.3140680854501811
-13.3,0.0,-1.0,0.0,-1.79614931280196,0.0,-1.70161884617968,-5.2629514678161335,-0.0
-13.3,1.0,-1.0,1.781002923703163,-1.79614931280196,1.626914668280383,-1.6294679587396699,-8.968507858999203,-0.3140680854501811
-13.2,-1.0,1.0,-1.7809053416231724,1.7958312724247216,-1.643094698292678,1.6671189501189327,-7.450376864896471,0.2854657812910427
-13.2,0.0,1.0,0.0,1.7958312724247216,0.0,1.7309721495540034,-3.6116490377821426,0.0
-13.2,1.0,1.0,1.7809053416231724,1.7958312724247216,1.643094698292678,1.6671189501189327,-7.450376864896471,-0.2854657812910427
-13.2,-1.0,0.0,-1.7809053416231724,0.0,-1.702601949744076,0.005761616569996075,-4.396830648378434,0.3235217748712438
-13.2,0.0,0.0,0.0,0.0,0.0,3.703037876334747e-12,0.0,0.0
-13.2,1.0,0.0,1.7809053416231724,0.0,1.702601949744076,0.005761616569996075,-4.396830648378434,-0.3235217748712438
-13.2,-1.0,-1.0,-1.7809053416231724,-1.7958312724247216,-1.626892433518747,-1.629325662746678,-8.962501371869715,0.3118754894322706
-13.2,0.0,-1.0,0.0,-1.7958312724247216,0.0,-1.7014339712206479,-5.256468280375751,-0.0
-13.2,1.0,-1.0,1.7809053416231724,-1.7958312724247216,1.626892433518747,-1.629325662746678,-8.962501371869715,-0.3118754894322706
-13.1,-1.0,1.0,-1.7808084249188105,1.7955154745981172,-1.64295711650907,1.666703653613492,-7.455181760536593,0.2834174139453429
-13.1,0.0,1.0,0.0,1.7955154745981172,0.0,1.7305737984899867,-3.6168820055792685,0.0
-13.1,1.0,1.0,1.7808084249188105,1.7955154745981172,1.64295711650907,1.666703653613492,-7.455181760536593,-0.2834174139453429
-13.1,-1.0,0.0,-1.7808084249188105,0.0,-1.702515151986498,0.00571992581825298,-4.39650171443242,0.32119826805703483
-13.1,0.0,0.0,0.0,0.0,0.0,4.213074333847544e-12,0.0,0.0
-13.1,1.0,0.0,1.7808084249188105,0.0,1.702515151986498,0.00571992581825298,-4.39650171443242,-0.32119826805703483
-13.1,-1.0,-1.0,-1.7808084249188105,-1.7955154745981172,-1.626870845001429,-1.629185523787918,-8.95648952440435,0.3096793198859216
-13.1,0.0,-1.0,0.0,-1.7955154745981172,0.0,-1.70125131277974,-5.249977688968458,-0.0
-13.1,1.0,-1.0,1.7808084249188105,-1.7955154745981172,1.626870845001429,-1.629185523787918,-8.95648952440435,-0.3096793198859216
-13.0,-1.0,1.0,-1.7807121745339924,1.7952019214455994,-1.642820026616397,1.6662902555630175,-7.459995888543973,0.28136628254554097
-13.0,0.0,1.0,0.0,1.7952019214455994,0.0,1.730177475849634,-3.622124331484896,0.0
-13.0,1.0,1.0,1.7807121745339924,1.7952019214455994,1.642820026616397,1.6662902555630175,-7.459995888543973,-0.28136628254554097
-13.0,-1.0,0.0,-1.7807121745339924,0.0,-1.702428977335307,0.005678190118408866,-4.396173526424729,0.318871864842213
-13.0,0.0,0.0,0.0,0.0,0.0,4.7488679655316446e-12,0.0,0.0
-13.0,1.0,0.0,1.7807121745339924,0.0,1.702428977335307,0.005678190118408866,-4.396173526424729,-0.318871864842213
-13.0,-1.0,-1.0,-1.7807121745339924,-1.7952019214455994,-1.626849902960403,-1.629047542754867,-8.950472374039038,0.30747959899577815
-13.0,0.0,-1.0,0.0,-1.7952019214455994,0.0,-1.701070872074238,-5.2434797582860035,-0.0
-13.0,1.0,-1.0,1.7807121745339924,-1.7952019214455994,1.626849902960403,-1.629047542754867,-8.950472374039038,-0.30747959899577815
-12.899999999999999,-1.0,1.0,-1.7806165914055732,1.794890615072,-1.642683430040516,1.6658787590111135,-7.464819196080466,0.27931241041221816
-12.899999999999999,0.0,1.0,0.0,1.794890615072,0.0,1.7297831844655942,-3.6273759559322327,0.0
-12.899999999999999,1.0,1.0,1.7806165914055732,1.794890615072,1.642683430040516,1.6658787590111135,-7.464819196080466,-0.27931241041221816
-12.899999999999999,-1.0,0.0,-1.7806165914055732,0.0,-1.70234342663971,0.005636409823833066,-4.395846087454255,0.31654258704754784
-12.899999999999999,0.0,0.0,0.0,0.0,0.0,5.2660098504020425e-12,0.0,0.0
-12.899999999999999,1.0,0.0,1.7806165914055732,0.0,1.70234342663971,0.005636409823833066,-4.395846087454255,-0.31654258704754784
-12.899999999999999,-1.0,-1.0,-1.7806165914055732,-1.794890615072,-1.626829607621477,-1.6289117205244807,-8.944449978188567,0.30527634895911687
-12.899999999999999,0.0,-1.0,0.0,-1.794890615072,0.0,-1.7008926503063189,-5.236974553009772,-0.0
-12.899999999999999,1.0,-1.0,1.7806165914055732,-1.794890615072,1.626829607621477,-1.6289117205244807,-8.944449978188567,-0.30527634895911687
-12.8,-1.0,1.0,-1.7805216764633554,1.7945815575646984,-1.642547328200745,1.665469166982749,-7.469651630308778,0.27725582087314826
-12.8,0.0,1.0,0.0,1.7945815575646984,0.0,1.7293909271512389,-3.632636819355548,0.0
-12.8,1.0,1.0,1.7805216764633554,1.7945815575646984,1.642547328200745,1.665469166982749,-7.469651630308778,-0.27725582087314826
-12.8,-1.0,0.0,-1.7805216764633554,0.0,-1.702258500742307,0.005594585287715947,-4.395519400611975,0.31421045650106627
-12.8,0.0,0.0,0.0,0.0,0.0,5.7480686876942855e-12,0.0,0.0
-12.8,1.0,0.0,1.7805216764633554,0.0,1.702258500742307,0.005594585287715947,-4.395519400611975,-0.31421045650106627
-12.8,-1.0,-1.0,-1.7805216764633554,-1.7945815575646984,-1.626809959204292,-1.628778057959088,-8.938422394279263,0.3030695920175607
-12.8,0.0,-1.0,0.0,-1.7945815575646984,0.0,-1.7007166486629701,-5.230462137876074,-0.0
-12.8,1.0,-1.0,1.7805216764633554,-1.7945815575646984,1.626809959204292,-1.628778057959088,-8.938422394279263,-0.3030695920175607
-12.7,-1.0,1.0,-1.7804274306300876,1.7942747509939583,-1.642411722509868,1.6650614824842993,-7.474493138400284,0.27519653725505894
-12.7,0.0,1.0,0.0,1.7942747509939583,0.0,1.7290007067008513,-3.637906862198654,0.0
-12.7,1.0,1.0,1.7804274306300876,1.7942747509939583,1.642411722509868,1.6650614824842993,-7.474493138400284,-0.27519653725505894
-12.7,-1.0,0.0,-1.7804274306300876,0.0,-1.702174200479081,0.005552716863039819,-4.395193468981381,0.31187549503630885
-12.7,0.0,0.0,0.0,0.0,0.0,6.211919867382676e-12,0.0,0.0
-12.7,1.0,0.0,1.7804274306300876,0.0,1.702174200479081,0.005552716863039819,-4.395193468981381,-0.31187549503630885
-12.7,-1.0,-1.0,-1.7804274306300876,-1.7942747509939583,-1.626790957922326,-1.6286465559064072,-8.932389679756483,0.30085935046477974
-12.7,0.0,-1.0,0.0,-1.7942747509939583,0.0,-1.7005428683160642,-5.223942577688858,-0.0
-12.7,1.0,-1.0,1.7804274306300876,-1.7942747509939583,1.626790957922326,-1.6286465559064072,-8.932389679756483,-0.30085935046477974
-12.6,-1.0,1.0,-1.7803338548214693,1.7939701974123023,-1.642276614374135,1.6646557085035554,-7.479343667519042,0.27313458289970755
-12.6,0.0,1.0,0.0,1.7939701974123023,0.0,1.7286125258895242,-3.6431860248878603,0.0
-12.6,1.0,1.0,1.7803338548214693,1.7939701974123023,1.642276614374135,1.6646557085035554,-7.479343667519042,-0.27313458289970755
-12.6,-1.0,0.0,-1.7803338548214693,0.0,-1.702090526679409,0.005510804902596034,-4.3948682956380924,0.3095377244931768
-12.6,0.0,0.0,0.0,0.0,0.0,6.662004281565714e-12,0.0,0.0
-12.6,1.0,0.0,1.7803338548214693,0.0,1.702090526679409,0.005510804902596034,-4.3948682956380924,-0.3095377244931768
-12.6,-1.0,-1.0,-1.7803338548214693,-1.7939701974123023,-1.626772603982896,-1.6285172151996528,-8.926351892065123,0.29864564662706583
-12.6,0.0,-1.0,0.0,-1.7939701974123023,0.0,-1.700371310422423,-5.217415937282032,-0.0
-12.6,1.0,-1.0,1.7803338548214693,-1.7939701974123023,1.626772603982896,-1.6285172151996528,-8.926351892065123,-0.29864564662706583
-12.5,-1.0,1.0,-1.7802409499461513,1.7936678988537613,-1.64214200519325,1.6642518480098152,-7.484203164800545,0.2710699811856629
-12.5,0.0,1.0,0.0,1.7936678988537613,0.0,1.728226387473284,-3.6484742477856464,0.0
-12.5,1.0,1.0,1.7802409499461513,1.7936678988537613,1.64214200519325,1.6642518480098152,-7.484203164800545,-0.2710699811856629
-12.5,-1.0,0.0,-1.7802409499461513,0.0,-1.702007480166065,0.005468849758926142,-4.394543883649726,0.30719716671451486
-12.5,0.0,0.0,0.0,0.0,0.0,7.0810024510592484e-12,0.0,0.0
-12.5,1.0,0.0,1.7802409499461513,0.0,1.702007480166065,0.005468849758926142,-4.394543883649726,-0.30719716671451486
-12.5,-1.0,-1.0,-1.7802409499461513,-1.7936678988537613,-1.62675489758716,-1.628390036657496,-8.920309088630866,0.2964285028450034
-12.5,0.0,-1.0,0.0,-1.7936678988537613,0.0,-1.7002019761237068,-5.210882281484975,-0.0
-12.5,1.0,-1.0,1.7802409499461513,-1.7936678988537613,1.62675489758716,-1.628390036657496,-8.920309088630866,-0.2964285028450034
-12.399999999999999,-1.0,1.0,-1.7801487169057417,1.793367857335979,-1.642007896360383,1.6638499039538817,-7.4890715774065475,0.2690027554731428
-12.399999999999999,0.0,1.0,0.0,1.793367857335979,0.0,1.7278422941891403,-3.653771471301822,0.0
-12.399999999999999,1.0,1.0,1.7801487169057417,1.793367857335979,1.642007896360383,1.6638499039538817,-7.4890715774065475,-0.2690027554731428
-12.399999999999999,-1.0,0.0,-1.7801487169057417,0.0,-1.70192506175521,0.005426851784398057,-4.394220236076696,0.30485384355027495
-12.399999999999999,0.0,0.0,0.0,0.0,0.0,7.458922368641652e-12,0.0,0.0
-12.399999999999999,1.0,0.0,1.7801487169057417,0.0,1.70192506175521,0.005426851784398057,-4.394220236076696,-0.30485384355027495
-12.399999999999999,-1.0,-1.0,-1.7801487169057417,-1.793367857335979,-1.626737838930103,-1.628265021084094,-8.91426132691341,0.294207941524775
-12.399999999999999,0.0,-1.0,0.0,-1.793367857335979,0.0,-1.7000348665465872,-5.204341675223096,-0.0
-12.399999999999999,1.0,-1.0,1.7801487169057417,-1.793367857335979,1.626737838930103,-1.628265021084094,-8.91426132691341,-0.294207941524775
-12.3,-1.0,1.0,-1.7800571565948051,1.7930700748584183,-1.641874289262166,1.6634498792681351,-7.4939488524770255,0.26693292915199685
-12.3,0.0,1.0,0.0,1.7930700748584183,0.0,1.7274602487551036,-3.6590776357970984,0.0
-12.3,1.0,1.0,1.7800571565948051,1.7930700748584183,1.641874289262166,1.6634498792681351,-7.4939488524770255,-0.26693292915199685
-12.3,-1.0,0.0,-1.7800571565948051,0.0,-1.701843272256411,0.005384811331137884,-4.393897355971138,0.30250777685357383
-12.3,0.0,0.0,0.0,0.0,0.0,7.779998867363247e-12,0.0,0.0
-12.3,1.0,0.0,1.7800571565948051,0.0,1.701843272256411,0.005384811331137884,-4.393897355971138,-0.30250777685357383
-12.3,-1.0,-1.0,-1.7800571565948051,-1.7930700748584183,-1.626721428200554,-1.628142169269177,-8.908208664356986,0.29198398509033735
-12.3,0.0,-1.0,0.0,-1.7930700748584183,0.0,-1.699869982802763,-5.197794183421102,-0.0
-12.3,1.0,-1.0,1.7800571565948051,-1.7930700748584183,1.626721428200554,-1.628142169269177,-8.908208664356986,-0.29198398509033735
-12.2,-1.0,1.0,-1.779966269900869,1.7927745534036,-1.641741185278699,1.663051776866632,-7.498834937159928,0.2648605256119048
-12.2,0.0,1.0,0.0,1.7927745534036,0.0,1.7270802538703014,-3.6643926816440615,0.0
-12.2,1.0,1.0,1.779966269900869,1.7927745534036,1.641741185278699,1.663051776866632,-7.498834937159928,-0.2648605256119048
-12.2,-1.0,0.0,-1.779966269900869,0.0,-1.701762112472629,0.005342728751115855,-4.393575246377862,0.3001589884854057
-12.2,0.0,0.0,0.0,0.0,0.0,8.092859715702616e-12,0.0,0.0
-12.2,1.0,0.0,1.779966269900869,0.0,1.701762112472629,0.005342728751115855,-4.393575246377862,-0.3001589884854057
-12.2,-1.0,-1.0,-1.779966269900869,-1.7927745534036,-1.626705665581182,-1.628021481987917,-8.902151158425529,0.2897566560176131
-12.2,0.0,-1.0,0.0,-1.7927745534036,0.0,-1.6997073259887951,-5.191239871076692,-0.0
-12.2,1.0,-1.0,1.779966269900869,-1.7927745534036,1.626705665581182,-1.628021481987917,-8.902151158425529,-0.2897566560176131
-12.1,-1.0,1.0,-1.7798760577044193,1.792481294936299,-1.641608585783528,1.6626555996450247,-7.5037297785934705,0.2627855682609262
-12.1,0.0,1.0,0.0,1.792481294936299,0.0,1.7267023122149194,-3.6697165491881547,0.0
-12.1,1.0,1.0,1.7798760577044193,1.792481294936299,1.641608585783528,1.6626555996450247,-7.5037297785934705,-0.2627855682609262
-12.1,-1.0,0.0,-1.7798760577044193,0.0,-1.701681583200231,0.005300604396070829,-4.393253910333451,0.2978075003102879
-12.1,0.0,0.0,0.0,0.0,0.0,8.359979375427429e-12,0.0,0.0
-12.1,1.0,0.0,1.7798760577044193,0.0,1.701681583200231,0.005300604396070829,-4.393253910333451,-0.2978075003102879
-12.1,-1.0,-1.0,-1.7798760577044193,-1.792481294936299,-1.626690551248486,-1.6279029600011459,-8.896088866575612,0.28752597680733993
-12.1,0.0,-1.0,0.0,-1.792481294936299,0.0,-1.69954689718638,-5.184678803201767,-0.0
-12.1,1.0,-1.0,1.7798760577044193,-1.792481294936299,1.626690551248486,-1.6279029600011459,-8.896088866575612,-0.28752597680733993
-12.0,-1.0,1.0,-1.7797865208789125,1.792190301404224,-1.641476492143684,1.662261350480736,-7.508633323918542,0.2607080805114942
-12.0,0.0,1.0,0.0,1.792190301404224,0.0,1.7263264264503517,-3.675049178776736,0.0
-12.0,1.0,1.0,1.7797865208789125,1.792190301404224,1.641476492143684,1.662261350480736,-7.508633323918542,-0.2607080805114942
-12.0,-1.0,0.0,-1.7797865208789125,0.0,-1.701601685228982,0.0052584386175071884,-4.392933350867303,0.2954533341959693
-12.0,0.0,0.0,0.0,0.0,0.0,8.605116619264663e-12,0.0,0.0
-12.0,1.0,0.0,1.7797865208789125,0.0,1.701601685228982,0.0052584386175071884,-4.392933350867303,-0.2954533341959693
-12.0,-1.0,-1.0,-1.7797865208789125,-1.792190301404224,-1.626676085372815,-1.627786604055245,-8.890021846276177,0.28529197000510337
-12.0,0.0,-1.0,0.0,-1.792190301404224,0.0,-1.6993886974622439,-5.178111044863251,-0.0
-12.0,1.0,-1.0,1.7797865208789125,-1.792190301404224,1.626676085372815,-1.627786604055245,-8.890021846276177,-0.28529197000510337
-11.9,-1.0,1.0,-1.7796976602907737,1.7919015747369427,-1.641344905719646,1.6618690322328915,-7.513545520254058,0.25862808580679253
-11.9,0.0,1.0,0.0,1.7919015747369427,0.0,1.7259525992191898,-3.6803905107028245,0.0
-11.9,1.0,1.0,1.7796976602907737,1.7919015747369427,1.641344905719646,1.6618690322328915,-7.513545520254058,-0.25862808580679253
-11.9,-1.0,0.0,-1.7796976602907737,0.0,-1.701522419342052,0.005216231766772994,-4.392613571001109,0.29309651201770676
-11.9,0.0,0.0,0.0,0.0,0.0,8.788081373722889e-12,0.0,0.0
-11.9,1.0,0.0,1.7796976602907737,0.0,1.701522419342052,0.005216231766772994,-4.392613571001109,-0.29309651201770676
-11.9,-1.0,-1.0,-1.7796976602907737,-1.7919015747369427,-1.626662268118342,-1.6276724148821988,-8.883950154979589,0.28305465817134795
-11.9,0.0,-1.0,0.0,-1.7919015747369427,0.0,-1.69923272786821,-5.1715366611214,-0.0
-11.9,1.0,-1.0,1.7796976602907737,-1.7919015747369427,1.626662268118342,-1.6276724148821988,-8.883950154979589,-0.28305465817134795
-11.799999999999999,-1.0,1.0,-1.779609476799392,1.7916151168480177,-1.641213827865363,1.6614786477424945,-7.518466314747164,0.2565456075691484
-11.799999999999999,0.0,1.0,0.0,1.7916151168480177,0.0,1.7255808331453244,-3.6857404853151245,0.0
-11.799999999999999,1.0,1.0,1.779609476799392,1.7916151168480177,1.641213827865363,1.6614786477424945,-7.518466314747164,-0.2565456075691484
-11.799999999999999,-1.0,0.0,-1.779609476799392,0.0,-1.701443786316023,0.005173984194990933,-4.392294573748231,0.2907370556542712
-11.799999999999999,0.0,0.0,0.0,0.0,0.0,8.963940700823514e-12,0.0,0.0
-11.799999999999999,1.0,0.0,1.779609476799392,0.0,1.701443786316023,0.005173984194990933,-4.392294573748231,-0.2907370556542712
-11.799999999999999,-1.0,-1.0,-1.779609476799392,-1.7916151168480177,-1.626649099643094,-1.6275603931996159,-8.877873850174439,0.28081406393537334
-11.799999999999999,0.0,-1.0,0.0,-1.7916151168480177,0.0,-1.6990789894411118,-5.164955717146681,-0.0
-11.799999999999999,1.0,-1.0,1.779609476799392,-1.7916151168480177,1.626649099643094,-1.6275603931996159,-8.877873850174439,-0.28081406393537334
-11.7,-1.0,1.0,-1.7795219712571377,1.7913309296329771,-1.641083259928247,1.6610901998323393,-7.52339565452408,0.2544606692502054
-11.7,0.0,1.0,0.0,1.7913309296329771,0.0,1.7252111308339089,-3.6910990429119335,0.0
-11.7,1.0,1.0,1.7795219712571377,1.7913309296329771,1.641083259928247,1.6610901998323393,-7.52339565452408,-0.2544606692502054
-11.7,-1.0,0.0,-1.7795219712571377,0.0,-1.701365786920884,0.005131696253082962,-4.39197636211485,0.28837498698921327
-11.7,0.0,0.0,0.0,0.0,0.0,9.07585118170573e-12,0.0,0.0
-11.7,1.0,0.0,1.7795219712571377,0.0,1.701365786920884,0.005131696253082962,-4.39197636211485,-0.28837498698921327
-11.7,-1.0,-1.0,-1.7795219712571377,-1.7913309296329771,-1.626636580098921,-1.62745053971079,-8.87179298933244,0.2785702099403224
-11.7,0.0,-1.0,0.0,-1.7913309296329771,0.0,-1.6989274832029961,-5.1583682780999816,-0.0
-11.7,1.0,-1.0,1.7795219712571377,-1.7913309296329771,1.626636580098921,-1.62745053971079,-8.87179298933244,-0.2785702099403224
-11.6,-1.0,1.0,-1.7794351445093541,1.7910490149703584,-1.640953203249165,1.6607036913071502,-7.52833348671367,0.2523732943073311
-11.6,0.0,1.0,0.0,1.7910490149703584,0.0,1.7248434948715174,-3.696466123789284,0.0
-11.6,1.0,1.0,1.7794351445093541,1.7910490149703584,1.640953203249165,1.6607036913071502,-7.52833348671367,-0.2523732943073311
-11.6,-1.0,0.0,-1.7794351445093541,0.0,-1.701288421920028,0.005089368291778973,-4.391658939099671,0.2860103279112356
-11.6,0.0,0.0,0.0,0.0,0.0,9.166889469724993e-12,0.0,0.0
-11.6,1.0,0.0,1.7794351445093541,0.0,1.701288421920028,0.005089368291778973,-4.391658939099671,-0.2860103279112356
-11.6,-1.0,-1.0,-1.7794351445093541,-1.7910490149703584,-1.626624709631525,-1.6273428551046363,-8.865707629935489,0.2763231188718828
-11.6,0.0,-1.0,0.0,-1.7910490149703584,0.0,-1.6987782101609883,-5.151774409194334,-0.0
-11.6,1.0,-1.0,1.7794351445093541,-1.7910490149703584,1.626624709631525,-1.6273428551046363,-8.865707629935489,-0.2763231188718828
-11.5,-1.0,1.0,-1.779348997394366,1.7907693747212194,-1.640823659162468,1.6603191249535738,-7.5332797584348405,0.25028350621489276
-11.5,0.0,1.0,0.0,1.7907693747212194,0.0,1.7244779278261002,-3.7018416682181225,0.0
-11.5,1.0,1.0,1.779348997394366,1.7907693747212194,1.640823659162468,1.6603191249535738,-7.5332797584348405,-0.25028350621489276
-11.5,-1.0,0.0,-1.779348997394366,0.0,-1.701211692070277,0.0050470006615790375,-4.391342307692945,0.2836431003119534
-11.5,0.0,0.0,0.0,0.0,0.0,9.21707155043805e-12,0.0,0.0
-11.5,1.0,0.0,1.779348997394366,0.0,1.701211692070277,0.0050470006615790375,-4.391342307692945,-0.2836431003119534
-11.5,-1.0,-1.0,-1.779348997394366,-1.7907693747212194,-1.626613488380434,-1.627237340055793,-8.859617829460682,0.27407281344161005
-11.5,0.0,-1.0,0.0,-1.7907693747212194,0.0,-1.6986311713074072,-5.145174175661566,-0.0
-11.5,1.0,-1.0,1.779348997394366,-1.7907693747212194,1.626613488380434,-1.627237340055793,-8.859617829460682,-0.27407281344161005
-11.4,-1.0,1.0,-1.7792635307434743,1.7904920107298627,-1.640694628995956,1.6599365035402494,-7.538234416814584,0.24819132844786368
-11.4,0.0,1.0,0.0,1.7904920107298627,0.0,1.7241144322470712,-3.707225616479233,0.0
-11.4,1.0,1.0,1.7792635307434743,1.7904920107298627,1.640694628995956,1.6599365035402494,-7.538234416814584,-0.24819132844786368
-11.4,-1.0,0.0,-1.7792635307434743,0.0,-1.701135598121851,0.005004593712819139,-4.391026470877935,0.2812733260894716
-11.4,0.0,0.0,0.0,0.0,0.0,9.2210683533267e-12,0.0,0.0
-11.4,1.0,0.0,1.7792635307434743,0.0,1.701135598121851,0.005004593712819139,-4.391026470877935,-0.2812733260894716
-11.4,-1.0,-1.0,-1.7792635307434743,-1.7904920107298627,-1.626602916479023,-1.627133995224599,-8.853523645398269,0.2718193164060198
-11.4,0.0,-1.0,0.0,-1.7904920107298627,0.0,-1.6984863676197821,-5.138567642788652,-0.0
-11.4,1.0,-1.0,1.7792635307434743,-1.7904920107298627,1.626602916479023,-1.627133995224599,-8.853523645398269,-0.2718193164060198
-11.299999999999999,-1.0,1.0,-1.779178745380969,1.7902169248239597,-1.6405661140709,1.6595558298178765,-7.543197408989398,0.2460967844796223
-11.299999999999999,0.0,1.0,0.0,1.7902169248239597,0.0,1.723753010665369,-3.712617908867467,0.0
-11.299999999999999,1.0,1.0,1.779178745380969,1.7902169248239597,1.6405661140709,1.6595558298178765,-7.543197408989398,-0.2460967844796223
-11.299999999999999,-1.0,0.0,-1.779178745380969,0.0,-1.701060140818401,0.004962147795612992,-4.390711431629703,0.2789010271449969
-11.299999999999999,0.0,0.0,0.0,0.0,0.0,9.21707155043805e-12,0.0,0.0
-11.299999999999999,1.0,0.0,1.779178745380969,0.0,1.701060140818401,0.004962147795612992,-4.390711431629703,-0.2789010271449969
-11.299999999999999,-1.0,-1.0,-1.779178745380969,-1.7902169248239597,-1.626592994054507,-1.627032821257117,-8.847425135254195,0.26956265056808665
-11.299999999999999,0.0,-1.0,0.0,-1.7902169248239597,0.0,-1.6983438000607742,-5.1319548759276605,-0.0
-11.299999999999999,1.0,-1.0,1.779178745380969,-1.7902169248239597,1.626592994054507,-1.627032821257117,-8.847425135254195,-0.26956265056808665
-11.2,-1.0,1.0,-1.7790946421241227,1.7899441188128007,-1.640438115702037,1.6591771065191878,-7.548168682061136,0.24399989782596734
-11.2,0.0,1.0,0.0,1.7899441188128007,0.0,1.7233936655934734,-3.718018485597616,0.0
-11.2,1.0,1.0,1.7790946421241227,1.7899441188128007,1.640438115702037,1.6591771065191878,-7.548168682061136,-0.24399989782596734
-11.2,-1.0,0.0,-1.7790946421241227,0.0,-1.700985320896986,0.004919663259908003,-4.390397192916012,0.2765262253858652
-11.2,0.0,0.0,0.0,0.0,0.0,9.169998094193943e-12,0.0,0.0
-11.2,1.0,0.0,1.7790946421241227,0.0,1.700985320896986,0.004919663259908003,-4.390397192916012,-0.2765262253858652
-11.2,-1.0,-1.0,-1.7790946421241227,-1.7899441188128007,-1.626583721227928,-1.6269338187851599,-8.841322356504067,0.2673028387313405
-11.2,0.0,-1.0,0.0,-1.7899441188128007,0.0,-1.698203469578326,-5.125335940393643,-0.0
-11.2,1.0,-1.0,1.7790946421241227,-1.7899441188128007,1.626583721227928,-1.6269338187851599,-8.841322356504067,-0.2673028387313405
-11.1,-1.0,1.0,-1.7790112217831981,1.78967359448984,-1.640310635197576,1.6588003363590473,-7.55314818316062,0.24190069198149183
-11.1,0.0,1.0,0.0,1.78967359448984,0.0,1.7230363995254754,-3.723427286938328,0.0
-11.1,1.0,1.0,1.7790112217831981,1.78967359448984,1.640310635197576,1.6588003363590473,-7.55314818316062,-0.24190069198149183
-11.1,-1.0,0.0,-1.7790112217831981,0.0,-1.700911139088098,0.004877140455388895,-4.390083757696383,0.2741489427200058
-11.1,0.0,0.0,0.0,0.0,0.0,9.088063634976606e-12,0.0,0.0
-11.1,1.0,0.0,1.7790112217831981,0.0,1.700911139088098,0.004877140455388895,-4.390083757696383,-0.2741489427200058
-11.1,-1.0,-1.0,-1.7790112217831981,-1.78967359448984,-1.626575098114178,-1.626836988426307,-8.835215366657092,0.26503990376385766
-11.1,0.0,-1.0,0.0,-1.78967359448984,0.0,-1.6980653771056589,-5.1187109015985035,-0.0
-11.1,1.0,-1.0,1.7790112217831981,-1.78967359448984,1.626575098114178,-1.626836988426307,-8.835215366657092,-0.26503990376385766
-11.0,-1.0,1.0,-1.7789284851614584,1.789405353631257,-1.640183673859184,1.6584255220345197,-7.558135859409503,0.23979919045890347
-11.0,0.0,1.0,0.0,1.789405353631257,0.0,1.7226812149371193,-3.728844253133244,0.0
-11.0,1.0,1.0,1.7789284851614584,1.789405353631257,1.640183673859184,1.6584255220345197,-7.558135859409503,-0.23979919045890347
-11.0,-1.0,0.0,-1.7789284851614584,0.0,-1.700837596115637,0.004834579731631816,-4.389771128923923,0.27176920106448366
-11.0,0.0,0.0,0.0,0.0,0.0,8.997913525377044e-12,0.0,0.0
-11.0,1.0,0.0,1.7789284851614584,0.0,1.700837596115637,0.004834579731631816,-4.389771128923923,-0.27176920106448366
-11.0,-1.0,-1.0,-1.7789284851614584,-1.789405353631257,-1.626567124821982,-1.626742330783926,-8.829104223218701,0.26277386855987317
-11.0,0.0,-1.0,0.0,-1.789405353631257,0.0,-1.697929523561189,-5.112079824978462,-0.0
-11.0,1.0,-1.0,1.7789284851614584,-1.789405353631257,1.626567124821982,-1.626742330783926,-8.829104223218701,-0.26277386855987317
-10.9,-1.0,1.0,-1.7788464330551461,1.7891393979964842,-1.640057232982005,1.6580526662248247,-7.563131657934555,0.2376954167724499
-10.9,0.0,1.0,0.0,1.7891393979964842,0.0,1.7223281142858453,-3.7342693244280243,0.0
-10.9,1.0,1.0,1.7788464330551461,1.7891393979964842,1.640057232982005,1.6580526662248247,-7.563131657934555,-0.2376954167724499
-10.9,-1.0,0.0,-1.7788464330551461,0.0,-1.700764692696938,0.004791981437957116,-4.389459309542744,0.269387022337108
-10.9,0.0,0.0,0.0,0.0,0.0,8.882006241606177e-12,0.0,0.0
-10.9,1.0,0.0,1.7788464330551461,0.0,1.700764692696938,0.004791981437957116,-4.389459309542744,-0.269387022337108
-10.9,-1.0,-1.0,-1.7788464330551461,-1.7891393979964842,-1.626559801453906,-1.6266498464471908,-8.822988983702308,0.26050475605288975
-10.9,0.0,-1.0,0.0,-1.7891393979964842,0.0,-1.697795909848672,-5.105442776012908,-0.0
-10.9,1.0,-1.0,1.7788464330551461,-1.7891393979964842,1.626559801453906,-1.6266498464471908,-8.822988983702308,-0.26050475605288975
-10.799999999999999,-1.0,1.0,-1.778765066253507,1.7888757293272395,-1.639931313854646,1.6576817715914698,-7.568135525840318,0.23558939446717106
-10.799999999999999,0.0,1.0,0.0,1.7888757293272395,0.0,1.7219771000108208,-3.7397024410174033,0.0
-10.799999999999999,1.0,1.0,1.778765066253507,1.7888757293272395,1.639931313854646,1.6576817715914698,-7.568135525840318,-0.23558939446717106
-10.799999999999999,-1.0,0.0,-1.778765066253507,0.0,-1.700692429542764,0.004749345923479975,-4.389148302489562,0.2670024284591558
-10.799999999999999,0.0,0.0,0.0,0.0,0.0,8.713030297258229e-12,0.0,0.0
-10.799999999999999,1.0,0.0,1.778765066253507,0.0,1.700692429542764,0.004749345923479975,-4.389148302489562,-0.2670024284591558
-10.799999999999999,-1.0,-1.0,-1.778765066253507,-1.7888757293272395,-1.626553128106353,-1.626559535991115,-8.816869705603711,0.25823258918888087
-10.799999999999999,0.0,-1.0,0.0,-1.7888757293272395,0.0,-1.697664536857184,-5.098799820172981,-0.0
-10.799999999999999,1.0,-1.0,1.778765066253507,-1.7888757293272395,1.626553128106353,-1.626559535991115,-8.816869705603711,-0.25823258918888087
-10.7,-1.0,1.0,-1.778684385538789,1.78861434934948,-1.639805917759195,1.657312840778263,-7.573147410259265,0.23348114706762485
-10.7,0.0,1.0,0.0,1.78861434934948,0.0,1.721628174533059,-3.745143543144658,0.0
-10.7,1.0,1.0,1.778684385538789,1.78861434934948,1.639805917759195,1.657312840778263,-7.573147410259265,-0.23348114706762485
-10.7,-1.0,0.0,-1.778684385538789,0.0,-1.700620807357301,0.004706673537195005,-4.388838110693901,0.2646154413600076
-10.7,0.0,0.0,0.0,0.0,0.0,8.554934538551606e-12,0.0,0.0
-10.7,1.0,0.0,1.778684385538789,0.0,1.700620807357301,0.004706673537195005,-4.388838110693901,-0.2646154413600076
-10.7,-1.0,-1.0,-1.778684385538789,-1.78861434934948,-1.62654710486956,-1.626471399976531,-8.81074644645137,0.2559573909758751
-10.7,0.0,-1.0,0.0,-1.78861434934948,0.0,-1.697535405461081,-5.092151023026537,-0.0
-10.7,1.0,-1.0,1.778684385538789,-1.78861434934948,1.62654710486956,-1.626471399976531,-8.81074644645137,-0.2559573909758751
-10.6,-1.0,1.0,-1.7786043916862362,1.788355259771861,-1.639681045971201,1.6569458764113472,-7.578167258311702,0.23137069811859692
-10.6,0.0,1.0,0.0,1.788355259771861,0.0,1.7212813402553526,-3.750592571023332,0.0
-10.6,1.0,1.0,1.7786043916862362,1.788355259771861,1.639681045971201,1.6569458764113472,-7.578167258311702,-0.23137069811859692
-10.6,-1.0,0.0,-1.7786043916862362,0.0,-1.70054982683817,0.004663964627813044,-4.388528737077119,0.262226082967854
-10.6,0.0,0.0,0.0,0.0,0.0,8.365974579760405e-12,0.0,0.0
-10.6,1.0,0.0,1.7786043916862362,0.0,1.70054982683817,0.004663964627813044,-4.388528737077119,-0.262226082967854
-10.6,-1.0,-1.0,-1.7786043916862362,-1.788355259771861,-1.626541731827604,-1.626385438950115,-8.804619263765268,0.2536791844439261
-10.6,0.0,-1.0,0.0,-1.788355259771861,0.0,-1.6974085165201251,-5.0854964501481605,-0.0
-10.6,1.0,-1.0,1.7786043916862362,-1.788355259771861,1.626541731827604,-1.626385438950115,-8.804619263765268,-0.2536791844439261
-10.5,-1.0,1.0,-1.7785250854641066,1.7880984622860208,-1.639556699759684,1.656580881099244,-7.583195017112559,0.22925807117862526
-10.5,0.0,1.0,0.0,1.7880984622860208,0.0,1.7209365995624037,-3.7560494648461886,0.0
-10.5,1.0,1.0,1.7785250854641066,1.7880984622860208,1.639556699759684,1.656580881099244,-7.583195017112559,-0.22925807117862526
-10.5,-1.0,0.0,-1.7785250854641066,0.0,-1.700479488676424,0.00462121954394501,-4.388220184553456,0.25983437521990876
-10.5,0.0,0.0,0.0,0.0,0.0,8.165912390722951e-12,0.0,0.0
-10.5,1.0,0.0,1.7785250854641066,0.0,1.700479488676424,0.00462121954394501,-4.388220184553456,-0.25983437521990876
-10.5,-1.0,-1.0,-1.7785250854641066,-1.7880984622860208,-1.626537009058405,-1.626301653444439,-8.798488215062596,0.25139799264984647
-10.5,0.0,-1.0,0.0,-1.7880984622860208,0.0,-1.6972838708793858,-5.078836167138789,-0.0
-10.5,1.0,-1.0,1.7785250854641066,-1.7880984622860208,1.626537009058405,-1.626301653444439,-8.798488215062596,-0.25139799264984647
-10.399999999999999,-1.0,1.0,-1.7784464676336564,1.7878439585670414,-1.639432880387141,1.6562178574329163,-7.5882306337814125,0.22714328980868154
-10.399999999999999,0.0,1.0,0.0,1.7878439585670414,0.0,1.7205939548208635,-3.7615141648088124,0.0
-10.399999999999999,1.0,1.0,1.7784464676336564,1.7878439585670414,1.639432880387141,1.6562178574329163,-7.5882306337814125,-0.22714328980868154
-10.399999999999999,-1.0,0.0,-1.7784464676336564,0.0,-1.700409793556543,0.004578438633926041,-4.387912456029476,0.25744034005240335
-10.399999999999999,0.0,0.0,0.0,0.0,0.0,7.934986001600919e-12,0.0,0.0
-10.399999999999999,1.0,0.0,1.7784464676336564,0.0,1.700409793556543,0.004578438633926041,-4.387912456029476,-0.25744034005240335
-10.399999999999999,-1.0,-1.0,-1.7784464676336564,-1.7878439585670414,-1.626532936633715,-1.6262200439779768,-8.792353357868802,0.24911383868841827
-10.399999999999999,0.0,-1.0,0.0,-1.7878439585670414,0.0,-1.697161469369382,-5.072170239641133,-0.0
-10.399999999999999,1.0,-1.0,1.7784464676336564,-1.7878439585670414,1.626532936633715,-1.6262200439779768,-8.792353357868802,-0.24911383868841827
-10.299999999999999,-1.0,1.0,-1.7783685389491533,1.7875917502738803,-1.639309589109547,1.6558568079858065,-7.593274055453329,0.22502637756184624
-10.299999999999999,0.0,1.0,0.0,1.7875917502738803,0.0,1.7202534083793595,-3.7669866111321997,0.0
-10.299999999999999,1.0,1.0,1.7783685389491533,1.7875917502738803,1.639309589109547,1.6558568079858065,-7.593274055453329,-0.22502637756184624
-10.299999999999999,-1.0,0.0,-1.7783685389491533,0.0,-1.700340742156459,0.004535622245974036,-4.3876055544033274,0.2550439994093776
-10.299999999999999,0.0,0.0,0.0,0.0,0.0,7.708056415367537e-12,0.0,0.0
-10.299999999999999,1.0,0.0,1.7783685389491533,0.0,1.700340742156459,0.004535622245974036,-4.3876055544033274,-0.2550439994093776
-10.299999999999999,-1.0,-1.0,-1.7783685389491533,-1.7875917502738803,-1.62652951461912,-1.626140611055065,-8.786214749729496,0.2468267457035569
-10.299999999999999,0.0,-1.0,0.0,-1.7875917502738803,0.0,-1.697041312805984,-5.065498733366993,-0.0
-10.299999999999999,1.0,-1.0,1.7783685389491533,-1.7875917502738803,1.62652951461912,-1.626140611055065,-8.786214749729496,-0.2468267457035569
-10.2,-1.0,1.0,-1.7782913001578804,1.787341839047798,-1.639186827176341,1.6554977353138456,-7.598325229238823,0.22290735802428274
-10.2,0.0,1.0,0.0,1.787341839047798,0.0,1.719914962568512,-3.7724667439781707,0.0
-10.2,1.0,1.0,1.7782913001578804,1.787341839047798,1.639186827176341,1.6554977353138456,-7.598325229238823,-0.22290735802428274
-10.2,-1.0,0.0,-1.7782913001578804,0.0,-1.700272335147529,0.004492770728075968,-4.387299482566474,0.25264537523616576
-10.2,0.0,0.0,0.0,0.0,0.0,7.454925565753001e-12,0.0,0.0
-10.2,1.0,0.0,1.7782913001578804,0.0,1.700272335147529,0.004492770728075968,-4.387299482566474,-0.25264537523616576
-10.2,-1.0,-1.0,-1.7782913001578804,-1.787341839047798,-1.626526743074044,-1.626063355166025,-8.780072448166093,0.24453673684429328
-10.2,0.0,-1.0,0.0,-1.787341839047798,0.0,-1.6969234019905362,-5.058821714005869,-0.0
-10.2,1.0,-1.0,1.7782913001578804,-1.787341839047798,1.626526743074044,-1.626063355166025,-8.780072448166093,-0.24453673684429328
-10.1,-1.0,1.0,-1.778214752000129,1.7870942265142187,-1.639064595830451,1.6551406419555574,-7.603384102268643,0.2207862547684754
-10.1,0.0,1.0,0.0,1.7870942265142187,0.0,1.7195786197010448,-3.7779545035442905,0.0
-10.1,1.0,1.0,1.778214752000129,1.7870942265142187,1.639064595830451,1.6551406419555574,-7.603384102268643,-0.2207862547684754
-10.1,-1.0,0.0,-1.778214752000129,0.0,-1.700204573194559,0.004449884428046946,-4.386994243401957,0.2502444894825967
-10.1,0.0,0.0,0.0,0.0,0.0,7.200906537718765e-12,0.0,0.0
-10.1,1.0,0.0,1.778214752000129,0.0,1.700204573194559,0.004449884428046946,-4.386994243401957,-0.2502444894825967
-10.1,-1.0,-1.0,-1.778214752000129,-1.7870942265142187,-1.626524622051759,-1.625988276787079,-8.77392651072498,0.2422438353144872
-10.1,0.0,-1.0,0.0,-1.7870942265142187,0.0,-1.696807737709762,-5.052139247327955,-0.0
-10.1,1.0,-1.0,1.778214752000129,-1.7870942265142187,1.626524622051759,-1.625988276787079,-8.77392651072498,-0.2422438353144872
-10.0,-1.0,1.0,-1.7781388952092103,1.7868489142817578,-1.638942896308273,1.6547855304320591,-7.608450621669915,0.21866309137882825
-10.0,0.0,1.0,0.0,1.7868489142817578,0.0,1.719244382071804,-3.7834498300114094,0.0
-10.0,1.0,1.0,1.7781388952092103,1.7868489142817578,1.638942896308273,1.6547855304320591,-7.608450621669915,-0.21866309137882825
-10.0,-1.0,0.0,-1.7781388952092103,0.0,-1.700137456955788,0.004406963693540877,-4.386689839785817,0.24784136410347002
-10.0,0.0,0.0,0.0,0.0,0.0,6.958877918350481e-12,0.0,0.0
-10.0,1.0,0.0,1.7781388952092103,0.0,1.700137456955788,0.004406963693540877,-4.386689839785817,-0.24784136410347002
-10.0,-1.0,-1.0,-1.7781388952092103,-1.7868489142817578,-1.626523151599359,-1.6259153763803782,-8.767776994952206,0.2399480643455829
-10.0,0.0,-1.0,0.0,-1.7868489142817578,0.0,-1.6966943207358949,-5.045451399124113,-0.0
-10.0,1.0,-1.0,1.7781388952092103,-1.7868489142817578,1.626523151599359,-1.6259153763803782,-8.767776994952206,-0.2399480643455829
-9.899999999999999,-1.0,1.0,-1.778063730511461,1.7866059039420623,-1.638821729839681,1.6544324032470685,-7.613524734562081,0.21653789145533547
-9.899999999999999,0.0,1.0,0.0,1.7866059039420623,0.0,1.7189122519577689,-3.788952663535398,0.0
-9.899999999999999,1.0,1.0,1.778063730511461,1.7866059039420623,1.638821729839681,1.6544324032470685,-7.613524734562081,-0.21653789145533547
-9.899999999999999,-1.0,0.0,-1.778063730511461,0.0,-1.700070987082911,0.004364008871968084,-4.386386274586202,0.24543602105379958
-9.899999999999999,0.0,0.0,0.0,0.0,0.0,6.693090526255219e-12,0.0,0.0
-9.899999999999999,1.0,0.0,1.778063730511461,0.0,1.700070987082911,0.004364008871968084,-4.386386274586202,-0.24543602105379958
-9.899999999999999,-1.0,-1.0,-1.778063730511461,-1.7866059039420623,-1.626522331757778,-1.6258446543941258,-8.761623958385012,0.23764944718894532
-9.899999999999999,0.0,-1.0,0.0,-1.7866059039420623,0.0,-1.696583151826636,-5.038758235198664,-0.0
-9.899999999999999,1.0,-1.0,1.778063730511461,-1.7866059039420623,1.626522331757778,-1.6258446543941258,-8.761623958385012,-0.23764944718894532
-9.799999999999999,-1.0,1.0,-1.7779892586262291,1.7863651970710626,-1.638701097648034,1.6540812628870716,-7.618606388084509,0.21441067858468998
-9.799999999999999,0.0,1.0,0.0,1.7863651970710626,0.0,1.7185822316181274,-3.7944629443113094,0.0
-9.799999999999999,1.0,1.0,1.7779892586262291,1.7863651970710626,1.638701097648034,1.6540812628870716,-7.618606388084509,-0.21441067858468998
-9.799999999999999,-1.0,0.0,-1.7779892586262291,0.0,-1.70000516422106,0.004321020310595003,-4.386083550663507,0.2430284822943001
-9.799999999999999,0.0,0.0,0.0,0.0,0.0,6.416200903913705e-12,0.0,0.0
-9.799999999999999,1.0,0.0,1.7779892586262291,0.0,1.70000516422106,0.004321020310595003,-4.386083550663507,-0.2430284822943001
-9.799999999999999,-1.0,-1.0,-1.7779892586262291,-1.7863651970710626,-1.626522162561786,-1.625776111262427,-8.75546745858747,0.23534800715162832
-9.799999999999999,0.0,-1.0,0.0,-1.7863651970710626,0.0,-1.6964742317251589,-5.032059821434585,-0.0
-9.799999999999999,1.0,-1.0,1.7779892586262291,-1.7863651970710626,1.626522162561786,-1.625776111262427,-8.75546745858747,-0.23534800715162832
-9.7,-1.0,1.0,-1.7779154802658979,1.7861267952275206,-1.638581000950169,1.6537321118212454,-7.62369552936229,0.21228147637607206
-9.7,0.0,1.0,0.0,1.7861267952275206,0.0,1.718254323294381,-3.7999806124902724,0.0
-9.7,1.0,1.0,1.7779154802658979,1.7861267952275206,1.638581000950169,1.6537321118212454,-7.62369552936229,-0.21228147637607206
-9.7,-1.0,0.0,-1.7779154802658979,0.0,-1.699939989008817,0.004277998356514878,-4.385781670871059,0.24061876978961216
-9.7,0.0,0.0,0.0,0.0,0.0,6.1519678240529174e-12,0.0,0.0
-9.7,1.0,0.0,1.7779154802658979,0.0,1.699939989008817,0.004277998356514878,-4.385781670871059,-0.24061876978961216
-9.7,-1.0,-1.0,-1.7779154802658979,-1.7861267952275206,-1.626522644039988,-1.625709747405424,-8.749307553109425,0.23304376755435563
-9.7,0.0,-1.0,0.0,-1.7861267952275206,0.0,-1.696367561160147,-5.025356223713104,-0.0
-9.7,1.0,-1.0,1.7779154802658979,-1.7861267952275206,1.626522644039988,-1.625709747405424,-8.749307553109425,-0.23304376755435563
-9.6,-1.0,1.0,-1.7778423961358674,1.7858906999539403,-1.638461440956398,1.653384952501507,-7.628792105528483,0.21015030843795124
-9.6,0.0,1.0,0.0,1.7858906999539403,0.0,1.7179285292102207,-3.8055056082364107,0.0
-9.6,1.0,1.0,1.7778423961358674,1.7858906999539403,1.638461440956398,1.653384952501507,-7.628792105528483,-0.21015030843795124
-9.6,-1.0,0.0,-1.7778423961358674,0.0,-1.699875462078215,0.004234943356623999,-4.385480638053918,0.23820690550684526
-9.6,0.0,0.0,0.0,0.0,0.0,5.8690829973784275e-12,0.0,0.0
-9.6,1.0,0.0,1.7778423961358674,0.0,1.699875462078215,0.004234943356623999,-4.385480638053918,-0.23820690550684526
-9.6,-1.0,-1.0,-1.7778423961358674,-1.7858906999539403,-1.626523776214825,-1.625645563229281,-8.743144299509318,0.23073675175512479
-9.6,0.0,-1.0,0.0,-1.7858906999539403,0.0,-1.696263140845824,-5.018647507959359,-0.0
-9.6,1.0,-1.0,1.7778423961358674,-1.7858906999539403,1.626523776214825,-1.625645563229281,-8.743144299509318,-0.23073675175512479
-9.5,-1.0,1.0,-1.7777700069345714,1.7856569127768607,-1.638342418870535,1.6530397873626637,-7.633896063727631,0.20801719837386215
-9.5,0.0,1.0,0.0,1.7856569127768607,0.0,1.7176048515718116,-3.8110378717276556,0.0
-9.5,1.0,1.0,1.7777700069345714,1.7856569127768607,1.638342418870535,1.6530397873626637,-7.633896063727631,-0.20801719837386215
-9.5,-1.0,0.0,-1.7777700069345714,0.0,-1.699811584054742,0.004191855657649013,-4.385180455049634,0.23579291141698788
-9.5,0.0,0.0,0.0,0.0,0.0,5.5990767577895895e-12,0.0,0.0
-9.5,1.0,0.0,1.7777700069345714,0.0,1.699811584054742,0.004191855657649013,-4.385180455049634,-0.23579291141698788
-9.5,-1.0,-1.0,-1.7777700069345714,-1.7856569127768607,-1.626525559102574,-1.6255835591261671,-8.736977755362046,0.22842698315609405
-9.5,0.0,-1.0,0.0,-1.7856569127768607,0.0,-1.696160971481939,-5.011933740157691,-0.0
-9.5,1.0,-1.0,1.7777700069345714,-1.7856569127768607,1.626525559102574,-1.6255835591261671,-8.736977755362046,-0.22842698315609405
-9.399999999999999,-1.0,1.0,-1.7776983133534763,1.7854254352055987,-1.638223935889854,1.6526966188223104,-7.639007351087641,0.205882169812702
-9.399999999999999,0.0,1.0,0.0,1.7854254352055987,0.0,1.7172832925675676,-3.8165773431016596,0.0
-9.399999999999999,1.0,1.0,1.7776983133534763,1.7854254352055987,1.638223935889854,1.6526966188223104,-7.639007351087641,-0.205882169812702
-9.399999999999999,-1.0,0.0,-1.7776983133534763,0.0,-1.699748355557329,0.0041487356061300495,-4.384881124688777,0.23337680949383435
-9.399999999999999,0.0,0.0,0.0,0.0,0.0,5.3230753138677755e-12,0.0,0.0
-9.399999999999999,1.0,0.0,1.7776983133534763,0.0,1.699748355557329,0.0041487356061300495,-4.384881124688777,-0.23337680949383435
-9.399999999999999,-1.0,-1.0,-1.7776983133534763,-1.7854254352055987,-1.626527992713334,-1.6255237354742862,-8.730807978225666,0.22611448516982052
-9.399999999999999,0.0,-1.0,0.0,-1.7854254352055987,0.0,-1.696061053753792,-5.005214986282311,-0.0
-9.399999999999999,1.0,-1.0,1.7776983133534763,-1.7854254352055987,1.626527992713334,-1.6255237354742862,-8.730807978225666,-0.22611448516982052
-9.299999999999999,-1.0,1.0,-1.777627316077084,1.7851962687334577,-1.638105993205135,1.652355449280974,-7.644125914746269,0.2037452463796917
-9.299999999999999,0.0,1.0,0.0,1.7851962687334577,0.0,1.716963854368426,-3.8221239625064034,0.0
-9.299999999999999,1.0,1.0,1.777627316077084,1.7851962687334577,1.638105993205135,1.652355449280974,-7.644125914746269,-0.2037452463796917
-9.299999999999999,-1.0,0.0,-1.777627316077084,0.0,-1.699685777198376,0.004105583548434044,-4.384582649793626,0.23095862171460985
-9.299999999999999,0.0,0.0,0.0,0.0,0.0,5.043077067057311e-12,0.0,0.0
-9.299999999999999,1.0,0.0,1.777627316077084,0.0,1.699685777198376,0.004105583548434044,-4.384582649793626,-0.23095862171460985
-9.299999999999999,-1.0,-1.0,-1.777627316077084,-1.7851962687334577,-1.626531077051053,-1.625466092637941,-8.7246350256694,0.22379928124831935
-9.299999999999999,0.0,-1.0,0.0,-1.7851962687334577,0.0,-1.695963388332278,-4.998491312357925,-0.0
-9.299999999999999,1.0,-1.0,1.777627316077084,-1.7851962687334577,1.626531077051053,-1.625466092637941,-8.7246350256694,-0.22379928124831935
-9.2,-1.0,1.0,-1.7775570157829264,1.78496941483818,-1.637988592000634,1.6520162811221317,-7.64925170186346,0.20160645168531888
-9.2,0.0,1.0,0.0,1.78496941483818,0.0,1.7166465391278172,-3.8276776701272963,0.0
-9.2,1.0,1.0,1.7775570157829264,1.78496941483818,1.637988592000634,1.6520162811221317,-7.64925170186346,-0.20160645168531888
-9.2,-1.0,0.0,-1.7775570157829264,0.0,-1.699623849583733,0.004062399830762953,-4.384285033178956,0.22853837006030805
-9.2,0.0,0.0,0.0,0.0,0.0,4.7979398232200765e-12,0.0,0.0
-9.2,1.0,0.0,1.7775570157829264,0.0,1.699623849583733,0.004062399830762953,-4.384285033178956,-0.22853837006030805
-9.2,-1.0,-1.0,-1.7775570157829264,-1.78496941483818,-1.626534812113503,-1.625410630967434,-8.718458955288122,0.22148139489627808
-9.2,0.0,-1.0,0.0,-1.78496941483818,0.0,-1.695867975873852,-4.991762784484784,-0.0
-9.2,1.0,-1.0,1.7775570157829264,-1.78496941483818,1.626534812113503,-1.625410630967434,-8.718458955288122,-0.22148139489627808
-9.1,-1.0,1.0,-1.7774874131415817,1.7847448749797623,-1.637871733454095,1.651679116712221,-7.654384659565011,0.19946580938178812
-9.1,0.0,1.0,0.0,1.7847448749797623,0.0,1.7163313489815888,-3.8332384060746656,0.0
-9.1,1.0,1.0,1.7774874131415817,1.7847448749797623,1.637871733454095,1.651679116712221,-7.654384659565011,-0.19946580938178812
-9.1,-1.0,0.0,-1.7774874131415817,0.0,-1.699562573312707,0.0040191847990960206,-4.38398827765244,0.22611607651231688
-9.1,0.0,0.0,0.0,0.0,0.0,4.517053397989912e-12,0.0,0.0
-9.1,1.0,0.0,1.7774874131415817,0.0,1.699562573312707,0.0040191847990960206,-4.38398827765244,-0.22611607651231688
-9.1,-1.0,-1.0,-1.7774874131415817,-1.7847448749797623,-1.626539197892285,-1.62535735079921,-8.712279824641852,0.21916084961051005
-9.1,0.0,-1.0,0.0,-1.7847448749797623,0.0,-1.6957748170205849,-4.985029468718117,-0.0
-9.1,1.0,-1.0,1.7774874131415817,-1.7847448749797623,1.626539197892285,-1.62535735079921,-8.712279824641852,-0.21916084961051005
-9.0,-1.0,1.0,-1.7774185088166659,1.7845226506035194,-1.637755418736762,1.6513439584007035,-7.659524735020037,0.19732334308427876
-9.0,0.0,1.0,0.0,1.7845226506035194,0.0,1.7160182860482576,-3.8388061105357183,0.0
-9.0,1.0,1.0,1.7774185088166659,1.7845226506035194,1.637755418736762,1.6513439584007035,-7.659524735020037,-0.19732334308427876
-9.0,-1.0,0.0,-1.7774185088166659,0.0,-1.699501948978072,0.003975938799333889,-4.3836923860136645,0.223691763060401
-9.0,0.0,0.0,0.0,0.0,0.0,4.271916154152677e-12,0.0,0.0
-9.0,1.0,0.0,1.7774185088166659,0.0,1.699501948978072,0.003975938799333889,-4.3836923860136645,-0.223691763060401
-9.0,-1.0,-1.0,-1.7774185088166659,-1.7845226506035194,-1.626544234372842,-1.625306252455779,-8.706097691335634,0.2168376689602391
-9.0,0.0,-1.0,0.0,-1.7845226506035194,0.0,-1.6956839124001362,-4.9782914312316695,-0.0
-9.0,1.0,-1.0,1.7774185088166659,-1.7845226506035194,1.626544234372842,-1.625306252455779,-8.706097691335634,-0.2168376689602391
-8.899999999999999,-1.0,1.0,-1.77735030346484,1.7843027431373404,-1.63763964901336,1.6510108085201411,-7.664671875368875,0.19517907644436705
-8.899999999999999,0.0,1.0,0.0,1.7843027431373404,0.0,1.7157073524288597,-3.8443807236360197,0.0
-8.899999999999999,1.0,1.0,1.77735030346484,1.7843027431373404,1.63763964901336,1.6510108085201411,-7.664671875368875,-0.19517907644436705
-8.899999999999999,-1.0,0.0,-1.77735030346484,0.0,-1.699441977166056,0.003932662177130064,-4.38339736105517,0.22126545169309453
-8.899999999999999,0.0,0.0,0.0,0.0,0.0,4.026112776500668e-12,0.0,0.0
-8.899999999999999,1.0,0.0,1.77735030346484,0.0,1.699441977166056,0.003932662177130064,-4.38339736105517,-0.22126545169309453
-8.899999999999999,-1.0,-1.0,-1.77735030346484,-1.7843027431373404,-1.626549921534436,-1.625257336245729,-8.699912612948863,0.21451187651533302
-8.899999999999999,0.0,-1.0,0.0,-1.7843027431373404,0.0,-1.6955952626258228,-4.9715487381666605,-0.0
-8.899999999999999,1.0,-1.0,1.77735030346484,-1.7843027431373404,1.626549921534436,-1.625257336245729,-8.699912612948863,-0.21451187651533302
-8.799999999999999,-1.0,1.0,-1.7772827977358063,1.78408515399334,-1.637524425442114,1.6506796693861558,-7.669826027766873,0.19303303310493738
-8.799999999999999,0.0,1.0,0.0,1.78408515399334,0.0,1.7153985502071691,-3.849962185517254,0.0
-8.799999999999999,1.0,1.0,1.7772827977358063,1.78408515399334,1.637524425442114,1.6506796693861558,-7.669826027766873,-0.19303303310493738
-8.799999999999999,-1.0,0.0,-1.7772827977358063,0.0,-1.699382658456364,0.0038893552779999396,-4.383103205560997,0.21883716440370868
-8.799999999999999,0.0,0.0,0.0,0.0,0.0,3.782973934107758e-12,0.0,0.0
-8.799999999999999,1.0,0.0,1.7772827977358063,0.0,1.699382658456364,0.0038893552779999396,-4.383103205560997,-0.21883716440370868
-8.799999999999999,-1.0,-1.0,-1.7772827977358063,-1.78408515399334,-1.626556259350173,-1.625210602463805,-8.693724647074193,0.21218349588645022
-8.799999999999999,0.0,-1.0,0.0,-1.78408515399334,0.0,-1.6955088682965789,-4.964801455720862,-0.0
-8.799999999999999,1.0,-1.0,1.7772827977358063,-1.78408515399334,1.626556259350173,-1.625210602463805,-8.693724647074193,-0.21218349588645022
-8.7,-1.0,1.0,-1.7772159922723205,1.7838698845676815,-1.637409749174738,1.6503505432975318,-7.674987139377929,0.19088523670768529
-8.7,0.0,1.0,0.0,1.7838698845676815,0.0,1.7150918814495666,-3.855550436335952,0.0
-8.7,1.0,1.0,1.7772159922723205,1.7838698845676815,1.637409749174738,1.6503505432975318,-7.674987139377929,-0.19088523670768529
-8.7,-1.0,0.0,-1.7772159922723205,0.0,-1.699323993422154,0.0038460184472490777,-4.3828099223086,0.21640692318616933
-8.7,0.0,0.0,0.0,0.0,0.0,3.54694051907245e-12,0.0,0.0
-8.7,1.0,0.0,1.7772159922723205,0.0,1.699323993422154,0.0038460184472490777,-4.3828099223086,-0.21640692318616933
-8.7,-1.0,-1.0,-1.7772159922723205,-1.7838698845676815,-1.626563247786977,-1.625166051390865,-8.687533851314756,0.20985255072013795
-8.7,0.0,-1.0,0.0,-1.7838698845676815,0.0,-1.6954247299970269,-4.958049650134049,-0.0
-8.7,1.0,-1.0,1.7772159922723205,-1.7838698845676815,1.626563247786977,-1.625166051390865,-8.687533851314756,-0.20985255072013795
-8.6,-1.0,1.0,-1.7771498877101923,1.783656936240301,-1.637295621356444,1.650023432536254,-7.680155157366536,0.18873571090056412
-8.6,0.0,1.0,0.0,1.783656936240301,0.0,1.7147873482052305,-3.861145416238951,0.0
-8.6,1.0,1.0,1.7771498877101923,1.783656936240301,1.637295621356444,1.650023432536254,-7.680155157366536,-0.18873571090056412
-8.6,-1.0,0.0,-1.7771498877101923,0.0,-1.699265982630062,0.0038026520300789013,-4.382517514067512,0.2139747500408371
-8.6,0.0,0.0,0.0,0.0,0.0,3.3149039069257924e-12,0.0,0.0
-8.6,1.0,0.0,1.7771498877101923,0.0,1.699265982630062,0.0038026520300789013,-4.382517514067512,-0.2139747500408371
-8.6,-1.0,-1.0,-1.7771498877101923,-1.783656936240301,-1.626570886805601,-1.62512368329387,-8.681340283276452,0.20751906469177536
-8.6,0.0,-1.0,0.0,-1.783656936240301,0.0,-1.695342848297391,-4.951293387677105,-0.0
-8.6,1.0,-1.0,1.7771498877101923,-1.783656936240301,1.626570886805601,-1.62512368329387,-8.681340283276452,-0.20751906469177536
-8.5,-1.0,1.0,-1.7770844846782725,1.7834463103750808,-1.637182043125947,1.6496983393675435,-7.685330028901211,0.18658447933328035
-8.5,0.0,1.0,0.0,1.7834463103750808,0.0,1.714484952506099,-3.866747065375823,0.0
-8.5,1.0,1.0,1.7770844846782725,1.7834463103750808,1.637182043125947,1.6496983393675435,-7.685330028901211,-0.18658447933328035
-8.5,-1.0,0.0,-1.7770844846782725,0.0,-1.699208626640187,0.0037592563715029836,-4.382225983599448,0.21154066696967241
-8.5,0.0,0.0,0.0,0.0,0.0,3.1008529077780622e-12,0.0,0.0
-8.5,1.0,0.0,1.7770844846782725,0.0,1.699208626640187,0.0037592563715029836,-4.382225983599448,-0.21154066696967241
-8.5,-1.0,-1.0,-1.7770844846782725,-1.7834463103750808,-1.626579176360639,-1.6250834984259772,-8.675144000568633,0.20518306150747115
-8.5,0.0,-1.0,0.0,-1.7834463103750808,0.0,-1.695263223753616,-4.944532734653436,-0.0
-8.5,1.0,-1.0,1.7770844846782725,-1.7834463103750808,1.626579176360639,-1.6250834984259772,-8.675144000568633,-0.20518306150747115
-8.399999999999999,-1.0,1.0,-1.7770197837984758,1.7832380083192811,-1.637069015615452,1.6493752660398433,-7.690511701141581,0.18443156567199073
-8.399999999999999,0.0,1.0,0.0,1.7832380083192811,0.0,1.7141846963668845,-3.872355323868406,0.0
-8.399999999999999,1.0,1.0,1.7770197837984758,1.7832380083192811,1.637069015615452,1.6493752660398433,-7.690511701141581,-0.18443156567199073
-8.399999999999999,-1.0,0.0,-1.7770197837984758,0.0,-1.6991519260061,0.0037158318163381665,-4.381935333658974,0.2091046959756056
-8.399999999999999,0.0,0.0,0.0,0.0,0.0,2.886135774815557e-12,0.0,0.0
-8.399999999999999,1.0,0.0,1.7770197837984758,0.0,1.6991519260061,0.0037158318163381665,-4.381935333658974,-0.2091046959756056
-8.399999999999999,-1.0,-1.0,-1.7770197837984758,-1.7832380083192811,-1.626588116400503,-1.625045497026497,-8.668945060791312,0.20284456488894653
-8.399999999999999,0.0,-1.0,0.0,-1.7832380083192811,0.0,-1.695185856907365,-4.937767757367741,-0.0
-8.399999999999999,1.0,-1.0,1.7770197837984758,-1.7832380083192811,1.626588116400503,-1.625045497026497,-8.668945060791312,-0.20284456488894653
-8.299999999999999,-1.0,1.0,-1.7769557856857805,1.783032031405063,-1.636956539950672,1.649054214784936,-7.695700121274481,0.18227699356207577
-8.299999999999999,0.0,1.0,0.0,1.783032031405063,0.0,1.713886581785242,-3.877970131884452,0.0
-8.299999999999999,1.0,1.0,1.7769557856857805,1.783032031405063,1.636956539950672,1.649054214784936,-7.695700121274481,-0.18227699356207577
-8.299999999999999,-1.0,0.0,-1.7769557856857805,0.0,-1.699095881274858,0.00367237870927406,-4.381645566992767,0.2066668590663205
-8.299999999999999,0.0,0.0,0.0,0.0,0.0,2.6769697569761775e-12,0.0,0.0
-8.299999999999999,1.0,0.0,1.7769557856857805,0.0,1.699095881274858,0.00367237870927406,-4.381645566992767,-0.2066668590663205
-8.299999999999999,-1.0,-1.0,-1.7769557856857805,-1.783032031405063,-1.626597706867428,-1.625009679320863,-8.662743521574546,0.20050359861282568
-8.299999999999999,0.0,-1.0,0.0,-1.783032031405063,0.0,-1.6951107482859369,-4.930998522210643,-0.0
-8.299999999999999,1.0,-1.0,1.7769557856857805,-1.783032031405063,1.626597706867428,-1.625009679320863,-8.662743521574546,-0.20050359861282568
-8.2,-1.0,1.0,-1.7768924909482058,1.7828283809484358,-1.636844617250822,1.6487351878179743,-7.700895236485872,0.18012078665530035
-8.2,0.0,1.0,0.0,1.7828283809484358,0.0,1.7135906107416967,-3.8835914295859295,0.0
-8.2,1.0,1.0,1.7768924909482058,1.7828283809484358,1.636844617250822,1.6487351878179743,-7.700895236485872,-0.18012078665530035
-8.2,-1.0,0.0,-1.7768924909482058,0.0,-1.69904049298697,0.0036288973948499503,-4.381356686340179,0.20422717825283038
-8.2,0.0,0.0,0.0,0.0,0.0,2.502886786714953e-12,0.0,0.0
-8.2,1.0,0.0,1.7768924909482058,0.0,1.69904049298697,0.0036288973948499503,-4.381356686340179,-0.20422717825283038
-8.2,-1.0,-1.0,-1.7768924909482058,-1.7828283809484358,-1.626607947697488,-1.624976045520723,-8.656539440547228,0.19816018648167763
-8.2,0.0,-1.0,0.0,-1.7828283809484358,0.0,-1.695037898402377,-4.924225095595325,-0.0
-8.2,1.0,-1.0,1.7768924909482058,-1.7828283809484358,1.626607947697488,-1.624976045520723,-8.656539440547228,-0.19816018648167763
-8.1,-1.0,1.0,-1.7768299001868515,1.782627058248445,-1.636733248628614,1.6484181873374484,-7.706096993942276,0.1779629686305904
-8.1,0.0,1.0,0.0,1.782627058248445,0.0,1.7132967851996992,-3.8892191570831165,0.0
-8.1,1.0,1.0,1.7768299001868515,1.782627058248445,1.636733248628614,1.6484181873374484,-7.706096993942276,-0.1779629686305904
-8.1,-1.0,0.0,-1.7768299001868515,0.0,-1.698985761676446,0.0035853882173910723,-4.381068694432669,0.20178567554575894
-8.1,0.0,0.0,0.0,0.0,0.0,2.306155266751375e-12,0.0,0.0
-8.1,1.0,0.0,1.7768299001868515,0.0,1.698985761676446,0.0035853882173910723,-4.381068694432669,-0.20178567554575894
-8.1,-1.0,-1.0,-1.7768299001868515,-1.782627058248445,-1.626618838820569,-1.6249445958239228,-8.650332875317785,0.19581435230129293
-8.1,0.0,-1.0,0.0,-1.782627058248445,0.0,-1.694967307755479,-4.917447543912956,-0.0
-8.1,1.0,-1.0,1.7768299001868515,-1.782627058248445,1.626618838820569,-1.6249445958239228,-8.650332875317785,-0.19581435230129293
-8.0,-1.0,1.0,-1.7767680139958717,1.782428064589625,-1.636622435190284,1.648103215525321,-7.711305340849598,0.17580356313218917
-8.0,0.0,1.0,0.0,1.782428064589625,0.0,1.7130051071056953,-3.894853254563925,0.0
-8.0,1.0,1.0,1.7767680139958717,1.782428064589625,1.636622435190284,1.648103215525321,-7.711305340849598,-0.17580356313218917
-8.0,-1.0,0.0,-1.7767680139958717,0.0,-1.698931687870756,0.0035418515211211865,-4.3807815939946595,0.19934237296155063
-8.0,0.0,0.0,0.0,0.0,0.0,2.1460611066004276e-12,0.0,0.0
-8.0,1.0,0.0,1.7767680139958717,0.0,1.698931687870756,0.0035418515211211865,-4.3807815939946595,-0.19934237296155063
-8.0,-1.0,-1.0,-1.7767680139958717,-1.782428064589625,-1.626630380160391,-1.624915330414462,-8.644123883536812,0.1934661199453831
-8.0,0.0,-1.0,0.0,-1.782428064589625,0.0,-1.694898976829722,-4.910665933665896,-0.0
-8.0,1.0,-1.0,1.7767680139958717,-1.782428064589625,1.626630380160391,-1.624915330414462,-8.644123883536812,-0.1934661199453831
-7.899999999999999,-1.0,1.0,-1.7767068329624895,1.7822314012391605,-1.636512178035548,1.6477902745469504,-7.7165202243837845,0.1736425938422301
-7.899999999999999,0.0,1.0,0.0,1.7822314012391605,0.0,1.712715578389174,-3.9004936621391026,0.0
-7.899999999999999,1.0,1.0,1.7767068329624895,1.7822314012391605,1.636512178035548,1.6477902745469504,-7.7165202243837845,-0.1736425938422301
-7.899999999999999,-1.0,0.0,-1.7767068329624895,0.0,-1.698878272090856,0.0034982876500788684,-4.380495387742831,0.19689729251762975
-7.899999999999999,0.0,0.0,0.0,0.0,0.0,1.9770851622524788e-12,0.0,0.0
-7.899999999999999,1.0,0.0,1.7767068329624895,0.0,1.698878272090856,0.0034982876500788684,-4.380495387742831,-0.19689729251762975
-7.899999999999999,-1.0,-1.0,-1.7767068329624895,-1.7822314012391605,-1.626642571634494,-1.6248882494625818,-8.637912522821663,0.19111551327910595
-7.899999999999999,0.0,-1.0,0.0,-1.7822314012391605,0.0,-1.6948329060953882,-4.90388033130857,-0.0
-7.899999999999999,1.0,-1.0,1.7767068329624895,-1.7822314012391605,1.626642571634494,-1.6248882494625818,-8.637912522821663,-0.19111551327910595
-7.799999999999999,-1.0,1.0,-1.7766463576669989,1.782037069449316,-1.636402478257659,1.6474793665513,-7.721741591746794,0.17148008442142262
-7.799999999999999,0.0,1.0,0.0,1.782037069449316,0.0,1.7124282009626746,-3.9061403199739204,0.0
-7.799999999999999,1.0,1.0,1.7766463576669989,1.782037069449316,1.636402478257659,1.6474793665513,-7.721741591746794,-0.17148008442142262
-7.799999999999999,-1.0,0.0,-1.7766463576669989,0.0,-1.698825514851188,0.003454696948165026,-4.380210078386184,0.19445045623494578
-7.799999999999999,0.0,0.0,0.0,0.0,0.0,1.8169910021015312e-12,0.0,0.0
-7.799999999999999,1.0,0.0,1.7766463576669989,0.0,1.698825514851188,0.003454696948165026,-4.380210078386184,-0.19445045623494578
-7.799999999999999,-1.0,-1.0,-1.7766463576669989,-1.782037069449316,-1.626655413154242,-1.624863353124723,-8.631698850819664,0.18876255622192423
-7.799999999999999,0.0,-1.0,0.0,-1.782037069449316,0.0,-1.6947690960084432,-4.897090803382686,-0.0
-7.799999999999999,1.0,-1.0,1.7766463576669989,-1.782037069449316,1.626655413154242,-1.624863353124723,-8.631698850819664,-0.18876255622192423
-7.699999999999999,-1.0,1.0,-1.77658658868276,1.7818450704568156,-1.636293336943364,1.6471704936708247,-7.72696939015526,0.16931605852253653
-7.699999999999999,0.0,1.0,0.0,1.7818450704568156,0.0,1.7121429767218996,-3.9117931682492633,0.0
-7.699999999999999,1.0,1.0,1.77658658868276,1.7818450704568156,1.636293336943364,1.6471704936708247,-7.72696939015526,-0.16931605852253653
-7.699999999999999,-1.0,0.0,-1.77658658868276,0.0,-1.698773416659669,0.003411079759108926,-4.379925668626439,0.1920018861359328
-7.699999999999999,0.0,0.0,0.0,0.0,0.0,1.6759926779741363e-12,0.0,0.0
-7.699999999999999,1.0,0.0,1.77658658868276,0.0,1.698773416659669,0.003411079759108926,-4.379925668626439,-0.1920018861359328
-7.699999999999999,-1.0,-1.0,-1.77658658868276,-1.7818450704568156,-1.626668904624822,-1.6248406415435142,-8.625482925191754,0.18640727273154165
-7.699999999999999,0.0,-1.0,0.0,-1.7818450704568156,0.0,-1.694707547010677,-4.890297416475105,-0.0
-7.699999999999999,1.0,-1.0,1.77658658868276,-1.7818450704568156,1.626668904624822,-1.6248406415435142,-8.625482925191754,-0.18640727273154165
-7.6,-1.0,1.0,-1.7765275265762093,1.7816554054815992,-1.636184755172933,1.6468636580215295,-7.732203566806508,0.16715053982317435
-7.6,0.0,1.0,0.0,1.7816554054815992,0.0,1.7118599075456022,-3.917452147101954,0.0
-7.6,1.0,1.0,1.7765275265762093,1.7816554054815992,1.636184755172933,1.6468636580215295,-7.732203566806508,-0.16715053982317435
-7.6,-1.0,0.0,-1.7765275265762093,0.0,-1.698721978017709,0.003367436426506054,-4.379642161157507,0.18955160424651032
-7.6,0.0,0.0,0.0,0.0,0.0,1.514455227891176e-12,0.0,0.0
-7.6,1.0,0.0,1.7765275265762093,0.0,1.698721978017709,0.003367436426506054,-4.379642161157507,-0.18955160424651032
-7.6,-1.0,-1.0,-1.7765275265762093,-1.7816554054815992,-1.626683045945239,-1.624820114847878,-8.61926480357733,0.18404968676810554
-7.6,0.0,-1.0,0.0,-1.7816554054815992,0.0,-1.6946482595296462,-4.883500237153554,-0.0
-7.6,1.0,-1.0,1.7765275265762093,-1.7816554054815992,1.626683045945239,-1.624820114847878,-8.61926480357733,-0.18404968676810554
-7.5,-1.0,1.0,-1.7764691719068557,1.7814680757283141,-1.636076734020143,1.6465588617030913,-7.737444068914587,0.16498355199029108
-7.5,0.0,1.0,0.0,1.7814680757283141,0.0,1.7115789952958318,-3.92311719669238,0.0
-7.5,1.0,1.0,1.7764691719068557,1.7814680757283141,1.636076734020143,1.6465588617030913,-7.737444068914587,-0.16498355199029108
-7.5,-1.0,0.0,-1.7764691719068557,0.0,-1.698671199420206,0.0033237672937851404,-4.379359558665558,0.1870996325940979
-7.5,0.0,0.0,0.0,0.0,0.0,1.3860024239420454e-12,0.0,0.0
-7.5,1.0,0.0,1.7764691719068557,0.0,1.698671199420206,0.0033237672937851404,-4.379359558665558,-0.1870996325940979
-7.5,-1.0,-1.0,-1.7764691719068557,-1.7814680757283141,-1.626697837008324,-1.6248017731529196,-8.613044543634993,0.18168982233522513
-7.5,0.0,-1.0,0.0,-1.7814680757283141,0.0,-1.6945912339786338,-4.8766993320474,-0.0
-7.5,1.0,-1.0,1.7764691719068557,-1.7814680757283141,1.626697837008324,-1.6248017731529196,-8.613044543634993,-0.18168982233522513
-7.399999999999999,-1.0,1.0,-1.7764115252272907,1.7812830823860981,-1.635969274552294,1.6462561067988462,-7.742690843705293,0.16281511868471954
-7.399999999999999,0.0,1.0,0.0,1.7812830823860981,0.0,1.7113002418178338,-3.928788257199387,0.0
-7.399999999999999,1.0,1.0,1.7764115252272907,1.7812830823860981,1.635969274552294,1.6462561067988462,-7.742690843705293,-0.16281511868471954
-7.399999999999999,-1.0,0.0,-1.7764115252272907,0.0,-1.698621081355532,0.0032800727042445743,-4.379077863830312,0.18464599320953465
-7.399999999999999,0.0,0.0,0.0,0.0,0.0,1.2859713294233188e-12,0.0,0.0
-7.399999999999999,1.0,0.0,1.7764115252272907,0.0,1.698621081355532,0.0032800727042445743,-4.379077863830312,-0.18464599320953465
-7.399999999999999,-1.0,-1.0,-1.7764115252272907,-1.7812830823860981,-1.626713277700721,-1.6247856165599996,-8.606822203034898,0.17932770347117424
-7.399999999999999,0.0,-1.0,0.0,-1.7812830823860981,0.0,-1.6945364707567827,-4.869894767827409,-0.0
-7.399999999999999,1.0,-1.0,1.7764115252272907,-1.7812830823860981,1.626713277700721,-1.6247856165599996,-8.606822203034898,-0.17932770347117424
-7.299999999999999,-1.0,1.0,-1.7763545870831818,1.7811004266274177,-1.635862377830206,1.6459553953757586,-7.747943838387276,0.1606452635898058
-7.299999999999999,0.0,1.0,0.0,1.7811004266274177,0.0,1.7110236489400472,-3.934465268758798,0.0
-7.299999999999999,1.0,1.0,1.7763545870831818,1.7811004266274177,1.635862377830206,1.6459553953757586,-7.747943838387276,-0.1606452635898058
-7.299999999999999,-1.0,0.0,-1.7763545870831818,0.0,-1.698571624305564,0.0032363530010032227,-4.378797079322965,0.18219070812418114
-7.299999999999999,0.0,0.0,0.0,0.0,0.0,1.1614043060603763e-12,0.0,0.0
-7.299999999999999,1.0,0.0,1.7763545870831818,0.0,1.698571624305564,0.0032363530010032227,-4.378797079322965,-0.18219070812418114
-7.299999999999999,-1.0,-1.0,-1.7763545870831818,-1.7811004266274177,-1.626729367902899,-1.6247716451567595,-8.600597839427088,0.17696335421834747
-7.299999999999999,0.0,-1.0,0.0,-1.7811004266274177,0.0,-1.6944839702490353,-4.863086611146011,-0.0
-7.299999999999999,1.0,-1.0,1.7763545870831818,-1.7811004266274177,1.626729367902899,-1.6247716451567595,-8.600597839427088,-0.17696335421834747
-7.199999999999999,-1.0,1.0,-1.776298358013277,1.7809201096101401,-1.63575604490821,1.6456567294846147,-7.75320300020114,0.15847401036286687
-7.199999999999999,0.0,1.0,0.0,1.7809201096101401,0.0,1.7107492184743247,-3.9401481715637696,0.0
-7.199999999999999,1.0,1.0,1.776298358013277,1.7809201096101401,1.63575604490821,1.6456567294846147,-7.75320300020114,-0.15847401036286687
-7.199999999999999,-1.0,0.0,-1.776298358013277,0.0,-1.698522828745663,0.0031926085270881366,-4.378517207807527,0.17973379937472606
-7.199999999999999,0.0,0.0,0.0,0.0,0.0,1.0467182676165976e-12,0.0,0.0
-7.199999999999999,1.0,0.0,1.776298358013277,0.0,1.698522828745663,0.0031926085270881366,-4.378517207807527,-0.17973379937472606
-7.199999999999999,-1.0,-1.0,-1.776298358013277,-1.7809201096101401,-1.626746107489137,-1.6247598590170345,-8.59437151049733,0.1745967986776007
-7.199999999999999,0.0,-1.0,0.0,-1.7809201096101401,0.0,-1.6944337328261003,-4.856274928748627,-0.0
-7.199999999999999,1.0,-1.0,1.776298358013277,-1.7809201096101401,1.626746107489137,-1.6247598590170345,-8.59437151049733,-0.1745967986776007
-7.1,-1.0,1.0,-1.776242838549408,1.7807421324760675,-1.635650276834173,1.6453601111599245,-7.75846827638406,0.1563013826693339
-7.1,0.0,1.0,0.0,1.7807421324760675,0.0,1.7104769522158305,-3.9458369057924965,0.0
-7.1,1.0,1.0,1.776242838549408,1.7807421324760675,1.635650276834173,1.6453601111599245,-7.75846827638406,-0.1563013826693339
-7.1,-1.0,0.0,-1.776242838549408,0.0,-1.698474695144689,0.003148839625334965,-4.378238251940226,0.1772752889974496
-7.1,0.0,0.0,0.0,0.0,0.0,9.39803790345195e-13,0.0,0.0
-7.1,1.0,0.0,1.776242838549408,0.0,1.698474695144689,0.003148839625334965,-4.378238251940226,-0.1772752889974496
-7.1,-1.0,-1.0,-1.776242838549408,-1.7807421324760675,-1.626763496327536,-1.624750258200981,-8.58814327392495,0.17222806096680726
-7.1,0.0,-1.0,0.0,-1.7807421324760675,0.0,-1.6943857588444928,-4.849459787392055,-0.0
-7.1,1.0,-1.0,1.776242838549408,-1.7807421324760675,1.626763496327536,-1.624750258200981,-8.58814327392495,-0.17222806096680726
-7.0,-1.0,1.0,-1.7761880292164889,1.7805664963511503,-1.63554507464948,1.6450655424200127,-7.763739614173655,0.15412740417962142
-7.0,0.0,1.0,0.0,1.7805664963511503,0.0,1.710206851943124,-3.9515314116160107,0.0
-7.0,1.0,1.0,1.7761880292164889,1.7805664963511503,1.63554507464948,1.6450655424200127,-7.763739614173655,-0.15412740417962142
-7.0,-1.0,0.0,-1.7761880292164889,0.0,-1.69842722396499,0.003105046638473774,-4.377960214369909,0.17481519903292392
-7.0,0.0,0.0,0.0,0.0,0.0,8.651968030903845e-13,0.0,0.0
-7.0,1.0,0.0,1.7761880292164889,0.0,1.69842722396499,0.003105046638473774,-4.377960214369909,-0.17481519903292392
-7.0,-1.0,-1.0,-1.7761880292164889,-1.7805664963511503,-1.626781534280014,-1.6247428427549822,-8.581913187390523,0.16985716522829297
-7.0,0.0,-1.0,0.0,-1.7805664963511503,0.0,-1.6943400486466151,-4.842641253850156,-0.0
-7.0,1.0,-1.0,1.7761880292164889,-1.7805664963511503,1.626781534280014,-1.6247428427549822,-8.581913187390523,-0.16985716522829297
-6.899999999999999,-1.0,1.0,-1.7761339305325317,1.780393202345405,-1.635440439389038,1.6447730252670487,-7.769016960805778,0.15195209857187816
-6.899999999999999,0.0,1.0,0.0,1.780393202345405,0.0,1.7099389194181733,-3.957231629193965,0.0
-6.899999999999999,1.0,1.0,1.7761339305325317,1.780393202345405,1.635440439389038,1.6447730252670487,-7.769016960805778,-0.15195209857187816
-6.899999999999999,-1.0,0.0,-1.7761339305325317,0.0,-1.69838041566241,0.0030612299090539974,-4.377683097738528,0.17235355152165582
-6.899999999999999,0.0,0.0,0.0,0.0,0.0,7.880363028789361e-13,0.0,0.0
-6.899999999999999,1.0,0.0,1.7761339305325317,0.0,1.69838041566241,0.0030612299090539974,-4.377683097738528,-0.17235355152165582
-6.899999999999999,-1.0,-1.0,-1.7761339305325317,-1.780393202345405,-1.626800221202299,-1.6247376127117255,-8.575681308571635,0.1674841356233068
-6.899999999999999,0.0,-1.0,0.0,-1.780393202345405,0.0,-1.6942966025606294,-4.835819394915462,-0.0
-6.899999999999999,1.0,-1.0,1.7761339305325317,-1.780393202345405,1.626800221202299,-1.6247376127117255,-8.575681308571635,-0.1674841356233068
-6.799999999999999,-1.0,1.0,-1.7760805430086333,1.7802222515542931,-1.635336372081291,1.6444825616871184,-7.774300263547965,0.1497754894968876
-6.799999999999999,0.0,1.0,0.0,1.7802222515542931,0.0,1.7096731563864027,-3.9629374987474044,0.0
-6.799999999999999,1.0,1.0,1.7760805430086333,1.7802222515542931,1.635336372081291,1.6444825616871184,-7.774300263547965,-0.1497754894968876
-6.799999999999999,-1.0,0.0,-1.7760805430086333,0.0,-1.698334270686295,0.003017389779513824,-4.377406904680021,0.16989036850786313
-6.799999999999999,0.0,0.0,0.0,0.0,0.0,7.012168623532489e-13,0.0,0.0
-6.799999999999999,1.0,0.0,1.7760805430086333,0.0,1.698334270686295,0.003017389779513824,-4.377406904680021,-0.16989036850786313
-6.799999999999999,-1.0,-1.0,-1.7760805430086333,-1.7802222515542931,-1.626819556943929,-1.6247345680901302,-8.569447695179575,0.16510899636916998
-6.799999999999999,0.0,-1.0,0.0,-1.7802222515542931,0.0,-1.6942554209006033,-4.828994277463563,-0.0
-6.799999999999999,1.0,-1.0,1.7760805430086333,-1.7802222515542931,1.626819556943929,-1.6247345680901302,-8.569447695179575,-0.16510899636916998
-6.699999999999999,-1.0,1.0,-1.776027867148969,1.7800536450566806,-1.635232873748209,1.6441941536501572,-7.779589469648987,0.14759760062870533
-6.699999999999999,0.0,1.0,0.0,1.7800536450566806,0.0,1.7094095645767697,-3.9686489604453143,0.0
-6.699999999999999,1.0,1.0,1.776027867148969,1.7800536450566806,1.635232873748209,1.6441941536501572,-7.779589469648987,-0.14759760062870533
-6.699999999999999,-1.0,0.0,-1.776027867148969,0.0,-1.69828878947949,0.002973526592146558,-4.3771316378201,0.1674256720374504
-6.699999999999999,0.0,0.0,0.0,0.0,0.0,6.195044477408373e-13,0.0,0.0
-6.699999999999999,1.0,0.0,1.776027867148969,0.0,1.69828878947949,0.002973526592146558,-4.3771316378201,-0.1674256720374504
-6.699999999999999,-1.0,-1.0,-1.776027867148969,-1.7800536450566806,-1.626839541348263,-1.6247337088954747,-8.563212404902124,0.16273177168325226
-6.699999999999999,0.0,-1.0,0.0,-1.7800536450566806,0.0,-1.6942165039663917,-4.82216596834955,-0.0
-6.699999999999999,1.0,-1.0,1.776027867148969,-1.7800536450566806,1.626839541348263,-1.6247337088954747,-8.563212404902124,-0.16273177168325226
-6.6,-1.0,1.0,-1.7759759034508293,1.779887383916472,-1.635129945405301,1.6439078031101273,-7.784884526377285,0.14541845562724717
-6.6,0.0,1.0,0.0,1.779887383916472,0.0,1.709148145701775,-3.974365954493257,0.0
-6.6,1.0,1.0,1.7759759034508293,1.779887383916472,1.635129945405301,1.6439078031101273,-7.784884526377285,-0.14541845562724717
-6.6,-1.0,0.0,-1.7759759034508293,0.0,-1.698243972478333,0.002929640689139812,-4.376857299778592,0.16495948416008022
-6.6,0.0,0.0,0.0,0.0,0.0,5.59996493620929e-13,0.0,0.0
-6.6,1.0,0.0,1.7759759034508293,0.0,1.698243972478333,0.002929640689139812,-4.376857299778592,-0.16495948416008022
-6.6,-1.0,-1.0,-1.7759759034508293,-1.779887383916472,-1.626860174252471,-1.6247350351192322,-8.556975495450969,0.16035248582767248
-6.6,0.0,-1.0,0.0,-1.779887383916472,0.0,-1.6941798520436953,-4.81533453449091,-0.0
-6.6,1.0,-1.0,1.7759759034508293,-1.779887383916472,1.626860174252471,-1.6247350351192322,-8.556975495450969,-0.16035248582767248
-6.5,-1.0,1.0,-1.7759246524045897,1.779723469181933,-1.635027588061599,1.643623512004933,-7.790185381005964,0.14323807815262615
-6.5,0.0,1.0,0.0,1.779723469181933,0.0,1.7088889014574773,-3.9800884210969874,0.0
-6.5,1.0,1.0,1.7759246524045897,1.779723469181933,1.635027588061599,1.643623512004933,-7.790185381005964,-0.14323807815262615
-6.5,-1.0,0.0,-1.7759246524045897,0.0,-1.698199820112676,0.0028857324124899053,-4.376583893166573,0.1624918269242247
-6.5,0.0,0.0,0.0,0.0,0.0,4.949374243778948e-13,0.0,0.0
-6.5,1.0,0.0,1.7759246524045897,0.0,1.698199820112676,0.0028857324124899053,-4.376583893166573,-0.1624918269242247
-6.5,-1.0,-1.0,-1.7759246524045897,-1.779723469181933,-1.626881455487521,-1.6247385467392181,-8.55073702453917,0.15797116308756887
-6.5,0.0,-1.0,0.0,-1.779723469181933,0.0,-1.6941454654041261,-4.8085000428265205,-0.0
-6.5,1.0,-1.0,1.7759246524045897,-1.779723469181933,1.626881455487521,-1.6247385467392181,-8.55073702453917,-0.15797116308756887
-6.399999999999999,-1.0,1.0,-1.7758741144937185,1.7795619018858222,-1.63492580271968,1.6433412822565547,-7.795491980812407,0.1410564918644978
-6.399999999999999,0.0,1.0,0.0,1.7795619018858222,0.0,1.708631833523579,-3.985816300465734,0.0
-6.399999999999999,1.0,1.0,1.7758741144937185,1.7795619018858222,1.63492580271968,1.6433412822565547,-7.795491980812407,-0.1410564918644978
-6.399999999999999,-1.0,0.0,-1.7758741144937185,0.0,-1.698156332805862,0.0028418021041145547,-4.376311420588105,0.16002272238337797
-6.399999999999999,0.0,0.0,0.0,0.0,0.0,4.454214774796128e-13,0.0,0.0
-6.399999999999999,1.0,0.0,1.7758741144937185,0.0,1.698156332805862,0.0028418021041145547,-4.376311420588105,-0.16002272238337797
-6.399999999999999,-1.0,-1.0,-1.7758741144937185,-1.7795619018858222,-1.626903384878204,-1.6247442437195458,-8.54449704988468,0.15558782777563646
-6.399999999999999,0.0,-1.0,0.0,-1.7795619018858222,0.0,-1.6941133443050955,-4.801662560328801,-0.0
-6.399999999999999,1.0,-1.0,1.7758741144937185,-1.7795619018858222,1.626903384878204,-1.6247442437195458,-8.54449704988468,-0.15558782777563646
-6.299999999999999,-1.0,1.0,-1.7758242901947905,1.7794026830449927,-1.634824590375663,1.643061115770978,-7.800804273070934,0.1388737204302697
-6.299999999999999,0.0,1.0,0.0,1.7794026830449927,0.0,1.7083769435633729,-3.9915495327947603,0.0
-6.299999999999999,1.0,1.0,1.7758242901947905,1.7794026830449927,1.634824590375663,1.643061115770978,-7.800804273070934,-0.1388737204302697
-6.299999999999999,-1.0,0.0,-1.7758242901947905,0.0,-1.69811351097475,0.002797850105755617,-4.376039884639506,0.157552192590446
-6.299999999999999,0.0,0.0,0.0,0.0,0.0,3.8546943414985435e-13,0.0,0.0
-6.299999999999999,1.0,0.0,1.7758242901947905,0.0,1.69811351097475,0.002797850105755617,-4.376039884639506,-0.157552192590446
-6.299999999999999,-1.0,-1.0,-1.7758242901947905,-1.7794026830449927,-1.626925962243114,-1.624752126010632,-8.53825562920034,0.15320250422024786
-6.299999999999999,0.0,-1.0,0.0,-1.7794026830449927,0.0,-1.6940834889899297,-4.794822153974787,-0.0
-6.299999999999999,1.0,-1.0,1.7758242901947905,-1.7794026830449927,1.626925962243114,-1.624752126010632,-8.53825562920034,-0.15320250422024786
-6.199999999999999,-1.0,1.0,-1.7757751799774808,1.7792458136613476,-1.6347239520192,1.6427830144383389,-7.806122205073971,0.13668978750393188
-6.199999999999999,0.0,1.0,0.0,1.7792458136613476,0.0,1.70812423322393,-3.9972880583073045,0.0
-6.199999999999999,1.0,1.0,1.7757751799774808,1.7792458136613476,1.6347239520192,1.6427830144383389,-7.806122205073971,-0.13668978750393188
-6.199999999999999,-1.0,0.0,-1.7757751799774808,0.0,-1.698071355029696,0.0027538767590836732,-4.375769287910095,0.1550802596035043
-6.199999999999999,0.0,0.0,0.0,0.0,0.0,3.3728575488112256e-13,0.0,0.0
-6.199999999999999,1.0,0.0,1.7757751799774808,0.0,1.698071355029696,0.0027538767590836732,-4.375769287910095,-0.1550802596035043
-6.199999999999999,-1.0,-1.0,-1.7757751799774808,-1.7792458136613476,-1.626949187394646,-1.62476219354915,-8.532012820219139,0.15081521679072923
-6.199999999999999,0.0,-1.0,0.0,-1.7792458136613476,0.0,-1.694055899687752,-4.787978890802677,-0.0
-6.199999999999999,1.0,-1.0,1.7757751799774808,-1.7792458136613476,1.626949187394646,-1.62476219354915,-8.532012820219139,-0.15081521679072923
-6.1,-1.0,1.0,-1.7757267843045632,1.7790912947218374,-1.634623888633494,1.6425069801329004,-7.811445724132593,0.1345047167243475
-6.1,0.0,1.0,0.0,1.7790912947218374,0.0,1.7078737041359897,-4.003031817261665,0.0
-6.1,1.0,1.0,1.7757267843045632,1.7790912947218374,1.634623888633494,1.6425069801329004,-7.811445724132593,-0.1345047167243475
-6.1,-1.0,0.0,-1.7757267843045632,0.0,-1.69802986537457,0.0027098824056146498,-4.375499632981097,0.15260694548097017
-6.1,0.0,0.0,0.0,0.0,0.0,3.161915174132446e-13,0.0,0.0
-6.1,1.0,0.0,1.7757267843045632,0.0,1.69802986537457,0.0027098824056146498,-4.375499632981097,-0.15260694548097017
-6.1,-1.0,-1.0,-1.7757267843045632,-1.7790912947218374,-1.626973060139004,-1.6247744462580915,-8.52576868069164,0.14842598989530062
-6.1,0.0,-1.0,0.0,-1.7790912947218374,0.0,-1.6940305766136408,-4.781132837901718,-0.0
-6.1,1.0,-1.0,1.7757267843045632,-1.7790912947218374,1.626973060139004,-1.6247744462580915,-8.52576868069164,-0.14842598989530062
-6.0,-1.0,1.0,-1.775679103631924,1.7789391271965105,-1.63452440119528,1.6422330147130428,-7.816774777527626,0.1323185317658768
-6.0,0.0,1.0,0.0,1.7789391271965105,0.0,1.7076253579140688,-4.008780749840915,0.0
-6.0,1.0,1.0,1.775679103631924,1.7789391271965105,1.63452440119528,1.6422330147130428,-7.816774777527626,-0.1323185317658768
-6.0,-1.0,0.0,-1.775679103631924,0.0,-1.697989042406751,0.0026658673867019367,-4.375230922426687,0.1501322722810246
-6.0,0.0,0.0,0.0,0.0,0.0,2.794431352981519e-13,0.0,0.0
-6.0,1.0,0.0,1.775679103631924,0.0,1.697989042406751,0.0026658673867019367,-4.375230922426687,-0.1501322722810246
-6.0,-1.0,-1.0,-1.775679103631924,-1.7789391271965105,-1.626997580276199,-1.6247888840468283,-8.519523268333757,0.14603484792821791
-6.0,0.0,-1.0,0.0,-1.7789391271965105,0.0,-1.6940075199685123,-4.774284062313293,-0.0
-6.0,1.0,-1.0,1.775679103631924,-1.7789391271965105,1.626997580276199,-1.6247888840468283,-8.519523268333757,-0.14603484792821791
-5.899999999999999,-1.0,1.0,-1.7756321384085485,1.7787893120412135,-1.634425490674864,1.6419611200214095,-7.822109312574531,0.13013125627041128
-5.899999999999999,0.0,1.0,0.0,1.7787893120412135,0.0,1.7073791961564706,-4.014534796299044,0.0
-5.899999999999999,1.0,1.0,1.7756321384085485,1.7787893120412135,1.634425490674864,1.6419611200214095,-7.822109312574531,-0.13013125627041128
-5.899999999999999,-1.0,0.0,-1.7756321384085485,0.0,-1.697948886517117,0.0026218320436165454,-4.374963158813787,0.14765626206599433
-5.899999999999999,0.0,0.0,0.0,0.0,0.0,2.3447910280083306e-13,0.0,0.0
-5.899999999999999,1.0,0.0,1.7756321384085485,0.0,1.697948886517117,0.0026218320436165454,-4.374963158813787,-0.14765626206599433
-5.899999999999999,-1.0,-1.0,-1.7756321384085485,-1.7787893120412135,-1.627022747600042,-1.6248055068109295,-8.513276640900882,0.1436418153437934
-5.899999999999999,0.0,-1.0,0.0,-1.7787893120412135,0.0,-1.6939867299391604,-4.767432631172016,-0.0
-5.899999999999999,1.0,-1.0,1.7756321384085485,-1.7787893120412135,1.627022747600042,-1.6248055068109295,-8.513276640900882,-0.1436418153437934
-5.799999999999999,-1.0,1.0,-1.7755858890765375,1.7786418501962942,-1.634327158036076,1.6416912978848526,-7.827449276593571,0.12794291388068235
-5.799999999999999,0.0,1.0,0.0,1.7786418501962942,0.0,1.7071352204453896,-4.020293896886155,0.0
-5.799999999999999,1.0,1.0,1.7755858890765375,1.7786418501962942,1.634327158036076,1.6416912978848526,-7.827449276593571,-0.12794291388068235
-5.799999999999999,-1.0,0.0,-1.7755858890765375,0.0,-1.697909398090082,0.0025777767175303445,-4.374696344700861,0.14517893690127362
-5.799999999999999,0.0,0.0,0.0,0.0,0.0,2.1049828546892968e-13,0.0,0.0
-5.799999999999999,1.0,0.0,1.7755858890765375,0.0,1.697909398090082,0.0025777767175303445,-4.374696344700861,-0.14517893690127362
-5.799999999999999,-1.0,-1.0,-1.7755858890765375,-1.7786418501962942,-1.627048561898143,-1.6248243144323202,-8.507028856149876,0.1412469166175632
-5.799999999999999,0.0,-1.0,0.0,-1.7786418501962942,0.0,-1.6939682066982622,-4.760578611634896,-0.0
-5.799999999999999,1.0,-1.0,1.7755858890765375,-1.7786418501962942,1.627048561898143,-1.6248243144323202,-8.507028856149876,-0.1412469166175632
-5.699999999999999,-1.0,1.0,-1.775540356071093,1.7784967425866305,-1.634229404236315,1.6414235501145211,-7.832794616906879,0.12575352823977343
-5.699999999999999,0.0,1.0,0.0,1.7784967425866305,0.0,1.7068934323468055,-4.026057991856976,0.0
-5.699999999999999,1.0,1.0,1.775540356071093,1.7784967425866305,1.634229404236315,1.6414235501145211,-7.832794616906879,-0.12575352823977343
-5.699999999999999,-1.0,0.0,-1.775540356071093,0.0,-1.697870577503546,0.0025337017494495573,-4.374430482639897,0.14270031885144646
-5.699999999999999,0.0,0.0,0.0,0.0,0.0,1.7630341631047486e-13,0.0,0.0
-5.699999999999999,1.0,0.0,1.775540356071093,0.0,1.697870577503546,0.0025337017494495573,-4.374430482639897,-0.14270031885144646
-5.699999999999999,-1.0,-1.0,-1.775540356071093,-1.7784967425866305,-1.627075022951917,-1.6248453067792803,-8.50077997183871,0.13885017624703766
-5.699999999999999,0.0,-1.0,0.0,-1.7784967425866305,0.0,-1.6939519504043914,-4.753722070880932,-0.0
-5.699999999999999,1.0,-1.0,1.775540356071093,-1.7784967425866305,1.627075022951917,-1.6248453067792803,-8.50077997183871,-0.13885017624703766
-5.6,-1.0,1.0,-1.7754955398205416,1.7783539901219148,-1.634132230226524,1.6411578785058438,-7.8381452808481065,0.12356312298400249
-5.6,0.0,1.0,0.0,1.7783539901219148,0.0,1.7066538334106909,-4.031827021475544,0.0
-5.6,1.0,1.0,1.7754955398205416,1.7783539901219148,1.634132230226524,1.6411578785058438,-7.8381452808481065,-0.12356312298400249
-5.6,-1.0,0.0,-1.7754955398205416,0.0,-1.69783242512894,0.0024896074802849277,-4.374165575175222,0.14022042998410264
-5.6,0.0,0.0,0.0,0.0,0.0,1.6142642778049776e-13,0.0,0.0
-5.6,1.0,0.0,1.7754955398205416,0.0,1.69783242512894,0.0024896074802849277,-4.374165575175222,-0.14022042998410264
-5.6,-1.0,-1.0,-1.7754955398205416,-1.7783539901219148,-1.627102130536576,-1.6248684837063159,-8.494530045737761,0.13645161876111184
-5.6,0.0,-1.0,0.0,-1.7783539901219148,0.0,-1.693937961201981,-4.746863076127307,-0.0
-5.6,1.0,-1.0,1.7754955398205416,-1.7783539901219148,1.627102130536576,-1.6248684837063159,-8.494530045737761,-0.13645161876111184
-5.5,-1.0,1.0,-1.775451440746314,1.7782135936964472,-1.634035636951213,1.6408942848386108,-7.843501215754048,0.1213717217488288
-5.5,0.0,1.0,0.0,1.7782135936964472,0.0,1.706416425170893,-4.037600926011722,0.0
-5.5,1.0,1.0,1.775451440746314,1.7782135936964472,1.634035636951213,1.6408942848386108,-7.843501215754048,-0.1213717217488288
-5.5,-1.0,0.0,-1.775451440746314,0.0,-1.697794941331203,0.0024454942508399524,-4.373901624843535,0.13773929236904303
-5.5,0.0,0.0,0.0,0.0,0.0,1.325606291402437e-13,0.0,0.0
-5.5,1.0,0.0,1.775451440746314,0.0,1.697794941331203,0.0024454942508399524,-4.373901624843535,-0.13773929236904303
-5.5,-1.0,-1.0,-1.775451440746314,-1.7782135936964472,-1.627129884421128,-1.624893845054343,-8.48827913561818,0.13405126870954406
-5.5,0.0,-1.0,0.0,-1.7782135936964472,0.0,-1.6939262392214292,-4.740001694611182,-0.0
-5.5,1.0,-1.0,1.775451440746314,-1.7782135936964472,1.627129884421128,-1.624893845054343,-8.48827913561818,-0.13405126870954406
-5.399999999999999,-1.0,1.0,-1.775408059262955,1.7780755541887472,-1.63393962534844,1.6406327708769723,-7.84886236895589,0.11917934817914878
-5.399999999999999,0.0,1.0,0.0,1.7780755541887472,0.0,1.7061812091452677,-4.043379645713733,0.0
-5.399999999999999,1.0,1.0,1.775408059262955,1.7780755541887472,1.63393962534844,1.6406327708769723,-7.84886236895589,-0.11917934817914878
-5.399999999999999,-1.0,0.0,-1.775408059262955,0.0,-1.697758126468799,0.0024013624017880097,-4.373638634173582,0.13525692807685655
-5.399999999999999,0.0,0.0,0.0,0.0,0.0,1.2001510896197942e-13,0.0,0.0
-5.399999999999999,1.0,0.0,1.775408059262955,0.0,1.697758126468799,0.0024013624017880097,-4.373638634173582,-0.13525692807685655
-5.399999999999999,-1.0,-1.0,-1.775408059262955,-1.7780755541887472,-1.627158284368373,-1.6249213906504871,-8.482027299247385,0.1316491506576009
-5.399999999999999,0.0,-1.0,0.0,-1.7780755541887472,0.0,-1.693916784578934,-4.733137993577043,-0.0
-5.399999999999999,1.0,-1.0,1.775408059262955,-1.7780755541887472,1.627158284368373,-1.6249213906504871,-8.482027299247385,-0.1316491506576009
-5.299999999999999,-1.0,1.0,-1.7753653957781381,1.777939872462908,-1.633844196349826,1.6403733383694918,-7.854228687813235,0.11698602589497915
-5.299999999999999,0.0,1.0,0.0,1.777939872462908,0.0,1.7059481868356945,-4.049163120881383,0.0
-5.299999999999999,1.0,1.0,1.7753653957781381,1.777939872462908,1.633844196349826,1.6403733383694918,-7.854228687813235,-0.11698602589497915
-5.299999999999999,-1.0,0.0,-1.7753653957781381,0.0,-1.697721980893704,0.002357212273688014,-4.373376605687594,0.13277335917966646
-5.299999999999999,0.0,0.0,0.0,0.0,0.0,1.0591527654923993e-13,0.0,0.0
-5.299999999999999,1.0,0.0,1.7753653957781381,0.0,1.697721980893704,0.002357212273688014,-4.373376605687594,-0.13277335917966646
-5.299999999999999,-1.0,-1.0,-1.7753653957781381,-1.777939872462908,-1.627187330134917,-1.6249511203082714,-8.475774594418112,0.129245289214959
-5.299999999999999,0.0,-1.0,0.0,-1.777939872462908,0.0,-1.6939095973766347,-4.7262720403401275,-0.0
-5.299999999999999,1.0,-1.0,1.7753653957781381,-1.777939872462908,1.627187330134917,-1.6249511203082714,-8.475774594418112,-0.129245289214959
-5.199999999999999,-1.0,1.0,-1.7753234506926416,1.7778065493677597,-1.633749350880561,1.6401159890491703,-7.859600119691409,0.11479177851256818
-5.199999999999999,0.0,1.0,0.0,1.7778065493677597,0.0,1.7057173597280446,-4.054951291823745,0.0
-5.199999999999999,1.0,1.0,1.7753234506926416,1.7778065493677597,1.633749350880561,1.6401159890491703,-7.859600119691409,-0.11479177851256818
-5.199999999999999,-1.0,0.0,-1.7753234506926416,0.0,-1.697686504951411,0.002313044207004067,-4.373115541899741,0.13028860775210477
-5.199999999999999,0.0,0.0,0.0,0.0,0.0,9.370282327836321e-14,0.0,0.0
-5.199999999999999,1.0,0.0,1.7753234506926416,0.0,1.697686504951411,0.002313044207004067,-4.373115541899741,-0.13028860775210477
-5.199999999999999,-1.0,-1.0,-1.7753234506926416,-1.7778065493677597,-1.62721702147115,-1.624983033827501,-8.469521078929523,0.1268397090168597
-5.199999999999999,0.0,-1.0,0.0,-1.7778065493677597,0.0,-1.6939046777025832,-4.719403902242032,-0.0
-5.199999999999999,1.0,-1.0,1.7753234506926416,-1.7778065493677597,1.62721702147115,-1.624983033827501,-8.469521078929523,-0.1268397090168597
-5.1,-1.0,1.0,-1.7752822244003805,1.7776755857357984,-1.633655089859398,1.639860724633479,-7.864976611934265,0.11259662967344787
-5.1,0.0,1.0,0.0,1.7776755857357984,0.0,1.705488729292317,-4.0607440987947445,0.0
-5.1,1.0,1.0,1.7752822244003805,1.7776755857357984,1.633655089859398,1.639860724633479,-7.864976611934265,-0.11259662967344787
-5.1,-1.0,0.0,-1.7752822244003805,0.0,-1.697651698980939,0.0022688585420814755,-4.3728554453172706,0.1278026958698246
-5.1,0.0,0.0,0.0,0.0,0.0,7.80486786311485e-14,0.0,0.0
-5.1,1.0,0.0,1.7752822244003805,0.0,1.697651698980939,0.0022688585420814755,-4.3728554453172706,-0.1278026958698246
-5.1,-1.0,-1.0,-1.7752822244003805,-1.7776755857357984,-1.627247358121263,-1.6250171309943018,-8.463266810558318,0.12443243469453073
-5.1,0.0,-1.0,0.0,-1.7776755857357984,0.0,-1.6939020256307051,-4.712533646594384,-0.0
-5.1,1.0,-1.0,1.7752822244003805,-1.7776755857357984,1.627247358121263,-1.6250171309943018,-8.463266810558318,-0.12443243469453073
-5.0,-1.0,1.0,-1.7752417172883728,1.7775469823859402,-1.633561414198649,1.639607546824411,-7.8703581119338155,0.11040060297315162
-5.0,0.0,1.0,0.0,1.7775469823859402,0.0,1.7052622969826152,-4.066541482144103,0.0
-5.0,1.0,1.0,1.7752417172883728,1.7775469823859402,1.633561414198649,1.639607546824411,-7.8703581119338155,-0.11040060297315162
-5.0,-1.0,0.0,-1.7752417172883728,0.0,-1.69761756331483,0.002224655619172511,-4.37259631843889,0.1253156456108188
-5.0,0.0,0.0,0.0,0.0,0.0,7.271960811294775e-14,0.0,0.0
-5.0,1.0,0.0,1.7752417172883728,0.0,1.69761756331483,0.002224655619172511,-4.37259631843889,-0.1253156456108188
-5.0,-1.0,-1.0,-1.7752417172883728,-1.7775469823859402,-1.627278339823218,-1.6250534115810917,-8.457011847129953,0.1220234909461994
-5.0,0.0,-1.0,0.0,-1.7775469823859402,0.0,-1.6939016412208008,-4.705661340825163,-0.0
-5.0,1.0,-1.0,1.7752417172883728,-1.7775469823859402,1.627278339823218,-1.6250534115810917,-8.457011847129953,-0.1220234909461994
-4.899999999999999,-1.0,1.0,-1.7752019297367772,1.77742074012043,-1.633468324804208,1.6393564573084713,-7.8757445670511865,0.10820372204089887
-4.899999999999999,0.0,1.0,0.0,1.77742074012043,0.0,1.7050380642371588,-4.072343382150867,0.0
-4.899999999999999,1.0,1.0,1.7752019297367772,1.77742074012043,1.633468324804208,1.6393564573084713,-7.8757445670511865,-0.10820372204089887
-4.899999999999999,-1.0,0.0,-1.7752019297367772,0.0,-1.697584098279146,0.0021804357783931083,-4.372338163756967,0.1228274790528432
-4.899999999999999,0.0,0.0,0.0,0.0,0.0,4.2299497238218464e-14,0.0,0.0
-4.899999999999999,1.0,0.0,1.7752019297367772,0.0,1.697584098279146,0.0021804357783931083,-4.372338163756967,-0.1228274790528432
-4.899999999999999,-1.0,-1.0,-1.7752019297367772,-1.77742074012043,-1.627309966308787,-1.6250918753466332,-8.45075624643677,0.11961290245565001
-4.899999999999999,0.0,-1.0,0.0,-1.77742074012043,0.0,-1.6939035245186251,-4.698787052307388,-0.0
-4.899999999999999,1.0,-1.0,1.7752019297367772,-1.77742074012043,1.627309966308787,-1.6250918753466332,-8.45075624643677,-0.11961290245565001
-4.799999999999999,-1.0,1.0,-1.7751628621188653,1.7772968597278083,-1.633375822575531,1.6391074577567637,-7.881135924691394,0.1060060104642816
-4.799999999999999,0.0,1.0,0.0,1.7772968597278083,0.0,1.7048160324784045,-4.078149739177739,0.0
-4.799999999999999,1.0,1.0,1.7751628621188653,1.7772968597278083,1.633375822575531,1.6391074577567637,-7.881135924691394,-0.1060060104642816
-4.799999999999999,-1.0,0.0,-1.7751628621188653,0.0,-1.697551304193465,0.0021361993598146833,-4.372080983756156,0.1203382182784558
-4.799999999999999,0.0,0.0,0.0,0.0,0.0,4.2521541843143495e-14,0.0,0.0
-4.799999999999999,1.0,0.0,1.7751628621188653,0.0,1.697551304193465,0.0021361993598146833,-4.372080983756156,-0.1203382182784558
-4.799999999999999,-1.0,-1.0,-1.7751628621188653,-1.7772968597278083,-1.627342237303522,-1.6251325220359534,-8.444500066316383,0.1172006939700047
-4.799999999999999,0.0,-1.0,0.0,-1.7772968597278083,0.0,-1.6939076755557436,-4.691910848525082,-0.0
-4.799999999999999,1.0,-1.0,1.7751628621188653,-1.7772968597278083,1.627342237303522,-1.6251325220359534,-8.444500066316383,-0.1172006939700047
-4.699999999999999,-1.0,1.0,-1.7751245148010497,1.777175341980699,-1.633283908405661,1.6388605498249738,-7.886532132246998,0.1038074918456956
-4.699999999999999,0.0,1.0,0.0,1.777175341980699,0.0,1.704596203112958,-4.0839604935577185,0.0
-4.699999999999999,1.0,1.0,1.7751245148010497,1.777175341980699,1.633283908405661,1.6388605498249738,-7.886532132246998,-0.1038074918456956
-4.699999999999999,-1.0,0.0,-1.7751245148010497,0.0,-1.69751918137091,0.002091946703352776,-4.371824780913322,0.11784788536860664
-4.699999999999999,0.0,0.0,0.0,0.0,0.0,4.3853809472693683e-14,0.0,0.0
-4.699999999999999,1.0,0.0,1.7751245148010497,0.0,1.69751918137091,0.002091946703352776,-4.371824780913322,-0.11784788536860664
-4.699999999999999,-1.0,-1.0,-1.7751245148010497,-1.777175341980699,-1.627375152526752,-1.6251753513804128,-8.438243364592864,0.11478689023951157
-4.699999999999999,0.0,-1.0,0.0,-1.777175341980699,0.0,-1.6939140943496889,-4.685032796944717,-0.0
-4.699999999999999,1.0,-1.0,1.7751245148010497,-1.777175341980699,1.627375152526752,-1.6251753513804128,-8.438243364592864,-0.11478689023951157
-4.6,-1.0,1.0,-1.7750868881428528,1.7770561876361235,-1.633192583181197,1.6386157351534272,-7.891933137105096,0.10160818979528623
-4.6,0.0,1.0,0.0,1.7770561876361235,0.0,1.7043785775316973,-4.089775585605058,0.0
-4.6,1.0,1.0,1.7750868881428528,1.7770561876361235,1.633192583181197,1.6386157351534272,-7.891933137105096,-0.10160818979528623
-4.6,-1.0,0.0,-1.7750868881428528,0.0,-1.697487730118108,0.002047678148859644,-4.371569557698176,0.11535650240772069
-4.6,0.0,0.0,0.0,0.0,0.0,2.708944180085382e-14,0.0,0.0
-4.6,1.0,0.0,1.7750868881428528,0.0,1.697487730118108,0.002047678148859644,-4.371569557698176,-0.11535650240772069
-4.6,-1.0,-1.0,-1.7750868881428528,-1.7770561876361235,-1.627408711691609,-1.6252203630976887,-8.431986199083244,0.11237151602696753
-4.6,0.0,-1.0,0.0,-1.7770561876361235,0.0,-1.6939227809038908,-4.678152965034743,-0.0
-4.6,1.0,-1.0,1.7750868881428528,-1.7770561876361235,1.627408711691609,-1.6252203630976887,-8.431986199083244,-0.11237151602696753
-4.5,-1.0,1.0,-1.7750499824969455,1.7769393974370473,-1.633101847782342,1.6383730153671112,-7.897338886686995,0.0994081278905307
-4.5,0.0,1.0,0.0,1.7769393974370473,0.0,1.704163157109789,-4.095594955698907,0.0
-4.5,1.0,1.0,1.7750499824969455,1.7769393974370473,1.633101847782342,1.6383730153671112,-7.897338886686995,-0.0994081278905307
-4.5,-1.0,0.0,-1.7750499824969455,0.0,-1.697456950735229,0.002003394036060979,-4.37131531657306,0.11286409147999452
-4.5,0.0,0.0,0.0,0.0,0.0,3.2085445411667024e-14,0.0,0.0
-4.5,1.0,0.0,1.7750499824969455,0.0,1.697456950735229,0.002003394036060979,-4.37131531657306,-0.11286409147999452
-4.5,-1.0,-1.0,-1.7750499824969455,-1.7769393974370473,-1.627442914504989,-1.6252675568917487,-8.42572862763975,0.10995459614554196
-4.5,0.0,-1.0,0.0,-1.7769393974370473,0.0,-1.693933735207628,-4.67127142035017,-0.0
-4.5,1.0,-1.0,1.7750499824969455,-1.7769393974370473,1.627442914504989,-1.6252675568917487,-8.42572862763975,-0.10995459614554196
-4.399999999999999,-1.0,1.0,-1.775013798209116,1.7768249721103546,-1.633011703082859,1.6381323920757,-7.902749328395851,0.09720732972933208
-4.399999999999999,0.0,1.0,0.0,1.7768249721103546,0.0,1.7039499432066891,-4.101418544174951,0.0
-4.399999999999999,1.0,1.0,1.775013798209116,1.7768249721103546,1.633011703082859,1.6381323920757,-7.902749328395851,-0.09720732972933208
-4.399999999999999,-1.0,0.0,-1.775013798209116,0.0,-1.697426843515971,0.0019590947046077556,-4.371062059992197,0.11037067467218374
-4.399999999999999,0.0,0.0,0.0,0.0,0.0,2.4091839634365897e-14,0.0,0.0
-4.399999999999999,1.0,0.0,1.775013798209116,0.0,1.697426843515971,0.0019590947046077556,-4.371062059992197,-0.11037067467218374
-4.399999999999999,-1.0,-1.0,-1.775013798209116,-1.7768249721103546,-1.627477760667576,-1.625316932452851,-8.419470708095432,0.10753615540754814
-4.399999999999999,0.0,-1.0,0.0,-1.7768249721103546,0.0,-1.693946957236096,-4.664388230418869,-0.0
-4.399999999999999,1.0,-1.0,1.775013798209116,-1.7768249721103546,1.627477760667576,-1.625316932452851,-8.419470708095432,-0.10753615540754814
-4.299999999999999,-1.0,1.0,-1.7749783356182889,1.7767129123689518,-1.632922149950107,1.6378938668736314,-7.908164409669018,0.0950058188765148
-4.299999999999999,0.0,1.0,0.0,1.7767129123689518,0.0,1.7037389371661984,-4.107246291436848,0.0
-4.299999999999999,1.0,1.0,1.7749783356182889,1.7767129123689518,1.632922149950107,1.6378938668736314,-7.908164409669018,-0.0950058188765148
-4.299999999999999,-1.0,0.0,-1.7749783356182889,0.0,-1.697397408747555,0.001914780494060242,-4.370809790402861,0.10787627407256523
-4.299999999999999,0.0,0.0,0.0,0.0,0.0,1.8984813721090177e-14,0.0,0.0
-4.299999999999999,1.0,0.0,1.7749783356182889,0.0,1.697397408747555,0.001914780494060242,-4.370809790402861,-0.10787627407256523
-4.299999999999999,-1.0,-1.0,-1.7749783356182889,-1.7767129123689518,-1.62751324987384,-1.6253684894575544,-8.413212498318211,0.10511621867707696
-4.299999999999999,0.0,-1.0,0.0,-1.7767129123689518,0.0,-1.6939624469503824,-4.657503462854633,-0.0
-4.299999999999999,1.0,-1.0,1.7749783356182889,-1.7767129123689518,1.62751324987384,-1.6253684894575544,-8.413212498318211,-0.10511621867707696
-4.199999999999999,-1.0,1.0,-1.7749435950565333,1.7766032189097758,-1.632833189245035,1.6376574413400433,-7.913584077929061,0.09280361891354916
-4.199999999999999,0.0,1.0,0.0,1.7766032189097758,0.0,1.7035301403164682,-4.11307813784945,0.0
-4.199999999999999,1.0,1.0,1.7749435950565333,1.7766032189097758,1.632833189245035,1.6376574413400433,-7.913584077929061,-0.09280361891354916
-4.199999999999999,-1.0,0.0,-1.7749435950565333,0.0,-1.697368646710726,0.001870451743873569,-4.370558510245866,0.10538091176998747
-4.199999999999999,0.0,0.0,0.0,0.0,0.0,2.2093438190040615e-14,0.0,0.0
-4.199999999999999,1.0,0.0,1.7749435950565333,0.0,1.697368646710726,0.001870451743873569,-4.370558510245866,-0.10538091176998747
-4.199999999999999,-1.0,-1.0,-1.7749435950565333,-1.7766032189097758,-1.627549381812021,-1.6254222275687478,-8.406954056158728,0.10269481081668118
-4.199999999999999,0.0,-1.0,0.0,-1.7766032189097758,0.0,-1.6939802042974446,-4.65061718525048,-0.0
-4.199999999999999,1.0,-1.0,1.7749435950565333,-1.7766032189097758,1.627549381812021,-1.6254222275687478,-8.406954056158728,-0.10269481081668118
-4.1,-1.0,1.0,-1.7749095768490364,1.7764958924150587,-1.632744821822159,1.6374231170388924,-7.919008280613641,0.09060075340842144
-4.1,0.0,1.0,0.0,1.7764958924150587,0.0,1.7033235539700873,-4.118914023803185,0.0
-4.1,1.0,1.0,1.7749095768490364,1.7764958924150587,1.632744821822159,1.6374231170388924,-7.919008280613641,-0.09060075340842144
-4.1,-1.0,0.0,-1.7749095768490364,0.0,-1.697340557679782,0.0018261087934120512,-4.370308221952424,0.10288460985454302
-4.1,0.0,0.0,0.0,0.0,0.0,5.10702591327572e-15,0.0,0.0
-4.1,1.0,0.0,1.7749095768490364,0.0,1.697340557679782,0.0018261087934120512,-4.370308221952424,-0.10288460985454302
-4.1,-1.0,-1.0,-1.7749095768490364,-1.7764958924150587,-1.627586156164138,-1.6254781464355688,-8.400695439483773,0.1002719567224979
-4.1,0.0,-1.0,0.0,-1.7764958924150587,0.0,-1.694000229210158,-4.643729465242499,-0.0
-4.1,1.0,-1.0,1.7749095768490364,-1.7764958924150587,1.627586156164138,-1.6254781464355688,-8.400695439483773,-0.1002719567224979
-4.0,-1.0,1.0,-1.774876281314135,1.7763909335524541,-1.632657048529612,1.6371908955189594,-7.92443696517853,0.08839724591137267
-4.0,0.0,1.0,0.0,1.7763909335524541,0.0,1.7031191794240703,-4.124753889722564,0.0
-4.0,1.0,1.0,1.774876281314135,1.7763909335524541,1.632657048529612,1.6371908955189594,-7.92443696517853,-0.08839724591137267
-4.0,-1.0,0.0,-1.774876281314135,0.0,-1.697313141922537,0.0017817519819761651,-4.370058927947902,0.10038739041895017
-4.0,0.0,0.0,0.0,0.0,0.0,2.7755575615628914e-15,0.0,0.0
-4.0,1.0,0.0,1.774876281314135,0.0,1.697313141922537,0.0017817519819761651,-4.370058927947902,-0.10038739041895017
-4.0,-1.0,-1.0,-1.774876281314135,-1.7763909335524541,-1.627623572605985,-1.6255362456934157,-8.394436706179627,0.09784768132562041
-4.0,0.0,-1.0,0.0,-1.7763909335524541,0.0,-1.6940225216072338,-4.636840370520172,-0.0
-4.0,1.0,-1.0,1.774876281314135,-1.7763909335524541,1.627623572605985,-1.6255362456934157,-8.394436706179627,-0.09784768132562041
-3.8999999999999986,-1.0,1.0,-1.7748437087633004,1.7762883429743237,-1.6325698702091,1.6369607783138753,-7.929870079079676,0.08619311997441455
-3.8999999999999986,0.0,1.0,0.0,1.7762883429743237,0.0,1.7029170179599125,-4.1305976760256105,0.0
-3.8999999999999986,1.0,1.0,1.7748437087633004,1.7762883429743237,1.6325698702091,1.6369607783138753,-7.929870079079676,-0.08619311997441455
-3.8999999999999986,-1.0,0.0,-1.7748437087633004,0.0,-1.697286399700336,0.001737381648779901,-4.36981063065017,0.09788927555714172
-3.8999999999999986,0.0,0.0,0.0,0.0,0.0,3.9968028886505635e-15,0.0,0.0
-3.8999999999999986,1.0,0.0,1.7748437087633004,0.0,1.697286399700336,0.001737381648779901,-4.36981063065017,-0.09788927555714172
-3.8999999999999986,-1.0,-1.0,-1.7748437087633004,-1.7762883429743237,-1.627661630807125,-1.6255965249640245,-8.388177914130642,0.09542200957119126
-3.8999999999999986,0.0,-1.0,0.0,-1.7762883429743237,0.0,-1.6940470813932764,-4.629949968783649,-0.0
-3.8999999999999986,1.0,-1.0,1.7748437087633004,-1.7762883429743237,1.627661630807125,-1.6255965249640245,-8.388177914130642,-0.09542200957119126
-3.8000000000000007,-1.0,1.0,-1.7748118595011417,1.7761881213172115,-1.632483287695936,1.6367327669420986,-7.935307569759889,0.08398839916286678
-3.8000000000000007,0.0,1.0,0.0,1.7761881213172115,0.0,1.7027170708435255,-4.136445323100136,0.0
-3.8000000000000007,1.0,1.0,1.7748118595011417,1.7761881213172115,1.632483287695936,1.6367327669420986,-7.935307569759889,-0.08398839916286678
-3.8000000000000007,-1.0,0.0,-1.7748118595011417,0.0,-1.69726033126807,0.0016929981329135702,-4.369563332468918,0.09539028736203242
-3.8000000000000007,0.0,0.0,0.0,0.0,0.0,4.440892098500626e-16,0.0,0.0
-3.8000000000000007,1.0,0.0,1.7748118595011417,0.0,1.69726033126807,0.0016929981329135702,-4.369563332468918,-0.09539028736203242
-3.8000000000000007,-1.0,-1.0,-1.7748118595011417,-1.7761881213172115,-1.627700330430895,-1.6256589838553752,-8.381919121207734,0.09299496640688451
-3.8000000000000007,0.0,-1.0,0.0,-1.7761881213172115,0.0,-1.6940739084588146,-4.623058327712578,-0.0
-3.8000000000000007,1.0,-1.0,1.7748118595011417,-1.7761881213172115,1.627700330430895,-1.6256589838553752,-8.381919121207734,-0.09299496640688451
-3.6999999999999993,-1.0,1.0,-1.774780733825419,1.7760902692040081,-1.632397301819026,1.6365068629070596,-7.940749384702013,0.08178310700344989
-3.6999999999999993,0.0,1.0,0.0,1.7760902692040081,0.0,1.7025193393254217,-4.14229677141122,0.0
-3.6999999999999993,1.0,1.0,1.774780733825419,1.7760902692040081,1.632397301819026,1.6365068629070596,-7.940749384702013,-0.08178310700344989
-3.6999999999999993,-1.0,0.0,-1.774780733825419,0.0,-1.697234936874163,0.001648601773442504,-4.369317035807075,0.09289044793094273
-3.6999999999999993,0.0,0.0,0.0,0.0,0.0,3.7192471324942744e-15,0.0,0.0
-3.6999999999999993,1.0,0.0,1.774780733825419,0.0,1.697234936874163,0.001648601773442504,-4.369317035807075,-0.09289044793094273
-3.6999999999999993,-1.0,-1.0,-1.774780733825419,-1.7760902692040081,-1.627739671134407,-1.6257236219617452,-8.375660385322506,0.09056657683624765
-3.6999999999999993,0.0,-1.0,0.0,-1.7760902692040081,0.0,-1.6941030026801813,-4.616165515087875,-0.0
-3.6999999999999993,1.0,-1.0,1.774780733825419,-1.7760902692040081,1.627739671134407,-1.6257236219617452,-8.375660385322506,-0.09056657683624765
-3.599999999999998,-1.0,1.0,-1.7747503320270197,1.7759947872422033,-1.632311913400878,1.636283067697077,-7.946195471385664,0.07957726702584035
-3.599999999999998,0.0,1.0,0.0,1.7759947872422033,0.0,1.7023238246406571,-4.14815196141109,0.0
-3.599999999999998,1.0,1.0,1.7747503320270197,1.7759947872422033,1.632311913400878,1.636283067697077,-7.946195471385664,-0.07957726702584035
-3.599999999999998,-1.0,0.0,-1.7747503320270197,0.0,-1.697210216760567,0.0016041929093215668,-4.369071743059816,0.09038977936064664
-3.599999999999998,0.0,0.0,0.0,0.0,0.0,7.882583474838611e-15,0.0,0.0
-3.599999999999998,1.0,0.0,1.7747503320270197,0.0,1.697210216760567,0.0016041929093215668,-4.369071743059816,-0.09038977936064664
-3.599999999999998,-1.0,-1.0,-1.7747503320270197,-1.7759947872422033,-1.627779652568533,-1.625790438863638,-8.3694017643834,0.08813686587524656
-3.599999999999998,0.0,-1.0,0.0,-1.7759947872422033,0.0,-1.6941343639196027,-4.609271598691735,-0.0
-3.599999999999998,1.0,-1.0,1.7747503320270197,-1.7759947872422033,1.627779652568533,-1.625790438863638,-8.3694017643834,-0.08813686587524656
-3.5,-1.0,1.0,-1.7747206543899805,1.7759016760238244,-1.632227123257598,1.6360613827854458,-7.951645777284257,0.07737090276678446
-3.5,0.0,1.0,0.0,1.7759016760238244,0.0,1.7021305280088208,-4.1540108335374955,0.0
-3.5,1.0,1.0,1.7747206543899805,1.7759016760238244,1.632227123257598,1.6360613827854458,-7.951645777284257,-0.07737090276678446
-3.5,-1.0,0.0,-1.7747206543899805,0.0,-1.697186171162782,0.0015597718794149174,-4.368827456614527,0.087888303748347
-3.5,0.0,0.0,0.0,0.0,0.0,6.994405055138486e-15,0.0,0.0
-3.5,1.0,0.0,1.7747206543899805,0.0,1.697186171162782,0.0015597718794149174,-4.368827456614527,-0.087888303748347
-3.5,-1.0,-1.0,-1.7747206543899805,-1.7759016760238244,-1.627820274377915,-1.6258594341278572,-8.363143316291723,0.08570585854768774
-3.5,0.0,-1.0,0.0,-1.7759016760238244,0.0,-1.6941679920251633,-4.6023766463050855,-0.0
-3.5,1.0,-1.0,1.7747206543899805,-1.7759016760238244,1.627820274377915,-1.6258594341278572,-8.363143316291723,-0.08570585854768774
-3.3999999999999986,-1.0,1.0,-1.774691701191486,1.775810936126716,-1.632142932198912,1.6358418096304403,-7.957100249897967,0.07516403773585618
-3.3999999999999986,0.0,1.0,0.0,1.775810936126716,0.0,1.7019394506341634,-4.159873328276507,0.0
-3.3999999999999986,1.0,1.0,1.774691701191486,1.775810936126716,1.632142932198912,1.6358418096304403,-7.957100249897967,-0.07516403773585618
-3.3999999999999986,-1.0,0.0,-1.774691701191486,0.0,-1.697162800309836,0.0015153390225424168,-4.368584178851961,0.08538604319415334
-3.3999999999999986,0.0,0.0,0.0,0.0,0.0,-6.716849298982197e-15,0.0,0.0
-3.3999999999999986,1.0,0.0,1.774691701191486,0.0,1.697162800309836,0.0015153390225424168,-4.368584178851961,-0.08538604319415334
-3.3999999999999986,-1.0,-1.0,-1.774691701191486,-1.775810936126716,-1.627861536200954,-1.6259306073074355,-8.356885098976448,0.08327357991929349
-3.3999999999999986,0.0,-1.0,0.0,-1.775810936126716,0.0,-1.6942038868308236,-4.595480725774134,-0.0
-3.3999999999999986,1.0,-1.0,1.774691701191486,-1.775810936126716,1.627861536200954,-1.6259306073074355,-8.356885098976448,-0.08327357991929349
-3.3000000000000007,-1.0,1.0,-1.7746634727018675,1.7757225681136946,-1.632059341028132,1.635624349675404,-7.962558836730678,0.07295669544018477
-3.3000000000000007,0.0,1.0,0.0,1.7757225681136946,0.0,1.701750593705593,-4.165739386118188,0.0
-3.3000000000000007,1.0,1.0,1.7746634727018675,1.7757225681136946,1.632059341028132,1.635624349675404,-7.962558836730678,-0.07295669544018477
-3.3000000000000007,-1.0,0.0,-1.7746634727018675,0.0,-1.697140104424305,0.0014708946774495968,-4.368341912144934,0.08288301979925283
-3.3000000000000007,0.0,0.0,0.0,0.0,0.0,8.992806499463768e-15,0.0,0.0
-3.3000000000000007,1.0,0.0,1.7746634727018675,0.0,1.697140104424305,0.0014708946774495968,-4.368341912144934,-0.08288301979925283
-3.3000000000000007,-1.0,-1.0,-1.7746634727018675,-1.7757225681136946,-1.627903437669823,-1.626003957941644,-8.350627170371162,0.0808400550754293
-3.3000000000000007,0.0,-1.0,0.0,-1.7757225681136946,0.0,-1.694242048156355,-4.588583904967449,-0.0
-3.3000000000000007,1.0,-1.0,1.7746634727018675,-1.7757225681136946,1.627903437669823,-1.626003957941644,-8.350627170371162,-0.0808400550754293
-3.1999999999999993,-1.0,1.0,-1.7746359691845957,1.7756365725318102,-1.631976350542188,1.6354090043486216,-7.968021485273836,0.07074889939838494
-3.1999999999999993,0.0,1.0,0.0,1.7756365725318102,0.0,1.7015639583965847,-4.1716089475228735,0.0
-3.1999999999999993,1.0,1.0,1.7746359691845957,1.7756365725318102,1.631976350542188,1.6354090043486216,-7.968021485273836,-0.07074889939838494
-3.1999999999999993,-1.0,0.0,-1.7746359691845957,0.0,-1.697118083722298,0.0014264391827699674,-4.368100658858799,0.08037925566364934
-3.1999999999999993,0.0,0.0,0.0,0.0,0.0,6.106226635438361e-16,0.0,0.0
-3.1999999999999993,1.0,0.0,1.7746359691845957,0.0,1.697118083722298,0.0014264391827699674,-4.368100658858799,-0.08037925566364934
-3.1999999999999993,-1.0,-1.0,-1.7746359691845957,-1.7756365725318102,-1.627945978410446,-1.6260794855560383,-8.344369588393501,0.07840530909976288
-3.1999999999999993,0.0,-1.0,0.0,-1.7756365725318102,0.0,-1.6942824758074253,-4.5816862517302885,-0.0
-3.1999999999999993,1.0,-1.0,1.7746359691845957,-1.7756365725318102,1.627945978410446,-1.6260794855560383,-8.344369588393501,-0.07840530909976288
-3.099999999999998,-1.0,1.0,-1.774609190896299,1.7755529499149914,-1.631893961531638,1.6351957750635846,-7.973488143068195,0.06854067307903164
-3.099999999999998,0.0,1.0,0.0,1.7755529499149914,0.0,1.7013795458654497,-4.1774819530497735,0.0
-3.099999999999998,1.0,1.0,1.774609190896299,1.7755529499149914,1.631893961531638,1.6351957750635846,-7.973488143068195,-0.06854067307903164
-3.099999999999998,-1.0,0.0,-1.774609190896299,0.0,-1.697096738413467,0.0013819728771311546,-4.36786042135187,0.0778747728920058
-3.099999999999998,0.0,0.0,0.0,0.0,0.0,1.5265566588595902e-14,0.0,0.0
-3.099999999999998,1.0,0.0,1.774609190896299,0.0,1.697096738413467,0.0013819728771311546,-4.36786042135187,-0.0778747728920058
-3.099999999999998,-1.0,-1.0,-1.774609190896299,-1.7755529499149914,-1.627989158042515,-1.6261571896623523,-8.338112411015985,0.07596936714476134
-3.099999999999998,0.0,-1.0,0.0,-1.7755529499149914,0.0,-1.6943251695754904,-4.574787834031642,-0.0
-3.099999999999998,1.0,-1.0,1.774609190896299,-1.7755529499149914,1.627989158042515,-1.6261571896623523,-8.338112411015985,-0.07596936714476134
-3.0,-1.0,1.0,-1.7745831380867452,1.775471700779866,-1.631812174780629,1.6349846632187615,-7.978958757603088,0.0663320400026031
-3.0,0.0,1.0,0.0,1.775471700779866,0.0,1.7011973572550825,-4.183358343146718,0.0
-3.0,1.0,1.0,1.7745831380867452,1.775471700779866,1.631812174780629,1.6349846632187615,-7.978958757603088,-0.0663320400026031
-3.0,-1.0,0.0,-1.7745831380867452,0.0,-1.697076068700998,0.0013374960990288898,-4.367621201974841,0.07536959358640713
-3.0,0.0,0.0,0.0,0.0,0.0,-4.996003610813204e-16,0.0,0.0
-3.0,1.0,0.0,1.7745831380867452,0.0,1.697076068700998,0.0013374960990288898,-4.367621201974841,-0.07536959358640713
-3.0,-1.0,-1.0,-1.7745831380867452,-1.775471700779866,-1.628032976179467,-1.6262370697585924,-8.33185569615492,0.07353225432055713
-3.0,0.0,-1.0,0.0,-1.775471700779866,0.0,-1.6943701292378797,-4.567888719733627,-0.0
-3.0,1.0,-1.0,1.7745831380867452,-1.775471700779866,1.628032976179467,-1.6262370697585924,-8.33185569615492,-0.07353225432055713
-2.8999999999999986,-1.0,1.0,-1.774557810998857,1.7753928256310847,-1.631730991066938,1.6347756701978515,-7.9844332764469765,0.0641230236092953
-2.8999999999999986,0.0,1.0,0.0,1.7753928256310847,0.0,1.7010173936932507,-4.189238058422163,0.0
-2.8999999999999986,1.0,1.0,1.774557810998857,1.7753928256310847,1.631730991066938,1.6347756701978515,-7.9844332764469765,-0.0641230236092953
-2.8999999999999986,-1.0,0.0,-1.774557810998857,0.0,-1.697056074781642,0.0012930091869733928,-4.367383003069981,0.07286373985447046
-2.8999999999999986,0.0,0.0,0.0,0.0,0.0,-8.881784197001252e-16,0.0,0.0
-2.8999999999999986,1.0,0.0,1.774557810998857,0.0,1.697056074781642,0.0012930091869733928,-4.367383003069981,-0.07286373985447046
-2.8999999999999986,-1.0,-1.0,-1.774557810998857,-1.7753928256310847,-1.628077432428505,-1.6263191253289306,-8.325599501810295,0.0710939958347491
-2.8999999999999986,0.0,-1.0,0.0,-1.7753928256310847,0.0,-1.6944173545577155,-4.560988976880963,-0.0
-2.8999999999999986,1.0,-1.0,1.774557810998857,-1.7753928256310847,1.628077432428505,-1.6263191253289306,-8.325599501810295,-0.0710939958347491
-2.8000000000000007,-1.0,1.0,-1.7745332098687103,1.7753163249558879,-1.631650411161964,1.6345687973696503,-7.989911647111107,0.06191364739570546
-2.8000000000000007,0.0,1.0,0.0,1.7753163249558879,0.0,1.7008396562924293,-4.195121039362331,0.0
-2.8000000000000007,1.0,1.0,1.7745332098687103,1.7753163249558879,1.631650411161964,1.6345687973696503,-7.989911647111107,-0.06191364739570546
-2.8000000000000007,-1.0,0.0,-1.7745332098687103,0.0,-1.697036756845663,0.0012485124793017999,-4.367145826973896,0.07035723379863777
-2.8000000000000007,0.0,0.0,0.0,0.0,0.0,-1.9984014443252818e-15,0.0,0.0
-2.8000000000000007,1.0,0.0,1.7745332098687103,0.0,1.697036756845663,0.0012485124793017999,-4.367145826973896,-0.07035723379863777
-2.8000000000000007,-1.0,-1.0,-1.7745332098687103,-1.7753163249558879,-1.628122526390583,-1.6264033558438076,-8.319343885922265,0.06865461684838751
-2.8000000000000007,0.0,-1.0,0.0,-1.7753163249558879,0.0,-1.6944668452839646,-4.554088673404845,-0.0
-2.8000000000000007,1.0,-1.0,1.7745332098687103,-1.7753163249558879,1.628122526390583,-1.6264033558438076,-8.319343885922265,-0.06865461684838751
-2.6999999999999993,-1.0,1.0,-1.7745093349255348,1.7752422616226082,-1.631570435830721,1.6343640492078344,-7.995395345711337,0.05970240478590181
-2.6999999999999993,0.0,1.0,0.0,1.7752422616226082,0.0,1.7006641492696335,-4.201010417857494,0.0
-2.6999999999999993,1.0,1.0,1.7745093349255348,1.7752422616226082,1.631570435830721,1.6343640492078344,-7.995395345711337,-0.05970240478590181
-2.6999999999999993,-1.0,0.0,-1.7745093349255348,0.0,-1.697018115076887,0.001204009434107034,-4.366909676014724,0.06785027333527999
-2.6999999999999993,0.0,0.0,0.0,0.0,0.0,3.1197054384257683e-09,0.0,0.0
-2.6999999999999993,1.0,0.0,1.7745093349255348,0.0,1.697018115076887,0.001204009434107034,-4.366909676014724,-0.06785027333527999
-2.6999999999999993,-1.0,-1.0,-1.7745093349255348,-1.7752422616226082,-1.628168257660409,-1.6264897576401216,-8.313090607470714,0.06621584054592858
-2.6999999999999993,0.0,-1.0,0.0,-1.7752422616226082,0.0,-1.6945185980316746,-4.5471914079574995,-0.0
-2.6999999999999993,1.0,-1.0,1.7745093349255348,-1.7752422616226082,1.628168257660409,-1.6264897576401216,-8.313090607470714,-0.06621584054592858
-2.599999999999998,-1.0,1.0,-1.7744861863917094,1.7751705009348617,-1.631491065831848,1.634161420293902,-8.000881008700205,0.05749263354146073
-2.599999999999998,0.0,1.0,0.0,1.7751705009348617,0.0,1.7004908669492602,-4.2068992215831,0.0
-2.599999999999998,1.0,1.0,1.7744861863917094,1.7751705009348617,1.631491065831848,1.634161420293902,-8.000881008700205,-0.05749263354146073
-2.599999999999998,-1.0,0.0,-1.7744861863917094,0.0,-1.697000149652677,0.001159493631935793,-4.366674552513408,0.0653424997516346
-2.599999999999998,0.0,0.0,0.0,0.0,0.0,2.6013938780877766e-09,0.0,0.0
-2.599999999999998,1.0,0.0,1.7744861863917094,0.0,1.697000149652677,0.001159493631935793,-4.366674552513408,-0.0653424997516346
-2.599999999999998,-1.0,-1.0,-1.7744861863917094,-1.7751705009348617,-1.628214625826423,-1.626578336918418,-8.306836039928761,0.06377401431926279
-2.599999999999998,0.0,-1.0,0.0,-1.7751705009348617,0.0,-1.6945726192791668,-4.540289601097444,-0.0
-2.599999999999998,1.0,-1.0,1.7744861863917094,-1.7751705009348617,1.628214625826423,-1.626578336918418,-8.306836039928761,-0.06377401431926279
-2.5,-1.0,1.0,-1.7744637644827659,1.7751011174825726,-1.631412301917621,1.6339609156595618,-8.006370400134335,0.055282538826801515
-2.5,0.0,1.0,0.0,1.7751011174825726,0.0,1.700319814105578,-4.2127911835833105,0.0
-2.5,1.0,1.0,1.7744637644827659,1.7751011174825726,1.631412301917621,1.6339609156595618,-8.006370400134335,-0.055282538826801515
-2.5,-1.0,0.0,-1.7744637644827659,0.0,-1.696982860743942,0.0011149691182622545,-4.366440458783261,0.06283414407096977
-2.5,0.0,0.0,0.0,0.0,0.0,2.1523472448770065e-09,0.0,0.0
-2.5,1.0,0.0,1.7744637644827659,0.0,1.696982860743942,0.0011149691182622545,-4.366440458783261,-0.06283414407096977
-2.5,-1.0,-1.0,-1.7744637644827659,-1.7751011174825726,-1.628261630470835,-1.626669089400389,-8.300582262553302,0.0613311809360579
-2.5,0.0,-1.0,0.0,-1.7751011174825726,0.0,-1.6946289050255072,-4.533387516041346,-0.0
-2.5,1.0,-1.0,1.7744637644827659,-1.7751011174825726,1.628261630470835,-1.626669089400389,-8.300582262553302,-0.0613311809360579
-2.3999999999999986,-1.0,1.0,-1.774442069407397,1.7750341115608341,-1.631334144833932,1.6337625366078319,-8.011863464298829,0.053072147364949016
-2.3999999999999986,0.0,1.0,0.0,1.7750341115608341,0.0,1.700150991783781,-4.218686237596105,0.0
-2.3999999999999986,1.0,1.0,1.774442069407397,1.7750341115608341,1.631334144833932,1.6337625366078319,-8.011863464298829,-0.053072147364949016
-2.3999999999999986,-1.0,0.0,-1.774442069407397,0.0,-1.696966248515142,0.0010704362246149457,-4.366207397130148,0.06032522802913678
-2.3999999999999986,0.0,0.0,0.0,0.0,0.0,1.7658806084064338e-09,0.0,0.0
-2.3999999999999986,1.0,0.0,1.774442069407397,0.0,1.696966248515142,0.0010704362246149457,-4.366207397130148,-0.06032522802913678
-2.3999999999999986,-1.0,-1.0,-1.774442069407397,-1.7750341115608341,-1.628309271169591,-1.626762014507881,-8.294329329700059,0.05888736203887734
-2.3999999999999986,0.0,-1.0,0.0,-1.7750341115608341,0.0,-1.6946874549695161,-4.526485213327371,-0.0
-2.3999999999999986,1.0,-1.0,1.774442069407397,-1.7750341115608341,1.628309271169591,-1.626762014507881,-8.294329329700059,-0.05888736203887734
-2.3000000000000007,-1.0,1.0,-1.774421101367441,1.7749694834578644,-1.631256595320303,1.6335662844273244,-8.017360145682737,0.05086148567248577
-2.3000000000000007,0.0,1.0,0.0,1.7749694834578644,0.0,1.6999844010143503,-4.22458431777845,0.0
-2.3000000000000007,1.0,1.0,1.774421101367441,1.7749694834578644,1.631256595320303,1.6335662844273244,-8.017360145682737,-0.05086148567248577
-2.3000000000000007,-1.0,0.0,-1.774421101367441,0.0,-1.69695031312427,0.001025895282775413,-4.365975369852666,0.05781577338010782
-2.3000000000000007,0.0,0.0,0.0,0.0,0.0,1.4356728028630528e-09,0.0,0.0
-2.3000000000000007,1.0,0.0,1.774421101367441,0.0,1.69695031312427,0.001025895282775413,-4.365975369852666,-0.05781577338010782
-2.3000000000000007,-1.0,-1.0,-1.774421101367441,-1.7749694834578644,-1.628357547492382,-1.6268571116485573,-8.288077295946351,0.056442579503132626
-2.3000000000000007,0.0,-1.0,0.0,-1.7749694834578644,0.0,-1.6947482687954785,-4.519582753958391,-0.0
-2.3000000000000007,1.0,-1.0,1.774421101367441,-1.7749694834578644,1.628357547492382,-1.6268571116485573,-8.288077295946351,-0.056442579503132626
-2.1999999999999993,-1.0,1.0,-1.7744008605579153,1.774907233452458,-1.631179654109903,1.6333721603923541,-8.022860388910864,0.048650580128527014
-2.1999999999999993,0.0,1.0,0.0,1.774907233452458,0.0,1.699820042812963,-4.230485358575009,0.0
-2.1999999999999993,1.0,1.0,1.7744008605579153,1.774907233452458,1.631179654109903,1.6333721603923541,-8.022860388910864,-0.048650580128527014
-2.1999999999999993,-1.0,0.0,-1.7744008605579153,0.0,-1.696935054722881,0.00098134662479199,-4.365744379242311,0.05530580189661487
-2.1999999999999993,0.0,0.0,0.0,0.0,0.0,1.1557177992393974e-09,0.0,0.0
-2.1999999999999993,1.0,0.0,1.7744008605579153,0.0,1.696935054722881,0.00098134662479199,-4.365744379242311,-0.05530580189661487
-2.1999999999999993,-1.0,-1.0,-1.7744008605579153,-1.774907233452458,-1.628406459002641,-1.6269543802159439,-8.281826216024426,0.053996855368599314
-2.1999999999999993,0.0,-1.0,0.0,-1.774907233452458,0.0,-1.6948113461730958,-4.512680199266744,-0.0
-2.1999999999999993,1.0,-1.0,1.7744008605579153,-1.774907233452458,1.628406459002641,-1.6269543802159439,-8.281826216024426,-0.053996855368599314
-2.099999999999998,-1.0,1.0,-1.7743813471669714,1.7748473618172071,-1.631103321929529,1.633180165762894,-8.02836413882826,0.046439456888708014
-2.099999999999998,0.0,1.0,0.0,1.7748473618172071,0.0,1.6996579181807001,-4.236389294881283,0.0
-2.099999999999998,1.0,1.0,1.7743813471669714,1.7748473618172071,1.631103321929529,1.633180165762894,-8.02836413882826,-0.046439456888708014
-2.099999999999998,-1.0,0.0,-1.7743813471669714,0.0,-1.696920473456066,0.0009367905830433565,-4.365514427582422,0.052795335373597305
-2.099999999999998,0.0,0.0,0.0,0.0,0.0,9.203592887807588e-10,0.0,0.0
-2.099999999999998,1.0,0.0,1.7743813471669714,0.0,1.696920473456066,0.0009367905830433565,-4.365514427582422,-0.052795335373597305
-2.099999999999998,-1.0,-1.0,-1.7743813471669714,-1.7748473618172071,-1.628456005257535,-1.62705381958927,-8.275576144907786,0.051550211927526776
-2.099999999999998,0.0,-1.0,0.0,-1.7748473618172071,0.0,-1.694876686757451,-4.505777611088589,-0.0
-2.099999999999998,1.0,-1.0,1.7743813471669714,-1.7748473618172071,1.628456005257535,-1.62705381958927,-8.275576144907786,-0.051550211927526776
-2.0,-1.0,1.0,-1.7743625613759257,1.7747898688163515,-1.631027599499616,1.6329903017846281,-8.03387134044408,0.04422814194242187
-2.0,0.0,1.0,0.0,1.7747898688163515,0.0,1.699498028103924,-4.242296061935565,0.0
-2.0,1.0,1.0,1.7743625613759257,1.7747898688163515,1.631027599499616,1.6329903017846281,-8.03387134044408,-0.04422814194242187
-2.0,-1.0,0.0,-1.7743625613759257,0.0,-1.696906569462464,0.0008922274902308791,-4.3652855171492435,0.05028439562763335
-2.0,0.0,0.0,0.0,0.0,0.0,7.243374788856727e-10,0.0,0.0
-2.0,1.0,0.0,1.7743625613759257,0.0,1.696906569462464,0.0008922274902308791,-4.3652855171492435,-0.05028439562763335
-2.0,-1.0,-1.0,-1.7743625613759257,-1.7747898688163515,-1.628506185807975,-1.627155429133573,-8.26932713775268,0.04910267166520529
-2.0,0.0,-1.0,0.0,-1.7747898688163515,0.0,-1.694944290189045,-4.498875051645259,-0.0
-2.0,1.0,-1.0,1.7743625613759257,-1.7747898688163515,1.628506185807975,-1.627155429133573,-8.26932713775268,-0.04910267166520529
-1.8999999999999986,-1.0,1.0,-1.7743445033592673,1.7747347547053498,-1.630952487534245,1.632802569688946,-8.039381938921062,0.04201666112312138
-1.8999999999999986,0.0,1.0,0.0,1.7747347547053498,0.0,1.6993403735543402,-4.248205595293419,0.0
-1.8999999999999986,1.0,1.0,1.7743445033592673,1.7747347547053498,1.630952487534245,1.632802569688946,-8.039381938921062,-0.04201666112312138
-1.8999999999999986,-1.0,0.0,-1.7743445033592673,0.0,-1.696893342874269,0.0008476576792916801,-4.3650576502119165,0.04777300449190432
-1.8999999999999986,0.0,0.0,0.0,0.0,0.0,5.626781263146086e-10,0.0,0.0
-1.8999999999999986,1.0,0.0,1.7743445033592673,0.0,1.696893342874269,0.0008476576792916801,-4.3650576502119165,-0.04777300449190432
-1.8999999999999986,-1.0,-1.0,-1.7743445033592673,-1.7747347547053498,-1.628557000198608,-1.627259208199754,-8.263079249885344,0.046654257246400474
-1.8999999999999986,0.0,-1.0,0.0,-1.7747347547053498,0.0,-1.695014156093816,-4.491972583518235,-0.0
-1.8999999999999986,1.0,-1.0,1.7743445033592673,-1.7747347547053498,1.628557000198608,-1.627259208199754,-8.263079249885344,-0.046654257246400474
-1.8000000000000007,-1.0,1.0,-1.7743271732846333,1.7746820197349777,-1.63087798674113,1.632616970693103,-8.044895879677387,0.03980504000581575
-1.8000000000000007,0.0,1.0,0.0,1.7746820197349777,0.0,1.699184955489134,-4.2541178310420955,0.0
-1.8000000000000007,1.0,1.0,1.7743271732846333,1.7746820197349777,1.63087798674113,1.632616970693103,-8.044895879677387,-0.03980504000581575
-1.8000000000000007,-1.0,0.0,-1.7743271732846333,0.0,-1.69688079381722,0.000803081483629009,-4.364830829031644,0.045261183829042366
-1.8000000000000007,0.0,0.0,0.0,0.0,0.0,4.3087330925395406e-10,0.0,0.0
-1.8000000000000007,1.0,0.0,1.7743271732846333,0.0,1.69688079381722,0.000803081483629009,-4.364830829031644,-0.045261183829042366
-1.8000000000000007,-1.0,-1.0,-1.7743271732846333,-1.7746820197349777,-1.628608447967809,-1.627365156124299,-8.256832536914974,0.04420499162898525
-1.8000000000000007,0.0,-1.0,0.0,-1.7746820197349777,0.0,-1.695086284082907,-4.485070269881763,-0.0
-1.8000000000000007,1.0,-1.0,1.7743271732846333,-1.7746820197349777,1.628608447967809,-1.627365156124299,-8.256832536914974,-0.04420499162898525
-1.6999999999999993,-1.0,1.0,-1.7743105713128218,1.774631664146552,-1.630804097821643,1.6324335060000692,-8.050413108267316,0.0375933040256895
-1.6999999999999993,0.0,1.0,0.0,1.774631664146552,0.0,1.6990317748508823,-4.260032705548896,0.0
-1.6999999999999993,1.0,1.0,1.7743105713128218,1.774631664146552,1.630804097821643,1.6324335060000692,-8.050413108267316,-0.0375933040256895
-1.6999999999999993,-1.0,0.0,-1.7743105713128218,0.0,-1.696868922410598,0.0007584992368523114,-4.364605055862591,0.04274895551634423
-1.6999999999999993,0.0,0.0,0.0,0.0,0.0,3.246929947131605e-10,0.0,0.0
-1.6999999999999993,1.0,0.0,1.7743105713128218,0.0,1.696868922410598,0.0007584992368523114,-4.364605055862591,-0.04274895551634423
-1.6999999999999993,-1.0,-1.0,-1.7743105713128218,-1.774631664146552,-1.628660528647695,-1.6274732722295369,-8.25058705460237,0.04175489793294804
-1.6999999999999993,0.0,-1.0,0.0,-1.774631664146552,0.0,-1.6951606737529556,-4.4781681742287205,-0.0
-1.6999999999999993,1.0,-1.0,1.7743105713128218,-1.774631664146552,1.628660528647695,-1.6274732722295369,-8.25058705460237,-0.04175489793294804
-1.5999999999999979,-1.0,1.0,-1.774294697597799,1.7745836881748218,-1.630730821470799,1.6322521767986813,-8.055933570452854,0.035381478407462474
-1.5999999999999979,0.0,1.0,0.0,1.7745836881748218,0.0,1.6988808325675904,-4.265950155616084,0.0
-1.5999999999999979,1.0,1.0,1.774294697597799,1.7745836881748218,1.630730821470799,1.6322521767986813,-8.055933570452854,-0.035381478407462474
-1.5999999999999979,-1.0,0.0,-1.774294697597799,0.0,-1.696857728767249,0.0007139112729454833,-4.364380332950949,0.04023634145511684
-1.5999999999999979,0.0,0.0,0.0,0.0,0.0,2.4033727785699455e-10,0.0,0.0
-1.5999999999999979,1.0,0.0,1.774294697597799,0.0,1.696857728767249,0.0007139112729454833,-4.364380332950949,-0.04023634145511684
-1.5999999999999979,-1.0,-1.0,-1.774294697597799,-1.7745836881748218,-1.628713241764102,-1.627583555823462,-8.24434285894005,0.039303999518694406
-1.5999999999999979,0.0,-1.0,0.0,-1.7745836881748218,0.0,-1.6952373246858738,-4.471266360537583,-0.0
-1.5999999999999979,1.0,-1.0,1.774294697597799,-1.7745836881748218,1.628713241764102,-1.627583555823462,-8.24434285894005,-0.039303999518694406
-1.5,-1.0,1.0,-1.774279552286684,1.7745380920468399,-1.630658158377262,1.6320729842636132,-8.061457212175318,0.033169588192747484
-1.5,0.0,1.0,0.0,1.7745380920468399,0.0,1.6987321295527662,-4.271870118416863,0.0
-1.5,1.0,1.0,1.774279552286684,1.7745380920468399,1.630658158377262,1.6320729842636132,-8.061457212175318,-0.033169588192747484
-1.5,-1.0,0.0,-1.774279552286684,0.0,-1.696847212993559,0.0006693179262340088,-4.3641566625355415,0.037723363568688745
-1.5,0.0,0.0,0.0,0.0,0.0,1.7434279020456245e-10,0.0,0.0
-1.5,1.0,0.0,1.774279552286684,0.0,1.696847212993559,0.0006693179262340088,-4.3641566625355415,-0.037723363568688745
-1.5,-1.0,-1.0,-1.774279552286684,-1.7745380920468399,-1.628766586836592,-1.6276960061998067,-8.238100006119925,0.036852319955971546
-1.5,0.0,-1.0,0.0,-1.7745380920468399,0.0,-1.6953162364489247,-4.464364893206478,-0.0
-1.5,1.0,-1.0,1.774279552286684,-1.7745380920468399,1.628766586836592,-1.6276960061998067,-8.238100006119925,-0.036852319955971546
-1.3999999999999986,-1.0,1.0,-1.7742651355197707,1.7744948759821155,-1.630586109223345,1.6318959295553472,-8.066983979561076,0.03095765823523456
-1.3999999999999986,0.0,1.0,0.0,1.7744948759821155,0.0,1.6985856667053554,-4.277792531508286,0.0
-1.3999999999999986,1.0,1.0,1.7742651355197707,1.7744948759821155,1.630586109223345,1.6318959295553472,-8.066983979561076,-0.03095765823523456
-1.3999999999999986,-1.0,0.0,-1.7742651355197707,0.0,-1.696837375189458,0.0006247195313384135,-4.363934046848652,0.03521004379964904
-1.3999999999999986,0.0,0.0,0.0,0.0,0.0,1.235715141323368e-10,0.0,0.0
-1.3999999999999986,1.0,0.0,1.7742651355197707,0.0,1.696837375189458,0.0006247195313384135,-4.363934046848652,-0.03521004379964904
-1.3999999999999986,-1.0,-1.0,-1.7742651355197707,-1.7744948759821155,-1.628820563378467,-1.6278106226380198,-8.23185855253753,0.034399883027794634
-1.3999999999999986,0.0,-1.0,0.0,-1.7744948759821155,0.0,-1.6953974085946837,-4.457463837062612,-0.0
-1.3999999999999986,1.0,-1.0,1.7742651355197707,-1.7744948759821155,1.628820563378467,-1.6278106226380198,-8.23185855253753,-0.034399883027794634
-1.3000000000000007,-1.0,1.0,-1.774251447430514,1.7744540401926194,-1.630514674685033,1.6317210138202967,-8.072513818917734,0.028745713202550822
-1.3000000000000007,0.0,1.0,0.0,1.7744540401926194,0.0,1.6984414449098517,-4.283717332826295,0.0
-1.3000000000000007,1.0,1.0,1.774251447430514,1.7744540401926194,1.630514674685033,1.6317210138202967,-8.072513818917734,-0.028745713202550822
-1.3000000000000007,-1.0,0.0,-1.774251447430514,0.0,-1.696828215448442,0.0005801164232118183,-4.363712488114184,0.032696404111826866
-1.3000000000000007,0.0,0.0,0.0,0.0,0.0,8.531580997228616e-11,0.0,0.0
-1.3000000000000007,1.0,0.0,1.774251447430514,0.0,1.696828215448442,0.0005801164232118183,-4.363712488114184,-0.032696404111826866
-1.3000000000000007,-1.0,-1.0,-1.774251447430514,-1.7744540401926194,-1.628875170896739,-1.6279274044032053,-8.225618554793872,0.031946712731242596
-1.3000000000000007,0.0,-1.0,0.0,-1.7744540401926194,0.0,-1.6954808406610642,-4.45056325736014,-0.0
-1.3000000000000007,1.0,-1.0,1.774251447430514,-1.7744540401926194,1.628875170896739,-1.6279274044032053,-8.225618554793872,-0.031946712731242596
-1.1999999999999993,-1.0,1.0,-1.7742384881455244,1.7744155848821919,-1.63044385543195,1.6315482381907345,-8.078046676722064,0.026533777589782537
-1.1999999999999993,0.0,1.0,0.0,1.7744155848821919,0.0,1.6982994650362035,-4.289644460660092,0.0
-1.1999999999999993,1.0,1.0,1.7742384881455244,1.7744155848821919,1.63044385543195,1.6315482381907345,-8.078046676722064,-0.026533777589782537
-1.1999999999999993,-1.0,0.0,-1.7742384881455244,0.0,-1.696819733857545,0.0005355089371189004,-4.363491988548804,0.030182466488968277
-1.1999999999999993,0.0,0.0,0.0,0.0,0.0,5.712361139664779e-11,0.0,0.0
-1.1999999999999993,1.0,0.0,1.7742384881455244,0.0,1.696819733857545,0.0005355089371189004,-4.363491988548804,-0.030182466488968277
-1.1999999999999993,-1.0,-1.0,-1.7742384881455244,-1.7744155848821919,-1.628930408892141,-1.6280463507462315,-8.219380069676092,0.029492833259070473
-1.1999999999999993,0.0,-1.0,0.0,-1.7744155848821919,0.0,-1.6955665321712905,-4.443663219748848,-0.0
-1.1999999999999993,1.0,-1.0,1.7742384881455244,-1.7744155848821919,1.628930408892141,-1.6280463507462315,-8.219380069676092,-0.029492833259070473
-1.0999999999999979,-1.0,1.0,-1.7742262577845824,1.7743795102459132,-1.630373652127389,1.631377603784753,-8.083582499604821,0.024321875733647875
-1.0999999999999979,0.0,1.0,0.0,1.7743795102459132,0.0,1.6981597279399179,-4.29557385361331,0.0
-1.0999999999999979,1.0,1.0,1.7742262577845824,1.7743795102459132,1.630373652127389,1.631377603784753,-8.083582499604821,-0.024321875733647875
-1.0999999999999979,-1.0,0.0,-1.7742262577845824,0.0,-1.696811930497363,0.0004908974085758022,-4.363272550361424,0.02766825293121124
-1.0999999999999979,0.0,0.0,0.0,0.0,0.0,3.689087924030332e-11,0.0,0.0
-1.0999999999999979,1.0,0.0,1.7742262577845824,0.0,1.696811930497363,0.0004908974085758022,-4.363272550361424,-0.02766825293121124
-1.0999999999999979,-1.0,-1.0,-1.7742262577845824,-1.7743795102459132,-1.628986276859136,-1.628167460903639,-8.213143154143369,0.027038268985402857
-1.0999999999999979,0.0,-1.0,0.0,-1.7743795102459132,0.0,-1.695654482633926,-4.436763790237676,-0.0
-1.0999999999999979,1.0,-1.0,1.7742262577845824,-1.7743795102459132,1.628986276859136,-1.628167460903639,-8.213143154143369,-0.027038268985402857
-1.0,-1.0,1.0,-1.7742147564606456,1.7743458164711483,-1.630304065428303,1.6312091117064287,-8.08912123437408,0.022110031789993975
-1.0,0.0,1.0,0.0,1.7743458164711483,0.0,1.6980222344619658,-4.301505450666674,0.0
-1.0,1.0,1.0,1.7742147564606456,1.7743458164711483,1.630304065428303,1.6312091117064287,-8.08912123437408,-0.022110031789993975
-1.0,-1.0,0.0,-1.7742147564606456,0.0,-1.696804805442033,0.0004462821734197986,-4.363054175754717,0.025153785458874225
-1.0,0.0,0.0,0.0,0.0,0.0,2.282871114367424e-11,0.0,0.0
-1.0,1.0,0.0,1.7742147564606456,0.0,1.696804805442033,0.0004462821734197986,-4.363054175754717,-0.025153785458874225
-1.0,-1.0,-1.0,-1.7742147564606456,-1.7743458164711483,-1.629042774285896,-1.6282907340976853,-8.206907865352957,0.02458304449012957
-1.0,0.0,-1.0,0.0,-1.7743458164711483,0.0,-1.6957446915428633,-4.429865035250475,-0.0
-1.0,1.0,-1.0,1.7742147564606456,-1.7743458164711483,1.629042774285896,-1.6282907340976853,-8.206907865352957,-0.02458304449012957
-0.8999999999999986,-1.0,1.0,-1.7742039842798207,1.7743145037352972,-1.63023509598531,1.6310427630456628,-8.094662827961063,0.019898269786142644
-0.8999999999999986,0.0,1.0,0.0,1.7743145037352972,0.0,1.6978869854288947,-4.307439191051351,0.0
-0.8999999999999986,1.0,1.0,1.7742039842798207,1.7743145037352972,1.63023509598531,1.6310427630456628,-8.094662827961063,-0.019898269786142644
-0.8999999999999986,-1.0,0.0,-1.7742039842798207,0.0,-1.696798358759248,0.0004016635677409064,-4.3628368669227795,0.022639086108463925
-0.8999999999999986,0.0,0.0,0.0,0.0,0.0,1.3402695620001737e-11,0.0,0.0
-0.8999999999999986,1.0,0.0,1.7742039842798207,0.0,1.696798358759248,0.0004016635677409064,-4.3628368669227795,-0.022639086108463925
-0.8999999999999986,-1.0,-1.0,-1.7742039842798207,-1.7743145037352972,-1.629099900654304,-1.6284161695363253,-8.20067426060125,0.0221271845016159
-0.8999999999999986,0.0,-1.0,0.0,-1.7743145037352972,0.0,-1.6958371583773042,-4.422967021505039,-0.0
-0.8999999999999986,1.0,-1.0,1.7742039842798207,-1.7743145037352972,1.629099900654304,-1.6284161695363253,-8.20067426060125,-0.0221271845016159
-0.7999999999999972,-1.0,1.0,-1.774193941341382,1.774285572207589,-1.6301667444427,1.6308785588783203,-8.100207227463448,0.017686613578132
-0.7999999999999972,0.0,1.0,0.0,1.774285572207589,0.0,1.6977539816527485,-4.313375014351208,0.0
-0.7999999999999972,1.0,1.0,1.774193941341382,1.774285572207589,1.6301667444427,1.6308785588783203,-8.100207227463448,-0.017686613578132
-0.7999999999999972,-1.0,0.0,-1.774193941341382,0.0,-1.696792590510255,0.0003570419278546011,-4.362620626052171,0.020124176930998817
-0.7999999999999972,0.0,0.0,0.0,0.0,0.0,7.390907330595553e-12,0.0,0.0
-0.7999999999999972,1.0,0.0,1.774193941341382,0.0,1.696792590510255,0.0003570419278546011,-4.362620626052171,-0.020124176930998817
-0.7999999999999972,-1.0,-1.0,-1.774193941341382,-1.774285572207589,-1.629157655439968,-1.6285437664132425,-8.194442397368885,0.019670713941499236
-0.7999999999999972,0.0,-1.0,0.0,-1.774285572207589,0.0,-1.6959318826018146,-4.416069816105517,-0.0
-0.7999999999999972,1.0,-1.0,1.774193941341382,-1.774285572207589,1.629157655439968,-1.6285437664132425,-8.194442397368885,-0.019670713941499236
-0.6999999999999993,-1.0,1.0,-1.7741846277377844,1.7742590220460108,-1.630099011438427,1.6307165002660489,-8.105754380071966,0.015475086925120712
-0.6999999999999993,0.0,1.0,0.0,1.7742590220460108,0.0,1.6976232239310638,-4.319312860338364,0.0
-0.6999999999999993,1.0,1.0,1.7741846277377844,1.7742590220460108,1.630099011438427,1.6307165002660489,-8.105754380071966,-0.015475086925120712
-0.6999999999999993,-1.0,0.0,-1.7741846277377844,0.0,-1.69678750074986,0.00031241759031171157,-4.362405455322389,0.01760907999242824
-0.6999999999999993,0.0,0.0,0.0,0.0,0.0,3.755856736731289e-12,0.0,0.0
-0.6999999999999993,1.0,0.0,1.7741846277377844,0.0,1.69678750074986,0.00031241759031171157,-4.362405455322389,-0.01760907999242824
-0.6999999999999993,-1.0,-1.0,-1.7741846277377844,-1.7742590220460108,-1.629216038112195,-1.6286735239078372,-8.188212333242156,0.017213657844053258
-0.6999999999999993,0.0,-1.0,0.0,-1.7742590220460108,0.0,-1.6960288636663041,-4.409173486377121,-0.0
-0.6999999999999993,1.0,-1.0,1.7741846277377844,-1.7742590220460108,1.629216038112195,-1.6286735239078372,-8.188212333242156,-0.017213657844053258
-0.5999999999999979,-1.0,1.0,-1.7741760435546423,1.7742348533991084,-1.630031897604115,1.6305565882564885,-8.111304233110895,0.013263713447479205
-0.5999999999999979,0.0,1.0,0.0,1.7742348533991084,0.0,1.6974947130469416,-4.325252669067276,0.0
-0.5999999999999979,1.0,1.0,1.7741760435546423,1.7742348533991084,1.630031897604115,1.6305565882564885,-8.111304233110895,-0.013263713447479205
-0.5999999999999979,-1.0,0.0,-1.7741760435546423,0.0,-1.69678308952641,0.00026779089185677285,-4.362191356905712,0.015093817371146645
-0.5999999999999979,0.0,0.0,0.0,0.0,0.0,1.69711467101763e-12,0.0,0.0
-0.5999999999999979,1.0,0.0,1.7741760435546423,0.0,1.69678308952641,0.00026779089185677285,-4.362191356905712,-0.015093817371146645
-0.5999999999999979,-1.0,-1.0,-1.7741760435546423,-1.7742348533991084,-1.629275048134004,-1.6288054411852904,-8.181984125956355,0.014756041401247892
-0.5999999999999979,0.0,-1.0,0.0,-1.7742348533991084,0.0,-1.6961281010060554,-4.402278099960373,-0.0
-0.5999999999999979,1.0,-1.0,1.7741760435546423,-1.7742348533991084,1.629275048134004,-1.6288054411852904,-8.181984125956355,-0.014756041401247892
-0.5,-1.0,1.0,-1.774168188870735,1.7742130664048532,-1.629965403565066,1.6303988238831006,-8.116856734013933,0.011052516650615768
-0.5,0.0,1.0,0.0,1.7742130664048532,0.0,1.6973684497689656,-4.331194380819232,0.0
-0.5,1.0,1.0,1.774168188870735,1.7742130664048532,1.629965403565066,1.6303988238831006,-8.116856734013933,-0.011052516650615768
-0.5,-1.0,0.0,-1.774168188870735,0.0,-1.696779356881806,0.00022316216943527034,-4.361978332966695,0.012578411158263069
-0.5,0.0,0.0,0.0,0.0,0.0,6.664391261068658e-13,0.0,0.0
-0.5,1.0,0.0,1.774168188870735,0.0,1.696779356881806,0.00022316216943527034,-4.361978332966695,-0.012578411158263069
-0.5,-1.0,-1.0,-1.774168188870735,-1.7742130664048532,-1.629334684962116,-1.6289395173964294,-8.175757833370168,0.012297889936288352
-0.5,0.0,-1.0,0.0,-1.7742130664048532,0.0,-1.6962295940416754,-4.395383724751746,-0.0
-0.5,1.0,-1.0,1.774168188870735,-1.7742130664048532,1.629334684962116,-1.6289395173964294,-8.175757833370168,-0.012297889936288352
-0.3999999999999986,-1.0,1.0,-1.774161063758011,1.7741936611894444,-1.629899529940263,1.63024320816527,-8.12241183029078,0.00884151995838962
-0.3999999999999986,0.0,1.0,0.0,1.7741936611894444,0.0,1.6972444348512299,-4.337137936037191,0.0
-0.3999999999999986,1.0,1.0,1.774161063758011,1.7741936611894444,1.629899529940263,1.63024320816527,-8.12241183029078,-0.00884151995838962
-0.3999999999999986,-1.0,0.0,-1.774161063758011,0.0,-1.696776302851509,0.00017853176015070887,-4.361766385662092,0.010062883455042384
-0.3999999999999986,0.0,0.0,0.0,0.0,0.0,2.0608514894604468e-13,0.0,0.0
-0.3999999999999986,1.0,0.0,1.774161063758011,0.0,1.696776302851509,0.00017853176015070887,-4.361766385662092,-0.010062883455042384
-0.3999999999999986,-1.0,-1.0,-1.774161063758011,-1.7741936611894444,-1.62939494804697,-1.6290757516779,-8.169533513428927,0.009839228867492066
-0.3999999999999986,0.0,-1.0,0.0,-1.7741936611894444,0.0,-1.696333342179151,-4.388490428834848,-0.0
-0.3999999999999986,1.0,-1.0,1.774161063758011,-1.7741936611894444,1.62939494804697,-1.6290757516779,-8.169533513428927,-0.009839228867492066
-0.29999999999999716,-1.0,1.0,-1.774154668281592,1.7741766378674706,-1.629834277342355,1.630089742108205,-8.127969469535188,0.006630746706105275
-0.29999999999999716,0.0,1.0,0.0,1.7741766378674706,0.0,1.697122669033337,-4.343083275335603,0.0
-0.29999999999999716,1.0,1.0,1.774154668281592,1.7741766378674706,1.629834277342355,1.630089742108205,-8.127969469535188,-0.006630746706105275
-0.29999999999999716,-1.0,0.0,-1.774154668281592,0.0,-1.696773927464525,0.0001339000011941066,-4.361555517141938,0.0075472563687922
-0.29999999999999716,0.0,0.0,0.0,0.0,0.0,4.947431353485854e-14,0.0,0.0
-0.29999999999999716,1.0,0.0,1.774154668281592,0.0,1.696773927464525,0.0001339000011941066,-4.361555517141938,-0.0075472563687922
-0.29999999999999716,-1.0,-1.0,-1.774154668281592,-1.7741766378674706,-1.629455836832687,-1.6292141431521179,-8.163311224170766,0.007380083712136066
-0.29999999999999716,0.0,-1.0,0.0,-1.7741766378674706,0.0,-1.696439344809921,-4.381598280483975,-0.0
-0.29999999999999716,1.0,-1.0,1.774154668281592,-1.7741766378674706,1.629455836832687,-1.6292141431521179,-8.163311224170766,-0.007380083712136066
-0.1999999999999993,-1.0,1.0,-1.7741490024997657,1.7741619965413569,-1.629769646377684,1.629938426703015,-8.133529599407966,0.004420220155481503
-0.1999999999999993,0.0,1.0,0.0,1.7741619965413569,0.0,1.697003153040369,-4.34903033947324,0.0
-0.1999999999999993,1.0,1.0,1.7741490024997657,1.7741619965413569,1.629769646377684,1.629938426703015,-8.133529599407966,-0.004420220155481503
-0.1999999999999993,-1.0,0.0,-1.7741490024997657,0.0,-1.69677223074342,8.92672299091582e-05,-4.361345729548205,0.005031552016396661
-0.1999999999999993,0.0,0.0,0.0,0.0,0.0,3.559652572704408e-15,0.0,0.0
-0.1999999999999993,1.0,0.0,1.7741490024997657,0.0,1.69677223074342,8.92672299091582e-05,-4.361345729548205,-0.005031552016396661
-0.1999999999999993,-1.0,-1.0,-1.7741490024997657,-1.7741619965413569,-1.629517350757104,-1.629354690927243,-8.157091023711322,0.004920480073450872
-0.1999999999999993,0.0,-1.0,0.0,-1.7741619965413569,0.0,-1.696547601310737,-4.374707348141003,-0.0
-0.1999999999999993,1.0,-1.0,1.7741490024997657,-1.7741619965413569,1.629517350757104,-1.629354690927243,-8.157091023711322,-0.004920480073450872
-0.09999999999999787,-1.0,1.0,-1.7741440664639851,1.7741497674524838,-1.62970563764627,1.6297892644342684,-8.13909290570837,0.0022092253888609335
-0.09999999999999787,0.0,1.0,0.0,1.7741497674524838,0.0,1.6968858890904943,-4.354980609835059,0.0
-0.09999999999999787,1.0,1.0,1.7741440664639851,1.7741497674524838,1.62970563764627,1.6297892644342684,-8.13909290570837,-0.0022092253888609335
-0.09999999999999787,-1.0,0.0,-1.7741440664639851,0.0,-1.69677121270431,4.463529133572064e-05,-4.361137025015427,0.0025158774971799466
-0.09999999999999787,0.0,0.0,0.0,0.0,0.0,1.5076364306282342e-09,0.0,0.0
-0.09999999999999787,1.0,0.0,1.7741440664639851,0.0,1.69677121270431,4.463529133572064e-05,-4.361137025015427,-0.0025158774971799466
-0.09999999999999787,-1.0,-1.0,-1.7741440664639851,-1.7741497674524838,-1.62957948925174,-1.6294973925895817,-8.150873793229165,0.00246126657957526
-0.09999999999999787,0.0,-1.0,0.0,-1.7741497674524838,0.0,-1.6966581095362046,-4.367819410621129,-0.0
-0.09999999999999787,1.0,-1.0,1.7741440664639851,-1.7741497674524838,1.62957948925174,-1.6294973925895817,-8.150873793229165,-0.00246126657957526
0.0,-1.0,1.0,-1.7741398602188805,1.774139860218971,-1.629642251741829,1.629642251741831,-8.144657121861016,-2.2882943789012134e-12
0.0,0.0,1.0,0.0,1.774139860218971,0.0,1.696770873356862,-4.360929405676046,0.0
0.0,1.0,1.0,1.7741398602188805,1.774139860218971,1.629642251741829,1.629642251741831,-8.144657121861016,2.2882943789012134e-12
0.0,-1.0,0.0,-1.7741398602188805,0.0,-1.696770873356863,-3.808250927357836e-17,-4.360929405671113,-2.1465336599156293e-15
0.0,0.0,0.0,0.0,0.0,0.0,0.0,0.0,0.0
0.0,1.0,0.0,1.7741398602188805,0.0,1.696770873356863,-3.808250927357836e-17,-4.360929405671113,2.1465336599156293e-15
0.0,-1.0,-1.0,-1.7741398602188805,-1.774139860218971,-1.629642251741828,-1.629642251741832,-8.144657121861009,2.2327404113209533e-12
0.0,0.0,-1.0,0.0,-1.774139860218971,0.0,-1.696770873356863,-4.360929405675996,-0.0
0.0,1.0,-1.0,1.7741398602188805,-1.774139860218971,1.629642251741828,-1.629642251741832,-8.144657121861009,-2.2327404113209533e-12
0.10000000000000142,-1.0,1.0,-1.7741363838022455,1.7741323653600263,-1.629579489251741,1.629497394097211,-8.150224409940849,-0.0022096472931451097
0.10000000000000142,0.0,1.0,0.0,1.7741323653600263,0.0,1.696658111043835,-4.366881289630796,0.0
0.10000000000000142,1.0,1.0,1.7741363838022455,1.7741323653600263,1.629579489251741,1.629497394097211,-8.150224409940849,0.0022096472931451097
0.10000000000000142,-1.0,0.0,-1.7741363838022455,0.0,-1.69677121270431,-4.4633783697470286e-05,-4.360722873634444,-0.0025158034131408354
0.10000000000000142,0.0,0.0,0.0,0.0,0.0,-1.9949319973733282e-16,0.0,0.0
0.10000000000000142,1.0,0.0,1.7741363838022455,0.0,1.69677121270431,-4.4633783697470286e-05,-4.360722873634444,0.0025158034131408354
0.10000000000000142,-1.0,-1.0,-1.7741363838022455,-1.7741323653600263,-1.629705637646271,-1.629789262926638,-8.138443536905923,-0.002460824985582567
0.10000000000000142,0.0,-1.0,0.0,-1.7741323653600263,0.0,-1.6968858875828638,-4.354042532868551,-0.0
0.10000000000000142,1.0,-1.0,1.7741363838022455,-1.7741323653600263,1.629705637646271,-1.629789262926638,-8.138443536905923,0.002460824985582567
0.20000000000000284,-1.0,1.0,-1.7741336372450456,1.7741272527700485,-1.629517350757104,1.6293546909272316,-8.155793979607862,-0.004418955211096337
0.20000000000000284,0.0,1.0,0.0,1.7741272527700485,0.0,1.6965476013107257,-4.372834662124329,0.0
0.20000000000000284,1.0,1.0,1.7741336372450456,1.7741272527700485,1.629517350757104,1.6293546909272316,-8.155793979607862,0.004418955211096337
0.20000000000000284,-1.0,0.0,-1.7741336372450456,0.0,-1.696772230743419,-8.926722992238026e-05,-4.360517431018153,-0.005031595593948516
0.20000000000000284,0.0,0.0,0.0,0.0,0.0,-1.9990953337156725e-14,0.0,0.0
0.20000000000000284,1.0,0.0,1.7741336372450456,0.0,1.696772230743419,-8.926722992238026e-05,-4.360517431018153,0.005031595593948516
0.20000000000000284,-1.0,-1.0,-1.7741336372450456,-1.7741272527700485,-1.629769646377683,-1.6299384267030275,-8.132232273580097,-0.004922005608349498
0.20000000000000284,0.0,-1.0,0.0,-1.7741272527700485,0.0,-1.6970031530403804,-4.347157150607415,-0.0
0.20000000000000284,1.0,-1.0,1.7741336372450456,-1.7741272527700485,1.629769646377683,-1.6299384267030275,-8.132232273580097,0.004922005608349498
0.3000000000000007,-1.0,1.0,-1.7741316205714208,1.7741245224807551,-1.629455836832688,1.6292141431520983,-8.161365778622622,-0.0066279006245621875
0.3000000000000007,0.0,1.0,0.0,1.7741245224807551,0.0,1.6964393448099016,-4.378789464125469,0.0
0.3000000000000007,1.0,1.0,1.7741316205714208,1.7741245224807551,1.629455836832688,1.6292141431520983,-8.161365778622622,0.0066279006245621875
0.3000000000000007,-1.0,0.0,-1.7741316205714208,0.0,-1.696773927464525,-0.00013390000120909462,-4.360313079926959,-0.007547354415901086
0.3000000000000007,0.0,0.0,0.0,0.0,0.0,-6.532968610528656e-14,0.0,0.0
0.3000000000000007,1.0,0.0,1.7741316205714208,0.0,1.696773927464525,-0.00013390000120909462,-4.360313079926959,0.007547354415901086
0.3000000000000007,-1.0,-1.0,-1.7741316205714208,-1.7741245224807551,-1.629834277342355,-1.6300897421082245,-8.126023390117053,-0.007383516112284326
0.3000000000000007,0.0,-1.0,0.0,-1.7741245224807551,0.0,-1.6971226690333565,-4.340273327586221,-0.0
0.3000000000000007,1.0,-1.0,1.7741316205714208,-1.7741245224807551,1.629834277342355,-1.6300897421082245,-8.126023390117053,0.007383516112284326
0.40000000000000213,-1.0,1.0,-1.7741303337986711,1.7741241745070002,-1.62939494804697,1.6290757516778134,-8.166939754696438,-0.008836460360774392
0.40000000000000213,0.0,1.0,0.0,1.7741241745070002,0.0,1.6963333421790634,-4.384745636508425,0.0
0.40000000000000213,1.0,1.0,1.7741303337986711,1.7741241745070002,1.62939494804697,1.6290757516778134,-8.166939754696438,0.008836460360774392
0.40000000000000213,-1.0,0.0,-1.7741303337986711,0.0,-1.696776302851508,-0.0001785317602383263,-4.360109822458024,-0.010063057760591005
0.40000000000000213,0.0,0.0,0.0,0.0,0.0,-2.9418134595005085e-13,0.0,0.0
0.40000000000000213,1.0,0.0,1.7741303337986711,0.0,1.696776302851508,-0.0001785317602383263,-4.360109822458024,0.010063057760591005
0.40000000000000213,-1.0,-1.0,-1.7741303337986711,-1.7741241745070002,-1.629899529940262,-1.6302432081653577,-8.119816944699114,-0.009845330788421099
0.40000000000000213,0.0,-1.0,0.0,-1.7741241745070002,0.0,-1.6972444348513176,-4.333391132390506,-0.0
0.40000000000000213,1.0,-1.0,1.7741303337986711,-1.7741241745070002,1.629899529940262,-1.6302432081653577,-8.119816944699114,0.009845330788421099
0.5,-1.0,1.0,-1.7741297769372717,1.7741262088484557,-1.629334684962116,1.628939517396201,-8.172515855535584,-0.011044611248265534
0.5,0.0,1.0,0.0,1.7741262088484557,0.0,1.6962295940414458,-4.390703120133196,0.0
0.5,1.0,1.0,1.7741297769372717,1.7741262088484557,1.629334684962116,1.628939517396201,-8.172515855535584,0.011044611248265534
0.5,-1.0,0.0,-1.7741297769372717,0.0,-1.696779356881806,-0.00022316216966336566,-4.359907660701006,-0.012578683508069887
0.5,0.0,0.0,0.0,0.0,0.0,-8.883310753660112e-13,0.0,0.0
0.5,1.0,0.0,1.7741297769372717,0.0,1.696779356881806,-0.00022316216966336566,-4.359907660701006,0.012578683508069887
0.5,-1.0,-1.0,-1.7741297769372717,-1.7741262088484557,-1.629965403565067,-1.6303988238833291,-8.11361299550433,-0.012307423926278663
0.5,0.0,-1.0,0.0,-1.7741262088484557,0.0,-1.6973684497691952,-4.326510633597044,-0.0
0.5,1.0,-1.0,1.7741297769372717,-1.7741262088484557,1.629965403565067,-1.6303988238833291,-8.11361299550433,0.012307423926278663
0.6000000000000014,-1.0,1.0,-1.7741299499908727,1.7741306254872362,-1.629275048134004,1.6288054411848416,-8.178094028781475,-0.013252330058501795
0.6000000000000014,0.0,1.0,0.0,1.7741306254872362,0.0,1.6961281010056095,-4.3966618557303,0.0
0.6000000000000014,1.0,1.0,1.7741299499908727,1.7741306254872362,1.629275048134004,1.6288054411848416,-8.178094028781475,0.013252330058501795
0.6000000000000014,-1.0,0.0,-1.7741299499908727,0.0,-1.69678308952641,-0.00026779089230261066,-4.3597065967383415,-0.015094209547839962
0.6000000000000014,0.0,0.0,0.0,0.0,0.0,-2.1533191896239146e-12,0.0,0.0
0.6000000000000014,1.0,0.0,1.7741299499908727,0.0,1.69678308952641,-0.00026779089230261066,-4.3597065967383415,0.015094209547839962
0.6000000000000014,-1.0,-1.0,-1.7741299499908727,-1.7741306254872362,-1.630031897604114,-1.6305565882569335,-8.107411600641253,-0.014769769879597081
0.6000000000000014,0.0,-1.0,0.0,-1.7741306254872362,0.0,-1.6974947130473874,-4.319631899641099,-0.0
0.6000000000000014,1.0,-1.0,1.7741299499908727,-1.7741306254872362,1.630031897604114,-1.6305565882569335,-8.107411600641253,0.014769769879597081
0.7000000000000028,-1.0,1.0,-1.7741308529562878,1.7741374243876415,-1.629216038112195,1.6286735239070198,-8.183674222006555,-0.015459593500799266
0.7000000000000028,0.0,1.0,0.0,1.7741374243876415,0.0,1.6960288636654859,-4.402621783885512,0.0
0.7000000000000028,1.0,1.0,1.7741308529562878,1.7741374243876415,1.629216038112195,1.6286735239070198,-8.183674222006555,0.015459593500799266
0.7000000000000028,-1.0,0.0,-1.7741308529562878,0.0,-1.69678750074986,-0.00031241759113030676,-4.359506632644834,-0.017609613778471634
0.7000000000000028,0.0,0.0,0.0,0.0,0.0,-4.566999556310236e-12,0.0,0.0
0.7000000000000028,1.0,0.0,1.7741308529562878,0.0,1.69678750074986,-0.00031241759113030676,-4.359506632644834,0.017609613778471634
0.7000000000000028,-1.0,-1.0,-1.7741308529562878,-1.7741374243876415,-1.630099011438427,-1.630716500266866,-8.10121281814121,-0.017232343073620645
0.7000000000000028,0.0,-1.0,0.0,-1.7741374243876415,0.0,-1.697623223931882,-4.312754998794359,-0.0
0.7000000000000028,1.0,-1.0,1.7741308529562878,-1.7741374243876415,1.630099011438427,-1.630716500266866,-8.10121281814121,0.017232343073620645
0.8000000000000007,-1.0,1.0,-1.7741324858235057,1.7741466054955102,-1.629157655439968,1.628543766411851,-8.189256382693785,-0.01766637820329207
0.8000000000000007,0.0,1.0,0.0,1.7741466054955102,0.0,1.695931882600424,-4.408582845003458,0.0
0.8000000000000007,1.0,1.0,1.7741324858235057,1.7741466054955102,1.629157655439968,1.628543766411851,-8.189256382693785,0.01766637820329207
0.8000000000000007,-1.0,0.0,-1.7741324858235057,0.0,-1.696792590510255,-0.00035704192924619627,-4.3593077704877015,-0.020124874106031983
0.8000000000000007,0.0,0.0,0.0,0.0,0.0,-8.783196392414538e-12,0.0,0.0
0.8000000000000007,1.0,0.0,1.7741324858235057,0.0,1.696792590510255,-0.00035704192924619627,-4.3593077704877015,0.020124874106031983
0.8000000000000007,-1.0,-1.0,-1.7741324858235057,-1.7741466054955102,-1.6301667444427,-1.630878558879713,-8.095016705941873,-0.019695118022871733
0.8000000000000007,0.0,-1.0,0.0,-1.7741466054955102,0.0,-1.6977539816541392,-4.305879999135413,-0.0
0.8000000000000007,1.0,-1.0,1.7741324858235057,-1.7741466054955102,1.6301667444427,-1.630878558879713,-8.095016705941873,0.019695118022871733
0.9000000000000021,-1.0,1.0,-1.7741348485756825,1.7741581687392503,-1.629099900654306,1.6284161695340928,-8.194840458269363,-0.019872660745352842
0.9000000000000021,0.0,1.0,0.0,1.7741581687392503,0.0,1.6958371583750758,-4.414544979370744,0.0
0.9000000000000021,1.0,1.0,1.7741348485756825,1.7741581687392503,1.629099900654306,1.6284161695340928,-8.194840458269363,0.019872660745352842
0.9000000000000021,-1.0,0.0,-1.7741348485756825,0.0,-1.696798358759248,-0.0004016635699714971,-4.359110012326411,-0.022639968449634038
0.9000000000000021,0.0,0.0,0.0,0.0,0.0,-1.563699170148425e-11,0.0,0.0
0.9000000000000021,1.0,0.0,1.7741348485756825,0.0,1.696798358759248,-0.0004016635699714971,-4.359110012326411,0.022639968449634038
0.9000000000000021,-1.0,-1.0,-1.7741348485756825,-1.7741581687392503,-1.630235095985311,-1.6310427630478952,-8.088823321914349,-0.0221580693028809
0.9000000000000021,0.0,-1.0,0.0,-1.7741581687392503,0.0,-1.6978869854311232,-4.299006968602288,-0.0
0.9000000000000021,1.0,-1.0,1.7741348485756825,-1.7741581687392503,1.630235095985311,-1.6310427630478952,-8.088823321914349,0.0221580693028809
1.0,-1.0,1.0,-1.7741379411891423,1.7741721140268858,-1.629042774285896,1.628290734094312,-8.200426396022113,-0.02207841757710191
1.0,0.0,1.0,0.0,1.7741721140268858,0.0,1.69574469153949,-4.420508126992648,0.0
1.0,1.0,1.0,1.7741379411891423,1.7741721140268858,1.629042774285896,1.628290734094312,-8.200426396022113,0.02207841757710191
1.0,-1.0,0.0,-1.7741379411891423,0.0,-1.696804805442033,-0.00044628217679051896,-4.358913360213442,-0.0251548747382851
1.0,0.0,0.0,0.0,0.0,0.0,-2.6199098446255675e-11,0.0,0.0
1.0,1.0,0.0,1.7741379411891423,0.0,1.696804805442033,-0.00044628217679051896,-4.358913360213442,0.0251548747382851
1.0,-1.0,-1.0,-1.7741379411891423,-1.7741721140268858,-1.630304065428302,-1.631209111709807,-8.082632723782792,-0.02462117163192437
1.0,0.0,-1.0,0.0,-1.7741721140268858,0.0,-1.698022234465339,-4.292135974829822,-0.0
1.0,1.0,-1.0,1.7741379411891423,-1.7741721140268858,1.630304065428302,-1.631209111709807,-8.082632723782792,0.02462117163192437
1.1000000000000014,-1.0,1.0,-1.7741417636333878,1.774188441246758,-1.628986276859136,1.6281674608987178,-8.2060141431269,-0.024283625042801796
1.1000000000000014,0.0,1.0,0.0,1.774188441246758,0.0,1.6956544826290099,-4.4264722276378174,0.0
1.1000000000000014,1.0,1.0,1.7741417636333878,1.774188441246758,1.628986276859136,1.6281674608987178,-8.2060141431269,0.024283625042801796
1.1000000000000014,-1.0,0.0,-1.7741417636333878,0.0,-1.696811930497362,-0.0004908974134898991,-4.358717816193944,-0.027669570918873825
1.1000000000000014,0.0,0.0,0.0,0.0,0.0,-4.181299750882772e-11,0.0,0.0
1.1000000000000014,1.0,0.0,1.7741417636333878,0.0,1.696811930497362,-0.0004908974134898991,-4.358717816193944,0.027669570918873825
1.1000000000000014,-1.0,-1.0,-1.7741417636333878,-1.774188441246758,-1.630373652127389,-1.6313776037896681,-8.076444969146186,-0.027084399849370937
1.1000000000000014,0.0,-1.0,0.0,-1.774188441246758,0.0,-1.698159727944833,-4.2852670851861685,-0.0
1.1000000000000014,1.0,-1.0,1.7741417636333878,-1.774188441246758,1.630373652127389,-1.6313776037896681,-8.076444969146186,0.027084399849370937
1.2000000000000028,-1.0,1.0,-1.7741463158710837,1.7742071502684642,-1.628930408892141,1.6280463507393175,-8.21160364666453,-0.02648825940198391
1.2000000000000028,0.0,1.0,0.0,1.7742071502684642,0.0,1.6955665321643765,-4.43243722088417,0.0
1.2000000000000028,1.0,1.0,1.7741463158710837,1.7742071502684642,1.628930408892141,1.6280463507393175,-8.21160364666453,0.02648825940198391
1.2000000000000028,-1.0,0.0,-1.7741463158710837,0.0,-1.696819733857545,-0.0005355089440323979,-4.358523382304706,-0.03018403494919581
1.2000000000000028,0.0,0.0,0.0,0.0,0.0,-6.403788610498395e-11,0.0,0.0
1.2000000000000028,1.0,0.0,1.7741463158710837,0.0,1.696819733857545,-0.0005355089440323979,-4.358523382304706,0.03018403494919581
1.2000000000000028,-1.0,-1.0,-1.7741463158710837,-1.7742071502684642,-1.63044385543195,-1.6315482381976485,-8.070260115498447,-0.029547728895423814
1.2000000000000028,0.0,-1.0,0.0,-1.7742071502684642,0.0,-1.6982994650431185,-4.278400366826374,-0.0
1.2000000000000028,1.0,-1.0,1.7741463158710837,-1.7742071502684642,1.63044385543195,-1.6315482381976485,-8.070260115498447,0.029547728895423814
1.3000000000000007,-1.0,1.0,-1.7741515978580713,1.7742282409395826,-1.628875170896738,1.6279274043937286,-8.217194853543269,-0.028692296750171827
1.3000000000000007,0.0,1.0,0.0,1.7742282409395826,0.0,1.6954808406515887,-4.438403045951491,0.0
1.3000000000000007,1.0,1.0,1.7741515978580713,1.7742282409395826,1.628875170896738,1.6279274043937286,-8.217194853543269,0.028692296750171827
1.3000000000000007,-1.0,0.0,-1.7741515978580713,0.0,-1.696828215448441,-0.0005801164326854902,-4.358330060575574,-0.03269824480534038
1.3000000000000007,0.0,0.0,0.0,0.0,0.0,-9.47839862153188e-11,0.0,0.0
1.3000000000000007,1.0,0.0,1.7741515978580713,0.0,1.696828215448441,-0.0005801164326854902,-4.358330060575574,0.03269824480534038
1.3000000000000007,-1.0,-1.0,-1.7741515978580713,-1.7742282409395826,-1.630514674685032,-1.6317210138297802,-8.064078220145685,-0.03201113389442098
1.3000000000000007,0.0,-1.0,0.0,-1.7742282409395826,0.0,-1.6984414449193204,-4.271535886506219,-0.0
1.3000000000000007,1.0,-1.0,1.7741515978580713,-1.7742282409395826,1.630514674685032,-1.6317210138297802,-8.064078220145685,0.03201113389442098
1.4000000000000021,-1.0,1.0,-1.7741576095433507,1.7742517130876623,-1.628820563378467,1.6278106226253604,-8.222787710545301,-0.030895713066396456
1.4000000000000021,0.0,1.0,0.0,1.7742517130876623,0.0,1.6953974085820243,-4.444369641803016,0.0
1.4000000000000021,1.0,1.0,1.7741576095433507,1.7742517130876623,1.628820563378467,1.6278106226253604,-8.222787710545301,0.030895713066396456
1.4000000000000021,-1.0,0.0,-1.7741576095433507,0.0,-1.696837375189458,-0.0006247195440025055,-4.3581378530284,-0.03521217848076653
1.4000000000000021,0.0,0.0,0.0,0.0,0.0,-1.3623149830443992e-10,0.0,0.0
1.4000000000000021,1.0,0.0,1.7741576095433507,0.0,1.696837375189458,-0.0006247195440025055,-4.3581378530284,0.03521217848076653
1.4000000000000021,-1.0,-1.0,-1.7741576095433507,-1.7742517130876623,-1.630586109223345,-1.6318959295680067,-8.057899340255531,-0.03447459010504863
1.4000000000000021,0.0,-1.0,0.0,-1.7742517130876623,0.0,-1.6985856667180148,-4.264673710697382,-0.0
1.4000000000000021,1.0,-1.0,1.7741576095433507,-1.7742517130876623,1.630586109223345,-1.6318959295680067,-8.057899340255531,0.03447459010504863
1.5,-1.0,1.0,-1.7741643508691007,1.7742775665198702,-1.628766586836592,1.6276960061832575,-8.228382164322737,-0.03309848420889465
1.5,0.0,1.0,0.0,1.7742775665198702,0.0,1.6953162364323755,-4.450336947131233,0.0
1.5,1.0,1.0,1.7741643508691007,1.7742775665198702,1.628766586836592,1.6276960061832575,-8.228382164322737,0.03309848420889465
1.5,-1.0,0.0,-1.7741643508691007,0.0,-1.696847212993559,-0.0006693179427842144,-4.357946761677789,-0.03772581398427599
1.5,0.0,0.0,0.0,0.0,0.0,-1.908846136711162e-10,0.0,0.0
1.5,1.0,0.0,1.7741643508691007,0.0,1.696847212993559,-0.0006693179427842144,-4.357946761677789,0.03772581398427599
1.5,-1.0,-1.0,-1.7741643508691007,-1.7742775665198702,-1.63065815837726,-1.6320729842801605,-8.051723532848575,-0.036938072930087565
1.5,0.0,-1.0,0.0,-1.7742775665198702,0.0,-1.6987321295693154,-4.257813905562266,-0.0
1.5,1.0,-1.0,1.7741643508691007,-1.7742775665198702,1.63065815837726,-1.6320729842801605,-8.051723532848575,0.036938072930087565
1.6000000000000014,-1.0,1.0,-1.7741718217706741,1.7743058010202717,-1.628713241764101,1.6275835558021874,-8.233978161325181,-0.03530058584316012
1.6000000000000014,0.0,1.0,0.0,1.7743058010202717,0.0,1.6952373246645958,-4.456304900215595,0.0
1.6000000000000014,1.0,1.0,1.7741718217706741,1.7743058010202717,1.628713241764101,1.6275835558021874,-8.233978161325181,0.03530058584316012
1.6000000000000014,-1.0,0.0,-1.7741718217706741,0.0,-1.696857728767249,-0.0007139112942254888,-4.357756788531529,-0.040239129348418175
1.6000000000000014,0.0,0.0,0.0,0.0,0.0,-2.616125927001889e-10,0.0,0.0
1.6000000000000014,1.0,0.0,1.7741718217706741,0.0,1.696857728767249,-0.0007139112942254888,-4.357756788531529,0.040239129348418175
1.6000000000000014,-1.0,-1.0,-1.7741718217706741,-1.7743058010202717,-1.630730821470799,-1.6322521768199603,-8.04555085472761,-0.03940155798771024
1.6000000000000014,0.0,-1.0,0.0,-1.7743058010202717,0.0,-1.6988808325888685,-4.250956536806222,-0.0
1.6000000000000014,1.0,-1.0,1.7741718217706741,-1.7743058010202717,1.630730821470799,-1.6322521768199603,-8.04555085472761,0.03940155798771024
1.7000000000000028,-1.0,1.0,-1.7741800221765804,1.7743364163525677,-1.628660528647695,1.6274732722026322,-8.239575647871218,-0.03750199351372559
1.7000000000000028,0.0,1.0,0.0,1.7743364163525677,0.0,1.6951606737260603,-4.462273439062125,0.0
1.7000000000000028,1.0,1.0,1.7741800221765804,1.7743364163525677,1.628660528647695,1.6274732722026322,-8.239575647871218,0.03750199351372559
1.7000000000000028,-1.0,0.0,-1.7741800221765804,0.0,-1.696868922410599,-0.0007584992637489074,-4.357567935588375,-0.04275210262025009
1.7000000000000028,0.0,0.0,0.0,0.0,0.0,-3.5158909117427584e-10,0.0,0.0
1.7000000000000028,1.0,0.0,1.7741800221765804,0.0,1.696868922410599,-0.0007584992637489074,-4.357567935588375,0.04275210262025009
1.7000000000000028,-1.0,-1.0,-1.7741800221765804,-1.7743364163525677,-1.630804097821644,-1.632433506026965,-8.039381362548562,-0.04186502103921367
1.7000000000000028,0.0,-1.0,0.0,-1.7743364163525677,0.0,-1.6990317748777781,-4.244101669828222,-0.0
1.7000000000000028,1.0,-1.0,1.7741800221765804,-1.7743364163525677,1.630804097821644,-1.632433506026965,-8.039381362548562,0.04186502103921367
1.8000000000000007,-1.0,1.0,-1.7741889520085095,1.774369412258232,-1.628608447967809,1.6273651560907811,-8.24517457010095,-0.039702682596915784
1.8000000000000007,0.0,1.0,0.0,1.774369412258232,0.0,1.6950862840493892,-4.468242501314288,0.0
1.8000000000000007,1.0,1.0,1.7741889520085095,1.774369412258232,1.628608447967809,1.6273651560907811,-8.24517457010095,0.039702682596915784
1.8000000000000007,-1.0,0.0,-1.7741889520085095,0.0,-1.696880793817221,-0.0008030815171427008,-4.357380204840642,-0.045264711869249026
1.8000000000000007,0.0,0.0,0.0,0.0,0.0,-4.6439418976973457e-10,0.0,0.0
1.8000000000000007,1.0,0.0,1.7741889520085095,0.0,1.696880793817221,-0.0008030815171427008,-4.357380204840642,0.045264711869249026
1.8000000000000007,-1.0,-1.0,-1.7741889520085095,-1.774369412258232,-1.63087798674113,-1.632616970726621,-8.033215112771149,-0.04432843804012179
1.8000000000000007,0.0,-1.0,0.0,-1.774369412258232,0.0,-1.699184955522652,-4.237249369616512,-0.0
1.8000000000000007,1.0,-1.0,1.7741889520085095,-1.774369412258232,1.63087798674113,-1.632616970726621,-8.033215112771149,0.04432843804012179
1.9000000000000021,-1.0,1.0,-1.7741986111813113,1.7744047884567449,-1.628557000198608,1.6272592081585118,-8.25077487398273,-0.04190262830848327
1.9000000000000021,0.0,1.0,0.0,1.7744047884567449,0.0,1.6950141560525718,-4.474212024259786,0.0
1.9000000000000021,1.0,1.0,1.7741986111813113,1.7744047884567449,1.628557000198608,1.6272592081585118,-8.25077487398273,0.04190262830848327
1.9000000000000021,-1.0,0.0,-1.7741986111813113,0.0,-1.696893342874269,-0.0008476577205436819,-4.357193598273098,-0.047776935186488935
1.9000000000000021,0.0,0.0,0.0,0.0,0.0,-6.039183597650322e-10,0.0,0.0
1.9000000000000021,1.0,0.0,1.7741986111813113,0.0,1.696893342874269,-0.0008476577205436819,-4.357193598273098,0.047776935186488935
1.9000000000000021,-1.0,-1.0,-1.7741986111813113,-1.7744047884567449,-1.630952487534245,-1.6328025697301882,-8.027052161665873,-0.046791785132247146
1.9000000000000021,0.0,-1.0,0.0,-1.7744047884567449,0.0,-1.6993403735955823,-4.230399700760976,-0.0
1.9000000000000021,1.0,-1.0,1.7741986111813113,-1.7744047884567449,1.630952487534245,-1.6328025697301882,-8.027052161665873,0.046791785132247146
2.0,-1.0,1.0,-1.7742089996030082,1.7744425446454493,-1.628506185807975,1.6271554290834187,-8.256376505309841,-0.04410180569914064
2.0,0.0,1.0,0.0,1.7744425446454493,0.0,1.6949442901388947,-4.480181944828148,0.0
2.0,1.0,1.0,1.7742089996030082,1.7744425446454493,1.628506185807975,1.6271554290834187,-8.256376505309841,0.04410180569914064
2.0,-1.0,0.0,-1.7742089996030082,0.0,-1.696906569462462,-0.0008922275403830948,-4.3570081178622715,-0.05028875068172561
2.0,0.0,0.0,0.0,0.0,0.0,-7.744926366903826e-10,0.0,0.0
2.0,1.0,0.0,1.7742089996030082,0.0,1.696906569462462,-0.0008922275403830948,-4.3570081178622715,0.05028875068172561
2.0,-1.0,-1.0,-1.7742089996030082,-1.7744425446454493,-1.631027599499617,-1.6329903018347784,-8.020892565309378,-0.04925503864979376
2.0,0.0,-1.0,0.0,-1.7744425446454493,0.0,-1.6994980281540755,-4.223552727448181,-0.0
2.0,1.0,-1.0,1.7742089996030082,-1.7744425446454493,1.631027599499617,-1.6329903018347784,-8.020892565309378,0.04925503864979376
2.1000000000000014,-1.0,1.0,-1.7742201171747873,1.7744826805005165,-1.628456005257534,1.627053819528904,-8.261979409722606,-0.046300189678505375
2.1000000000000014,0.0,1.0,0.0,1.7744826805005165,0.0,1.6948766866970848,-4.486152199635883,0.0
2.1000000000000014,1.0,1.0,1.7742201171747873,1.7744826805005165,1.628456005257534,1.627053819528904,-8.261979409722606,0.046300189678505375
2.1000000000000014,-1.0,0.0,-1.7742201171747873,0.0,-1.696920473456066,-0.0009367906434064599,-4.356823765577125,-0.05280013648465311
2.1000000000000014,0.0,0.0,0.0,0.0,0.0,-9.807293865904398e-10,0.0,0.0
2.1000000000000014,1.0,0.0,1.7742201171747873,0.0,1.696920473456066,-0.0009367906434064599,-4.356823765577125,0.05280013648465311
2.1000000000000014,-1.0,-1.0,-1.7742201171747873,-1.7744826805005165,-1.63110332192953,-1.633180165823264,-8.014736379610813,-0.051718175091868955
2.1000000000000014,0.0,-1.0,0.0,-1.7744826805005165,0.0,-1.6996579182410663,-4.21670851351138,-0.0
2.1000000000000014,1.0,-1.0,1.7742201171747873,-1.7744826805005165,1.63110332192953,-1.633180165823264,-8.014736379610813,0.051718175091868955
2.200000000000003,-1.0,1.0,-1.7742319637910065,1.7745251956750152,-1.628406459002641,1.626954380144011,-8.267583532664078,-0.0484977549701649
2.200000000000003,0.0,1.0,0.0,1.7745251956750152,0.0,1.694811346101163,-4.49212272489204,0.0
2.200000000000003,1.0,1.0,1.7742319637910065,1.7745251956750152,1.628406459002641,1.626954380144011,-8.267583532664078,0.0484977549701649
2.200000000000003,-1.0,0.0,-1.7742319637910065,0.0,-1.696935054722881,-0.0009813466967260043,-4.356640543379962,-0.05531107074799611
2.200000000000003,0.0,0.0,0.0,0.0,0.0,-1.2276508143393983e-09,0.0,0.0
2.200000000000003,1.0,0.0,1.7742319637910065,0.0,1.696935054722881,-0.0009813466967260043,-4.356640543379962,0.05531107074799611
2.200000000000003,-1.0,-1.0,-1.7742319637910065,-1.7745251956750152,-1.631179654109903,-1.6333721604642872,-8.00858366026168,-0.05418117117413977
2.200000000000003,0.0,-1.0,0.0,-1.7745251956750152,0.0,-1.699820042884896,-4.209867122326319,-0.0
2.200000000000003,1.0,-1.0,1.7742319637910065,-1.7745251956750152,1.631179654109903,-1.6333721604642872,-8.00858366026168,0.05418117117413977
2.3000000000000007,-1.0,1.0,-1.7742445393391881,1.7745700898004968,-1.628357547492381,1.6268571115635841,-8.27318881941704,-0.05069447614893189
2.3000000000000007,0.0,1.0,0.0,1.7745700898004968,0.0,1.6947482687105042,-4.498093456481419,0.0
2.3000000000000007,1.0,1.0,1.7742445393391881,1.7745700898004968,1.628357547492381,1.6268571115635841,-8.27318881941704,0.05069447614893189
2.3000000000000007,-1.0,0.0,-1.7742445393391881,0.0,-1.69695031312427,-0.00102589536775477,-4.35645845322461,-0.057821531643933444
2.3000000000000007,0.0,0.0,0.0,0.0,0.0,-1.5206439996084953e-09,0.0,0.0
2.3000000000000007,1.0,0.0,1.7742445393391881,0.0,1.69695031312427,-0.00102589536775477,-4.35645845322461,0.057821531643933444
2.3000000000000007,-1.0,-1.0,-1.7742445393391881,-1.7745700898004968,-1.631256595320301,-1.6335662845122978,-8.002434462774872,-0.056644003789086586
2.3000000000000007,0.0,-1.0,0.0,-1.7745700898004968,0.0,-1.6999844010993248,-4.203028616894876,-0.0
2.3000000000000007,1.0,-1.0,1.7742445393391881,-1.7745700898004968,1.631256595320301,-1.6335662845122978,-8.002434462774872,0.056644003789086586
2.400000000000002,-1.0,1.0,-1.774257843700025,1.7746173624867512,-1.62830927116959,1.6267620144082986,-8.278795215096919,-0.05289032763486501
2.400000000000002,0.0,1.0,0.0,1.7746173624867512,0.0,1.6946874548699409,-4.504064329946903,0.0
2.400000000000002,1.0,1.0,1.774257843700025,1.7746173624867512,1.62830927116959,1.6267620144082986,-8.278795215096919,0.05289032763486501
2.400000000000002,-1.0,0.0,-1.774257843700025,0.0,-1.696966248515142,-0.0010704363242030057,-4.3562774970575635,-0.06033149736403167
2.400000000000002,0.0,0.0,0.0,0.0,0.0,-1.8654549016616784e-09,0.0,0.0
2.400000000000002,1.0,0.0,1.774257843700025,0.0,1.696966248515142,-0.0010704363242030057,-4.3562774970575635,0.06033149736403167
2.400000000000002,-1.0,-1.0,-1.774257843700025,-1.7746173624867512,-1.631334144833932,-1.6337625367074002,-7.9962888424822705,-0.05910665000884796
2.400000000000002,0.0,-1.0,0.0,-1.7746173624867512,0.0,-1.7001509918833553,-4.19619305984063,-0.0
2.400000000000002,1.0,-1.0,1.774257843700025,-1.7746173624867512,1.631334144833932,-1.6337625367074002,-7.9962888424822705,0.05910665000884796
2.5,-1.0,1.0,-1.7742718767473775,1.7746670133214781,-1.628261630470835,1.6266690892845586,-8.284402664647192,-0.05508528368786324
2.5,0.0,1.0,0.0,1.7746670133214781,0.0,1.6946289049096768,-4.51003528047786,0.0
2.5,1.0,1.0,1.7742718767473775,1.7746670133214781,1.628261630470835,1.6266690892845586,-8.284402664647192,0.05508528368786324
2.5,-1.0,0.0,-1.7742718767473775,0.0,-1.696982860743942,-0.0011149692340918782,-4.35609767681845,-0.06284094612015477
2.5,0.0,0.0,0.0,0.0,0.0,-2.2681795885937106e-09,0.0,0.0
2.5,1.0,0.0,1.7742718767473775,0.0,1.696982860743942,-0.0011149692340918782,-4.35609767681845,0.06284094612015477
2.5,-1.0,-1.0,-1.7742718767473775,-1.7746670133214781,-1.631412301917621,-1.6339609157753923,-7.990146854525277,-0.06156908709619526
2.5,0.0,-1.0,0.0,-1.7746670133214781,0.0,-1.7003198142214093,-4.189360513379923,-0.0
2.5,1.0,-1.0,1.7742718767473775,-1.7746670133214781,1.631412301917621,-1.6339609157753923,-7.990146854525277,0.06156908709619526
2.6000000000000014,-1.0,1.0,-1.774286638348261,1.7747190418721592,-1.628214625826423,1.6265783367846174,-8.290011112884397,-0.05727931845389243
2.6000000000000014,0.0,1.0,0.0,1.7747190418721592,0.0,1.694572619145374,-4.516006243007252,0.0
2.6000000000000014,1.0,1.0,1.774286638348261,1.7747190418721592,1.628214625826423,1.6265783367846174,-8.290011112884397,0.05727931845389243
2.6000000000000014,-1.0,0.0,-1.774286638348261,0.0,-1.697000149652677,-0.0011594937657155024,-4.3559189944378085,-0.06534985614246137
2.6000000000000014,0.0,0.0,0.0,0.0,0.0,-2.7351985121271127e-09,0.0,0.0
2.6000000000000014,1.0,0.0,1.774286638348261,0.0,1.697000149652677,-0.0011594937657155024,-4.3559189944378085,0.06534985614246137
2.6000000000000014,-1.0,-1.0,-1.774286638348261,-1.7747190418721592,-1.631491065831847,-1.6341614204276906,-7.984008553903445,-0.06403129245314468
2.6000000000000014,0.0,-1.0,0.0,-1.7747190418721592,0.0,-1.7004908670830527,-4.1825310394372535,-0.0
2.6000000000000014,1.0,-1.0,1.774286638348261,-1.7747190418721592,1.631491065831847,-1.6341614204276906,-7.984008553903445,0.06403129245314468
2.700000000000003,-1.0,1.0,-1.7743021283628626,1.7747734476844257,-1.628168257660408,1.6264897574865984,-8.295620504456092,-0.059472405922737934
2.700000000000003,0.0,1.0,0.0,1.7747734476844257,0.0,1.6945185978781505,-4.521977152125242,0.0
2.700000000000003,1.0,1.0,1.7743021283628626,1.7747734476844257,1.628168257660408,1.6264897574865984,-8.295620504456092,0.059472405922737934
2.700000000000003,-1.0,0.0,-1.7743021283628626,0.0,-1.697018115076887,-0.0012040095876358903,-4.355741451839719,-0.06785820567925611
2.700000000000003,0.0,0.0,0.0,0.0,0.0,-3.2732330179641167e-09,0.0,0.0
2.700000000000003,1.0,0.0,1.7743021283628626,0.0,1.697018115076887,-0.0012040095876358903,-4.355741451839719,0.06785820567925611
2.700000000000003,-1.0,-1.0,-1.7743021283628626,-1.7747734476844257,-1.63157043583072,-1.6343640493613576,-7.977873995432022,-0.06649324366581395
2.700000000000003,0.0,-1.0,0.0,-1.7747734476844257,0.0,-1.7006641494231567,-4.175704699546894,-0.0
2.700000000000003,1.0,-1.0,1.7743021283628626,-1.7747734476844257,1.63157043583072,-1.6343640493613576,-7.977873995432022,0.06649324366581395
2.8000000000000007,-1.0,1.0,-1.77431834664454,1.7748303080696637,-1.628122526390585,1.6264033558438178,-8.301232685667841,-0.06166641850358686
2.8000000000000007,0.0,1.0,0.0,1.7748303080696637,0.0,1.6944668452839666,-4.5279519073066625,0.0
2.8000000000000007,1.0,1.0,1.77431834664454,1.7748303080696637,1.628122526390585,1.6264033558438178,-8.301232685667841,0.06166641850358686
2.8000000000000007,-1.0,0.0,-1.77431834664454,0.0,-1.697036756845663,-0.0012485124792987468,-4.355565050940618,-0.07036575379270814
2.8000000000000007,0.0,0.0,0.0,0.0,0.0,5.051514762044462e-15,0.0,0.0
2.8000000000000007,1.0,0.0,1.77431834664454,0.0,1.697036756845663,-0.0012485124792987468,-4.355565050940618,0.07036575379270814
2.8000000000000007,-1.0,-1.0,-1.77431834664454,-1.7748303080696637,-1.631650411161964,-1.6345687973696381,-7.9717453591330205,-0.06895279070510729
2.8000000000000007,0.0,-1.0,0.0,-1.7748303080696637,0.0,-1.7008396562924264,-4.168885974102551,-0.0
2.8000000000000007,1.0,-1.0,1.77431834664454,-1.7748303080696637,1.631650411161964,-1.6345687973696381,-7.9717453591330205,0.06895279070510729
2.900000000000002,-1.0,1.0,-1.774335293039804,1.7748894809888316,-1.628077432428505,1.6263191253289355,-8.306844140197699,-0.06385787499322071
2.900000000000002,0.0,1.0,0.0,1.7748894809888316,0.0,1.6944173545577204,-4.533923226942467,0.0
2.900000000000002,1.0,1.0,1.774335293039804,1.7748894809888316,1.628077432428505,1.6263191253289355,-8.306844140197699,0.06385787499322071
2.900000000000002,-1.0,0.0,-1.774335293039804,0.0,-1.697056074781642,-0.0012930091869683968,-4.355389793648671,-0.07287287763707863
2.900000000000002,0.0,0.0,0.0,0.0,0.0,3.9968028886505635e-15,0.0,0.0
2.900000000000002,1.0,0.0,1.774335293039804,0.0,1.697056074781642,-0.0012930091869683968,-4.355389793648671,0.07287287763707863
2.900000000000002,-1.0,-1.0,-1.774335293039804,-1.7748894809888316,-1.631730991066938,-1.6347756701978466,-7.965618832203895,-0.07141378309037284
2.900000000000002,0.0,-1.0,0.0,-1.7748894809888316,0.0,-1.7010173936932458,-4.162066882859093,-0.0
2.900000000000002,1.0,-1.0,1.774335293039804,-1.7748894809888316,1.631730991066938,-1.6347756701978466,-7.965618832203895,0.07141378309037284
3.0,-1.0,1.0,-1.7743529673883385,1.7749510315424966,-1.628032976179468,1.6262370697585755,-8.312456416615069,-0.06604835070760437
3.0,0.0,1.0,0.0,1.7749510315424966,0.0,1.694370129237866,-4.539894389909052,0.0
3.0,1.0,1.0,1.7743529673883385,1.7749510315424966,1.628032976179468,1.6262370697585755,-8.312456416615069,0.06604835070760437
3.0,-1.0,0.0,-1.7743529673883385,0.0,-1.697076068700998,-0.0013374960990404916,-4.35521568186537,-0.07537937060004163
3.0,0.0,0.0,0.0,0.0,0.0,-9.658940314238862e-15,0.0,0.0
3.0,1.0,0.0,1.7743529673883385,0.0,1.697076068700998,-0.0013374960990404916,-4.35521568186537,0.07537937060004163
3.0,-1.0,-1.0,-1.7743529673883385,-1.7749510315424966,-1.63181217478063,-1.6349846632187732,-7.959496261808008,-0.07387440407382427
3.0,0.0,-1.0,0.0,-1.7749510315424966,0.0,-1.7011973572550942,-4.155251214074774,-0.0
3.0,1.0,-1.0,1.7743529673883385,-1.7749510315424966,1.63181217478063,-1.6349846632187732,-7.959496261808008,0.07387440407382427
3.1000000000000014,-1.0,1.0,-1.774371369522982,1.7750149593522802,-1.627989158042515,1.626157189662353,-8.31806946288766,-0.06823782299208334
3.1000000000000014,0.0,1.0,0.0,1.7750149593522802,0.0,1.694325169575491,-4.54586533773403,0.0
3.1000000000000014,1.0,1.0,1.774371369522982,1.7750149593522802,1.627989158042515,1.626157189662353,-8.31806946288766,0.06823782299208334
3.1000000000000014,-1.0,0.0,-1.774371369522982,0.0,-1.697096738413467,-0.001381972877136095,-4.355042717483053,-0.07788521055249115
3.1000000000000014,0.0,0.0,0.0,0.0,0.0,-1.4988010832439613e-15,0.0,0.0
3.1000000000000014,1.0,0.0,1.774371369522982,0.0,1.697096738413467,-0.001381972877136095,-4.355042717483053,0.07788521055249115
3.1000000000000014,-1.0,-1.0,-1.774371369522982,-1.7750149593522802,-1.631893961531639,-1.635195775063584,-7.953377706494827,-0.07633462749911266
3.1000000000000014,0.0,-1.0,0.0,-1.7750149593522802,0.0,-1.701379545865448,-4.1484390370266215,-0.0
3.1000000000000014,1.0,-1.0,1.774371369522982,-1.7750149593522802,1.631893961531639,-1.635195775063584,-7.953377706494827,0.07633462749911266
3.200000000000003,-1.0,1.0,-1.77439049926974,1.7750812640243963,-1.627945978410446,1.626079485556028,-8.323683226974435,-0.07042626919598616
3.200000000000003,0.0,1.0,0.0,1.7750812640243963,0.0,1.69428247580742,-4.551836011935159,0.0
3.200000000000003,1.0,1.0,1.77439049926974,1.7750812640243963,1.627945978410446,1.626079485556028,-8.323683226974435,0.07042626919598616
3.200000000000003,-1.0,0.0,-1.77439049926974,0.0,-1.697118083722297,-0.0014264391827746303,-4.354870902388443,-0.08039037536335375
3.200000000000003,0.0,0.0,0.0,0.0,0.0,-2.9976021664879227e-15,0.0,0.0
3.200000000000003,1.0,0.0,1.77439049926974,0.0,1.697118083722297,-0.0014264391827746303,-4.354870902388443,0.08039037536335375
3.200000000000003,-1.0,-1.0,-1.77439049926974,-1.7750812640243963,-1.631976350542189,-1.635409004348627,-7.947263224807142,-0.07879442721648129
3.200000000000003,0.0,-1.0,0.0,-1.7750812640243963,0.0,-1.701563958396591,-4.141630420971811,-0.0
3.200000000000003,1.0,-1.0,1.77439049926974,-1.7750812640243963,1.631976350542189,-1.635409004348627,-7.947263224807142,0.07879442721648129
3.3000000000000007,-1.0,1.0,-1.7744103564477742,1.7751499451506048,-1.627903437669823,1.6260039579416565,-8.329297656846157,-0.07261366669390279
3.3000000000000007,0.0,1.0,0.0,1.7751499451506048,0.0,1.6942420481563674,-4.557806354063972,0.0
3.3000000000000007,1.0,1.0,1.7744103564477742,1.7751499451506048,1.627903437669823,1.6260039579416565,-8.329297656846157,0.07261366669390279
3.3000000000000007,-1.0,0.0,-1.7744103564477742,0.0,-1.697140104424305,-0.001470894677433554,-4.3547002384588165,-0.0828948429030907
3.3000000000000007,0.0,0.0,0.0,0.0,0.0,-5.773159728050814e-15,0.0,0.0
3.3000000000000007,1.0,0.0,1.7744103564477742,0.0,1.697140104424305,-0.001470894677433554,-4.3547002384588165,0.0828948429030907
3.3000000000000007,-1.0,-1.0,-1.7744103564477742,-1.7751499451506048,-1.632059341028132,-1.6356243496753935,-7.941152875305933,-0.08125377705718584
3.3000000000000007,0.0,-1.0,0.0,-1.7751499451506048,0.0,-1.7017505937055806,-4.134825435199894,-0.0
3.3000000000000007,1.0,-1.0,1.7744103564477742,-1.7751499451506048,1.632059341028132,-1.6356243496753935,-7.941152875305933,0.08125377705718584
3.400000000000002,-1.0,1.0,-1.7744309408694123,1.775221002307793,-1.627861536200955,1.6259306073074258,-8.334912700480345,-0.074799992879419
3.400000000000002,0.0,1.0,0.0,1.775221002307793,0.0,1.6942038868308138,-4.56377630569133,0.0
3.400000000000002,1.0,1.0,1.7744309408694123,1.775221002307793,1.627861536200955,1.6259306073074258,-8.334912700480345,0.074799992879419
3.400000000000002,-1.0,0.0,-1.7744309408694123,0.0,-1.697162800309836,-0.0015153390225519647,-4.354530727564832,-0.0853985910440391
3.400000000000002,0.0,0.0,0.0,0.0,0.0,-3.164135620181696e-15,0.0,0.0
3.400000000000002,1.0,0.0,1.7744309408694123,0.0,1.697162800309836,-0.0015153390225519647,-4.354530727564832,0.0853985910440391
3.400000000000002,-1.0,-1.0,-1.7744309408694123,-1.775221002307793,-1.632142932198912,-1.6358418096304501,-7.935046716562217,-0.08371265084437342
3.400000000000002,0.0,-1.0,0.0,-1.775221002307793,0.0,-1.7019394506341732,-4.128024149013198,-0.0
3.400000000000002,1.0,-1.0,1.7744309408694123,-1.775221002307793,1.632142932198912,-1.6358418096304501,-7.935046716562217,0.08371265084437342
3.5,-1.0,1.0,-1.7744522523401418,1.7752944350586064,-1.627820274377916,1.6258594341278558,-8.340528305871784,-0.07698522517691628
3.5,0.0,1.0,0.0,1.7752944350586064,0.0,1.6941679920251624,-4.569745808433506,0.0
3.5,1.0,1.0,1.7744522523401418,1.7752944350586064,1.627820274377916,1.6258594341278558,-8.340528305871784,0.07698522517691628
3.5,-1.0,0.0,-1.7744522523401418,0.0,-1.697186171162782,-0.0015597718794108095,-4.354362371569115,-0.08790159765379922
3.5,0.0,0.0,0.0,0.0,0.0,-6.494804694057166e-15,0.0,0.0
3.5,1.0,0.0,1.7744522523401418,0.0,1.697186171162782,-0.0015597718794108095,-4.354362371569115,0.08790159765379922
3.5,-1.0,-1.0,-1.7744522523401418,-1.7752944350586064,-1.632227123257598,-1.6360613827854453,-7.92894480717152,-0.08617102237644023
3.5,0.0,-1.0,0.0,-1.7752944350586064,0.0,-1.7021305280088204,-4.12122663175986,-0.0
3.5,1.0,-1.0,1.7744522523401418,-1.7752944350586064,1.632227123257598,-1.6360613827854453,-7.92894480717152,0.08617102237644023
3.6000000000000014,-1.0,1.0,-1.7744742906586013,1.7753702429497331,-1.627779652568533,1.6257904388636313,-8.346144420993497,-0.07916934100254386
3.6000000000000014,0.0,1.0,0.0,1.7753702429497331,0.0,1.6941343639195952,-4.575714803869111,0.0
3.6000000000000014,1.0,1.0,1.7744742906586013,1.7753702429497331,1.627779652568533,1.6257904388636313,-8.346144420993497,0.07916934100254386
3.6000000000000014,-1.0,0.0,-1.7744742906586013,0.0,-1.697210216760567,-0.0016041929093275065,-4.354195172326649,-0.09040384060634125
3.6000000000000014,0.0,0.0,0.0,0.0,0.0,-9.603429163007604e-15,0.0,0.0
3.6000000000000014,1.0,0.0,1.7744742906586013,0.0,1.697210216760567,-0.0016041929093275065,-4.354195172326649,0.09040384060634125
3.6000000000000014,-1.0,-1.0,-1.7744742906586013,-1.7753702429497331,-1.632311913400877,-1.6362830676970828,-7.922847205709626,-0.08862886547142183
3.6000000000000014,0.0,-1.0,0.0,-1.7753702429497331,0.0,-1.702323824640663,-4.114432952740349,-0.0
3.6000000000000014,1.0,-1.0,1.7744742906586013,-1.7753702429497331,1.632311913400877,-1.6362830676970828,-7.922847205709626,0.08862886547142183
3.700000000000003,-1.0,1.0,-1.7744970556166029,1.7754484255140546,-1.627739671134407,1.625723621961731,-8.351760993849185,-0.08135231781658972
3.700000000000003,0.0,1.0,0.0,1.7754484255140546,0.0,1.6941030026801671,-4.5816832336504,0.0
3.700000000000003,1.0,1.0,1.7744970556166029,1.7754484255140546,1.627739671134407,1.625723621961731,-8.351760993849185,0.08135231781658972
3.700000000000003,-1.0,0.0,-1.7744970556166029,0.0,-1.697234936874163,-0.0016486017734563263,-4.35402913168502,-0.09290529777089258
3.700000000000003,0.0,0.0,0.0,0.0,0.0,-1.7930101847696278e-14,0.0,0.0
3.700000000000003,1.0,0.0,1.7744970556166029,0.0,1.697234936874163,-0.0016486017734563263,-4.35402913168502,0.09290529777089258
3.700000000000003,-1.0,-1.0,-1.7744970556166029,-1.7754484255140546,-1.632397301819025,-1.6365068629070738,-7.91675397079051,-0.09108615391188063
3.700000000000003,0.0,-1.0,0.0,-1.7754484255140546,0.0,-1.7025193393254359,-4.107643181327735,-0.0
3.700000000000003,1.0,-1.0,1.7744970556166029,-1.7754484255140546,1.632397301819025,-1.6365068629070738,-7.91675397079051,0.09108615391188063
3.8000000000000007,-1.0,1.0,-1.7745205469990943,1.7755289822694675,-1.627700330430896,1.6256589838553681,-8.357377972444452,-0.08353413309586849
3.8000000000000007,0.0,1.0,0.0,1.7755289822694675,0.0,1.6940739084588083,-4.587651039440874,0.0
3.8000000000000007,1.0,1.0,1.7745205469990943,1.7755289822694675,1.627700330430896,1.6256589838553681,-8.357377972444452,0.08353413309586849
3.8000000000000007,-1.0,0.0,-1.7745205469990943,0.0,-1.69726033126807,-0.0016929981329223964,-4.35386425148357,-0.09540594701962955
3.8000000000000007,0.0,0.0,0.0,0.0,0.0,-9.325873406851315e-15,0.0,0.0
3.8000000000000007,1.0,0.0,1.7745205469990943,0.0,1.69726033126807,-0.0016929981329223964,-4.35386425148357,0.09540594701962955
3.8000000000000007,-1.0,-1.0,-1.7745205469990943,-1.7755289822694675,-1.632483287695936,-1.6367327669421057,-7.910665161034351,-0.09354286147341737
3.8000000000000007,0.0,-1.0,0.0,-1.7755289822694675,0.0,-1.7027170708435326,-4.100857386899271,-0.0
3.8000000000000007,1.0,-1.0,1.7745205469990943,-1.7755289822694675,1.632483287695936,-1.6367327669421057,-7.910665161034351,0.09354286147341737
3.900000000000002,-1.0,1.0,-1.7745447645842016,1.7756119127181402,-1.627661630807125,1.6255965249640072,-8.362995304768424,-0.08571476431379588
3.900000000000002,0.0,1.0,0.0,1.7756119127181402,0.0,1.6940470813932764,-4.593618162879006,0.0
3.900000000000002,1.0,1.0,1.7745447645842016,1.7756119127181402,1.627661630807125,1.6255965249640072,-8.362995304768424,0.08571476431379588
3.900000000000002,-1.0,0.0,-1.7745447645842016,0.0,-1.697286399700336,-0.0017373816487828986,-4.353700533554488,-0.09790576622562629
3.900000000000002,0.0,0.0,0.0,0.0,0.0,-5.329070518200751e-15,0.0,0.0
3.900000000000002,1.0,0.0,1.7745447645842016,0.0,1.697286399700336,-0.0017373816487828986,-4.353700533554488,0.09790576622562629
3.900000000000002,-1.0,-1.0,-1.7745447645842016,-1.7756119127181402,-1.6325698702091,-1.6369607783138747,-7.904580835048517,-0.09599896194729693
3.900000000000002,0.0,-1.0,0.0,-1.7756119127181402,0.0,-1.7029170179599116,-4.094075638800257,-0.0
3.900000000000002,1.0,-1.0,1.7745447645842016,-1.7756119127181402,1.6325698702091,-1.6369607783138747,-7.904580835048517,0.09599896194729693
4.0,-1.0,1.0,-1.774569708143191,1.7756972163488327,-1.627623572605985,1.6255362456934104,-8.36861293885198,-0.08789418900041507
4.0,0.0,1.0,0.0,1.7756972163488327,0.0,1.6940225216072284,-4.599584545699902,0.0
4.0,1.0,1.0,1.774569708143191,1.7756972163488327,1.627623572605985,1.6255362456934104,-8.36861293885198,0.08789418900041507
4.0,-1.0,0.0,-1.774569708143191,0.0,-1.697313141922537,-0.0017817519819834926,-4.353537979721914,-0.1004047332605388
4.0,0.0,0.0,0.0,0.0,0.0,-1.0325074129013956e-14,0.0,0.0
4.0,1.0,0.0,1.774569708143191,0.0,1.697313141922537,-0.0017817519819834926,-4.353537979721914,0.1004047332605388
4.0,-1.0,-1.0,-1.774569708143191,-1.7756972163488327,-1.632657048529612,-1.6371908955189687,-7.89850105148922,-0.0984544290762997
4.0,0.0,-1.0,0.0,-1.7756972163488327,0.0,-1.7031191794240756,-4.087298006469322,-0.0
4.0,1.0,-1.0,1.774569708143191,-1.7756972163488327,1.632657048529612,-1.6371908955189687,-7.89850105148922,0.0984544290762997
4.100000000000001,-1.0,1.0,-1.7745953774404906,1.7757848926333564,-1.627586156164138,1.625478146435559,-8.374230822679333,-0.09007238465351579
4.100000000000001,0.0,1.0,0.0,1.7757848926333564,0.0,1.6940002292101468,-4.605550129550264,0.0
4.100000000000001,1.0,1.0,1.7745953774404906,1.7757848926333564,1.627586156164138,1.625478146435559,-8.374230822679333,0.09007238465351579
4.100000000000001,-1.0,0.0,-1.7745953774404906,0.0,-1.697340557679782,-0.0018261087934116071,-4.353376591802784,-0.1029028259977446
4.100000000000001,0.0,0.0,0.0,0.0,0.0,-2.0539125955565396e-14,0.0,0.0
4.100000000000001,1.0,0.0,1.7745953774404906,0.0,1.697340557679782,-0.0018261087934116071,-4.353376591802784,0.1029028259977446
4.100000000000001,-1.0,-1.0,-1.7745953774404906,-1.7757848926333564,-1.632744821822159,-1.6374231170389018,-7.8924258689691555,-0.10090923664916425
4.100000000000001,0.0,-1.0,0.0,-1.7757848926333564,0.0,-1.703323553970097,-4.0805245592445925,-0.0
4.100000000000001,1.0,-1.0,1.7745953774404906,-1.7757848926333564,1.632744821822159,-1.6374231170389018,-7.8924258689691555,0.10090923664916425
4.200000000000003,-1.0,1.0,-1.7746217722336797,1.7758749410312435,-1.627549381812021,1.625422227568747,-8.379848904306256,-0.09224932885726199
4.200000000000003,0.0,1.0,0.0,1.7758749410312435,0.0,1.6939802042974448,-4.611514856234348,0.0
4.200000000000003,1.0,1.0,1.7746217722336797,1.7758749410312435,1.627549381812021,1.625422227568747,-8.379848904306256,0.09224932885726199
4.200000000000003,-1.0,0.0,-1.7746217722336797,0.0,-1.697368646710726,-0.0018704517438659085,-4.353216371605579,-0.10540002231076032
4.200000000000003,0.0,0.0,0.0,0.0,0.0,-2.5646151868841116e-14,0.0,0.0
4.200000000000003,1.0,0.0,1.7746217722336797,0.0,1.697368646710726,-0.0018704517438659085,-4.353216371605579,0.10540002231076032
4.200000000000003,-1.0,-1.0,-1.7746217722336797,-1.7758749410312435,-1.632833189245036,-1.637657441340043,-7.886355346179304,-0.10336335837730555
4.200000000000003,0.0,-1.0,0.0,-1.7758749410312435,0.0,-1.703530140316468,-4.073755366623126,-0.0
4.200000000000003,1.0,-1.0,1.7746217722336797,-1.7758749410312435,1.632833189245036,-1.637657441340043,-7.886355346179304,0.10336335837730555
4.300000000000001,-1.0,1.0,-1.7746488922734927,1.775967360985511,-1.627513249873841,1.6253684894575584,-8.385467131751902,-0.09442499917400973
4.300000000000001,0.0,1.0,0.0,1.775967360985511,0.0,1.6939624469503856,-4.617478667491929,0.0
4.300000000000001,1.0,1.0,1.7746488922734927,1.775967360985511,1.627513249873841,1.6253684894575584,-8.385467131751902,0.09442499917400973
4.300000000000001,-1.0,0.0,-1.7746488922734927,0.0,-1.697397408747555,-0.0019147804940583546,-4.3530573209313115,-0.10789630007349456
4.300000000000001,0.0,0.0,0.0,0.0,0.0,-2.8754776337791554e-14,0.0,0.0
4.300000000000001,1.0,0.0,1.7746488922734927,0.0,1.697397408747555,-0.0019147804940583546,-4.3530573209313115,0.10789630007349456
4.300000000000001,-1.0,-1.0,-1.7746488922734927,-1.775967360985511,-1.632922149950107,-1.6378938668736285,-7.880289541779428,-0.10581676800694784
4.300000000000001,0.0,-1.0,0.0,-1.775967360985511,0.0,-1.7037389371661944,-4.066990498025587,-0.0
4.300000000000001,1.0,-1.0,1.7746488922734927,-1.775967360985511,1.632922149950107,-1.6378938668736285,-7.880289541779428,0.10581676800694784
4.400000000000002,-1.0,1.0,-1.7746767373038121,1.776062151924025,-1.627477760667577,1.6253169324528534,-8.391085453034783,-0.09659937318064654
4.400000000000002,0.0,1.0,0.0,1.776062151924025,0.0,1.693946957236101,-4.623441505071643,0.0
4.400000000000002,1.0,1.0,1.7746767373038121,1.776062151924025,1.627477760667577,1.6253169324528534,-8.391085453034783,0.09659937318064654
4.400000000000002,-1.0,0.0,-1.7746767373038121,0.0,-1.697426843515971,-0.001959094704604314,-4.352899441573993,-0.1103916371598289
4.400000000000002,0.0,0.0,0.0,0.0,0.0,-1.8318679906315083e-14,0.0,0.0
4.400000000000002,1.0,0.0,1.7746767373038121,0.0,1.697426843515971,-0.001959094704604314,-4.352899441573993,0.1103916371598289
4.400000000000002,-1.0,-1.0,-1.7746767373038121,-1.776062151924025,-1.633011703082859,-1.6381323920756965,-7.874228514433018,-0.1082694392808083
4.400000000000002,0.0,-1.0,0.0,-1.776062151924025,0.0,-1.7039499432066858,-4.060230022875005,-0.0
4.400000000000002,1.0,-1.0,1.7746767373038121,-1.776062151924025,1.633011703082859,-1.6381323920756965,-7.874228514433018,0.1082694392808083
4.5,-1.0,1.0,-1.7747053070616714,1.7761593132602815,-1.627442914504987,1.6252675568917283,-8.396703816194407,-0.09877242849051107
4.5,0.0,1.0,0.0,1.7761593132602815,0.0,1.6939337352076196,-4.629403310772296,0.0
4.5,1.0,1.0,1.7747053070616714,1.7761593132602815,1.627442914504987,1.6252675568917283,-8.396703816194407,0.09877242849051107
4.5,-1.0,0.0,-1.7747053070616714,0.0,-1.697456950735229,-0.0020033940360720814,-4.352742735318699,-0.11288601144654507
4.5,0.0,0.0,0.0,0.0,0.0,-3.430589146091734e-14,0.0,0.0
4.5,1.0,0.0,1.7747053070616714,0.0,1.697456950735229,-0.0020033940360720814,-4.352742735318699,0.11288601144654507
4.5,-1.0,-1.0,-1.7747053070616714,-1.7761593132602815,-1.633101847782342,-1.6383730153671205,-7.868172322827832,-0.11072134592118466
4.5,0.0,-1.0,0.0,-1.7761593132602815,0.0,-1.7041631571097984,-4.053474010635257,-0.0
4.5,1.0,-1.0,1.7747053070616714,-1.7761593132602815,1.633101847782342,-1.6383730153671205,-7.868172322827832,0.11072134592118466
4.600000000000001,-1.0,1.0,-1.774734601277258,1.776258844393379,-1.627408711691609,1.6252203630976938,-8.40232216928613,-0.10094414274818778
4.600000000000001,0.0,1.0,0.0,1.776258844393379,0.0,1.6939227809038968,-4.635364026440718,0.0
4.600000000000001,1.0,1.0,1.774734601277258,1.776258844393379,1.627408711691609,1.6252203630976938,-8.40232216928613,0.10094414274818778
4.600000000000001,-1.0,0.0,-1.774734601277258,0.0,-1.697487730118108,-0.0020476781488582008,-4.352587203943412,-0.11537940080643655
4.600000000000001,0.0,0.0,0.0,0.0,0.0,-3.008704396734174e-14,0.0,0.0
4.600000000000001,1.0,0.0,1.774734601277258,0.0,1.697487730118108,-0.0020476781488582008,-4.352587203943412,0.11537940080643655
4.600000000000001,-1.0,-1.0,-1.774734601277258,-1.776258844393379,-1.633192583181197,-1.6386157351534223,-7.862121025679217,-0.11317246162531752
4.600000000000001,0.0,-1.0,0.0,-1.776258844393379,0.0,-1.7043785775316924,-4.046722530816445,-0.0
4.600000000000001,1.0,-1.0,1.774734601277258,-1.776258844393379,1.633192583181197,-1.6386157351534223,-7.862121025679217,0.11317246162531752
4.700000000000003,-1.0,1.0,-1.774764619673901,1.7763607447061736,-1.627375152526753,1.6251753513804004,-8.4079404603416,-0.10311449359035137
4.700000000000003,0.0,1.0,0.0,1.7763607447061736,0.0,1.6939140943496813,-4.641323593881245,0.0
4.700000000000003,1.0,1.0,1.774764619673901,1.7763607447061736,1.627375152526753,1.6251753513804004,-8.4079404603416,0.10311449359035137
4.700000000000003,-1.0,0.0,-1.774764619673901,0.0,-1.69751918137091,-0.0020919467033604366,-4.352432849218296,-0.11787178311819262
4.700000000000003,0.0,0.0,0.0,0.0,0.0,-4.3298697960381105e-14,0.0,0.0
4.700000000000003,1.0,0.0,1.774764619673901,0.0,1.69751918137091,-0.0020919467033604366,-4.352432849218296,0.11787178311819262
4.700000000000003,-1.0,-1.0,-1.774764619673901,-1.7763607447061736,-1.633283908405662,-1.6388605498249889,-7.856074681675121,-0.11562276011957544
4.700000000000003,0.0,-1.0,0.0,-1.7763607447061736,0.0,-1.7045962031129656,-4.039975652866531,-0.0
4.700000000000003,1.0,-1.0,1.774764619673901,-1.7763607447061736,1.633283908405662,-1.6388605498249889,-7.856074681675121,0.11562276011957544
4.800000000000001,-1.0,1.0,-1.774795361968082,1.7764650135673943,-1.627342237303522,1.6251325220359436,-8.413558637415033,-0.10528345869255445
4.800000000000001,0.0,1.0,0.0,1.7764650135673943,0.0,1.693907675555725,-4.64728195495854,0.0
4.800000000000001,1.0,1.0,1.774795361968082,1.7764650135673943,1.627342237303522,1.6251325220359436,-8.413558637415033,0.10528345869255445
4.800000000000001,-1.0,0.0,-1.774795361968082,0.0,-1.697551304193466,-0.002136199359818791,-4.352279672906044,-0.12036313625757654
4.800000000000001,0.0,0.0,0.0,0.0,0.0,-4.851674617611934e-14,0.0,0.0
4.800000000000001,1.0,0.0,1.774795361968082,0.0,1.697551304193466,-0.002136199359818791,-4.352279672906044,0.12036313625757654
4.800000000000001,-1.0,-1.0,-1.774795361968082,-1.7764650135673943,-1.633375822575531,-1.6391074577567741,-7.850033349540256,-0.11807221509816171
4.800000000000001,0.0,-1.0,0.0,-1.7764650135673943,0.0,-1.7048160324784143,-4.033233446297862,-0.0
4.800000000000001,1.0,-1.0,1.774795361968082,-1.7764650135673943,1.633375822575531,-1.6391074577567741,-7.850033349540256,0.11807221509816171
4.900000000000002,-1.0,1.0,-1.7748268278694277,1.7765716503309936,-1.627309966308788,1.6250918753466275,-8.41917664857405,-0.10745101575920242
4.900000000000002,0.0,1.0,0.0,1.7765716503309936,0.0,1.6939035245186154,-4.653239051573086,0.0
4.900000000000002,1.0,1.0,1.7748268278694277,1.7765716503309936,1.627309966308788,1.6250918753466275,-8.41917664857405,0.10745101575920242
4.900000000000002,-1.0,0.0,-1.7748268278694277,0.0,-1.697584098279146,-0.002180435778397105,-4.352127676760837,-0.12285343810216043
4.900000000000002,0.0,0.0,0.0,0.0,0.0,-6.350475700855895e-14,0.0,0.0
4.900000000000002,1.0,0.0,1.7748268278694277,0.0,1.697584098279146,-0.002180435778397105,-4.352127676760837,0.12285343810216043
4.900000000000002,-1.0,-1.0,-1.7748268278694277,-1.7765716503309936,-1.633468324804206,-1.6393564573084807,-7.843997088011935,-0.12052080024413192
4.900000000000002,0.0,-1.0,0.0,-1.7765716503309936,0.0,-1.7050380642371685,-4.0264959806432605,-0.0
4.900000000000002,1.0,-1.0,1.7748268278694277,-1.7765716503309936,1.633468324804206,-1.6393564573084807,-7.843997088011935,0.12052080024413192
5.0,-1.0,1.0,-1.7748590170807088,1.7766806543350722,-1.627278339823218,1.625053411581098,-8.424794441867888,-0.10961714249343782
5.0,0.0,1.0,0.0,1.7766806543350722,0.0,1.6939016412208052,-4.659194825602873,0.0
5.0,1.0,1.0,1.7748590170807088,1.7766806543350722,1.627278339823218,1.625053411581098,-8.424794441867888,0.10961714249343782
5.0,-1.0,0.0,-1.7748590170807088,0.0,-1.697617563314831,-0.0022246556191553024,-4.35197686252989,-0.1253426665298982
5.0,0.0,0.0,0.0,0.0,0.0,-6.938893903907228e-14,0.0,0.0
5.0,1.0,0.0,1.7748590170807088,0.0,1.697617563314831,-0.0022246556191553024,-4.35197686252989,0.1253426665298982
5.0,-1.0,-1.0,-1.7748590170807088,-1.7766806543350722,-1.633561414198649,-1.6396075468244056,-7.837965955817315,-0.12296848925490876
5.0,0.0,-1.0,0.0,-1.7766806543350722,0.0,-1.7052622969826108,-4.019763325401318,-0.0
5.0,1.0,-1.0,1.7748590170807088,-1.7766806543350722,1.633561414198649,-1.6396075468244056,-7.837965955817315,0.12296848925490876
5.100000000000001,-1.0,1.0,-1.7748919292978371,1.7767920249032554,-1.627247358121263,1.6250171309942945,-8.430411965365083,-0.1117818166342804
5.100000000000001,0.0,1.0,0.0,1.7767920249032554,0.0,1.6939020256306965,-4.665149218973571,0.0
5.100000000000001,1.0,1.0,1.7748919292978371,1.7767920249032554,1.627247358121263,1.6250171309942945,-8.430411965365083,0.1117818166342804
5.100000000000001,-1.0,0.0,-1.7748919292978371,0.0,-1.69765169898094,-0.0022688585420851393,-4.35182723195175,-0.1278307994212763
5.100000000000001,0.0,0.0,0.0,0.0,0.0,-7.949196856316121e-14,0.0,0.0
5.100000000000001,1.0,0.0,1.7748919292978371,0.0,1.69765169898094,-0.0022688585420851393,-4.35182723195175,0.1278307994212763
5.100000000000001,-1.0,-1.0,-1.7748919292978371,-1.7767920249032554,-1.633655089859398,-1.6398607246334866,-7.831940011706748,-0.12541525580796697
5.100000000000001,0.0,-1.0,0.0,-1.7767920249032554,0.0,-1.7054887292923244,-4.013035550112476,-0.0
5.100000000000001,1.0,-1.0,1.7748919292978371,-1.7767920249032554,1.633655089859398,-1.6398607246334866,-7.831940011706748,0.12541525580796697
5.200000000000003,-1.0,1.0,-1.7749255642098747,1.7769057613441785,-1.62721702147115,1.6249830338275024,-8.436029167139601,-0.1139450159419802
5.200000000000003,0.0,1.0,0.0,1.7769057613441785,0.0,1.6939046777025846,-4.671102173635029,0.0
5.200000000000003,1.0,1.0,1.7749255642098747,1.7769057613441785,1.62721702147115,1.6249830338275024,-8.436029167139601,0.1139450159419802
5.200000000000003,-1.0,0.0,-1.7749255642098747,0.0,-1.697686504951411,-0.0023130442069966284,-4.351678786757882,-0.13031781465305012
5.200000000000003,0.0,0.0,0.0,0.0,0.0,-9.070522111187529e-14,0.0,0.0
5.200000000000003,1.0,0.0,1.7749255642098747,0.0,1.697686504951411,-0.0023130442069966284,-4.351678786757882,0.13031781465305012
5.200000000000003,-1.0,-1.0,-1.7749255642098747,-1.7769057613441785,-1.633749350880561,-1.640115989049169,-7.825919314444042,-0.127861073571486
5.200000000000003,0.0,-1.0,0.0,-1.7769057613441785,0.0,-1.7057173597280437,-4.0063127243328225,-0.0
5.200000000000003,1.0,-1.0,1.7749255642098747,-1.7769057613441785,1.633749350880561,-1.640115989049169,-7.825919314444042,0.127861073571486
5.300000000000001,-1.0,1.0,-1.774959921499018,1.7770218629512247,-1.627187330134917,1.6249511203082658,-8.4416459952657,-0.11610671819566186
5.300000000000001,0.0,1.0,0.0,1.7770218629512247,0.0,1.693909597376631,-4.677053631549775,0.0
5.300000000000001,1.0,1.0,1.774959921499018,1.7770218629512247,1.627187330134917,1.6249511203082658,-8.4416459952657,0.11610671819566186
5.300000000000001,-1.0,0.0,-1.774959921499018,0.0,-1.697721980893704,-0.002357212273692011,-4.351531528671567,-0.13280369010818338
5.300000000000001,0.0,0.0,0.0,0.0,0.0,-1.0969003483296547e-13,0.0,0.0
5.300000000000001,1.0,0.0,1.774959921499018,0.0,1.697721980893704,-0.002357212273692011,-4.351531528671567,0.13280369010818338
5.300000000000001,-1.0,-1.0,-1.774959921499018,-1.7770218629512247,-1.633844196349825,-1.6403733383694956,-7.819903922795918,-0.1303059162136782
5.300000000000001,0.0,-1.0,0.0,-1.7770218629512247,0.0,-1.7059481868356983,-3.9995949176162284,-0.0
5.300000000000001,1.0,-1.0,1.774959921499018,-1.7770218629512247,1.633844196349825,-1.6403733383694956,-7.819903922795918,0.1303059162136782
5.400000000000002,-1.0,1.0,-1.7749950008406024,1.7771403290024446,-1.627158284368372,1.6249213906504734,-8.447262397815148,-0.11826690118817922
5.400000000000002,0.0,1.0,0.0,1.7771403290024446,0.0,1.6939167845789225,-4.683003534686405,0.0
5.400000000000002,1.0,1.0,1.7749950008406024,1.7771403290024446,1.627158284368372,1.6249213906504734,-8.447262397815148,0.11826690118817922
5.400000000000002,-1.0,0.0,-1.7749950008406024,0.0,-1.697758126468798,-0.0024013624017877877,-4.351385459408422,-0.13528840366595682
5.400000000000002,0.0,0.0,0.0,0.0,0.0,-1.3511414209688155e-13,0.0,0.0
5.400000000000002,1.0,0.0,1.7749950008406024,0.0,1.697758126468798,-0.0024013624017877877,-4.351385459408422,0.13528840366595682
5.400000000000002,-1.0,-1.0,-1.7749950008406024,-1.7771403290024446,-1.63393962534844,-1.6406327708769852,-7.813893895533411,-0.13274975740264874
5.400000000000002,0.0,-1.0,0.0,-1.7771403290024446,0.0,-1.7061812091452806,-3.992882199516297,-0.0
5.400000000000002,1.0,-1.0,1.7749950008406024,-1.7771403290024446,1.63393962534844,-1.6406327708769852,-7.813893895533411,0.13274975740264874
5.5,-1.0,1.0,-1.7750308019031102,1.7772611587618314,-1.627129884421129,1.6248938450543384,-8.452878322890445,-0.12042554276076774
5.5,0.0,1.0,0.0,1.7772611587618314,0.0,1.6939262392214254,-4.688951825091546,0.0
5.5,1.0,1.0,1.7750308019031102,1.7772611587618314,1.627129884421129,1.6248938450543384,-8.452878322890445,0.12042554276076774
5.5,-1.0,0.0,-1.7750308019031102,0.0,-1.697794941331203,-0.002445494250843616,-4.351240580676027,-0.13777193320936543
5.5,0.0,0.0,0.0,0.0,0.0,-1.3367085216486885e-13,0.0,0.0
5.5,1.0,0.0,1.7750308019031102,0.0,1.697794941331203,-0.002445494250843616,-4.351240580676027,0.13777193320936543
5.5,-1.0,-1.0,-1.7750308019031102,-1.7772611587618314,-1.634035636951212,-1.6408942848386139,-7.807889291465312,-0.13519257077381053
5.5,0.0,-1.0,0.0,-1.7772611587618314,0.0,-1.7064164251708964,-3.9861746396511903,-0.0
5.5,1.0,-1.0,1.7750308019031102,-1.7772611587618314,1.634035636951212,-1.6408942848386139,-7.807889291465312,0.13519257077381053
5.600000000000001,-1.0,1.0,-1.7750673243481538,1.7773843514767806,-1.627102130536576,1.6248684837063017,-8.458493718562893,-0.1225826207405809
5.600000000000001,0.0,1.0,0.0,1.7773843514767806,0.0,1.6939379612019667,-4.694898444755665,0.0
5.600000000000001,1.0,1.0,1.7750673243481538,1.7773843514767806,1.627102130536576,1.6248684837063017,-8.458493718562893,0.1225826207405809
5.600000000000001,-1.0,0.0,-1.7750673243481538,0.0,-1.69783242512894,-0.0024896074802991386,-4.35109689417421,-0.14025425662169633
5.600000000000001,0.0,0.0,0.0,0.0,0.0,-1.701971896750365e-13,0.0,0.0
5.600000000000001,1.0,0.0,1.7750673243481538,0.0,1.69783242512894,-0.0024896074802991386,-4.35109689417421,0.14025425662169633
5.600000000000001,-1.0,-1.0,-1.7750673243481538,-1.7773843514767806,-1.634132230226524,-1.641157878505866,-7.8018901693692895,-0.13763432999689712
5.600000000000001,0.0,-1.0,0.0,-1.7773843514767806,0.0,-1.7066538334107042,-3.9794723075686114,-0.0
5.600000000000001,1.0,-1.0,1.7750673243481538,-1.7773843514767806,1.634132230226524,-1.641157878505866,-7.8018901693692895,0.13763432999689712
5.700000000000003,-1.0,1.0,-1.7751045678304858,1.7775099063805522,-1.627075022951916,1.6248453067792634,-8.46410853292928,-0.1247381129989094
5.700000000000003,0.0,1.0,0.0,1.7775099063805522,0.0,1.6939519504043745,-4.7008433357382655,0.0
5.700000000000003,1.0,1.0,1.7751045678304858,1.7775099063805522,1.627075022951916,1.6248453067792634,-8.46410853292928,0.1247381129989094
5.700000000000003,-1.0,0.0,-1.7751045678304858,0.0,-1.697870577503546,-0.00253370174946288,-4.3509544015952955,-0.14273535178603836
5.700000000000003,0.0,0.0,0.0,0.0,0.0,-1.9062529332813938e-13,0.0,0.0
5.700000000000003,1.0,0.0,1.7751045678304858,0.0,1.697870577503546,-0.00253370174946288,-4.3509544015952955,0.14273535178603836
5.700000000000003,-1.0,-1.0,-1.7751045678304858,-1.7775099063805522,-1.634229404236315,-1.6414235501145376,-7.79589658806163,-0.14007500870797973
5.700000000000003,0.0,-1.0,0.0,-1.7775099063805522,0.0,-1.7068934323468223,-3.97277527288286,-0.0
5.700000000000003,1.0,-1.0,1.7751045678304858,-1.7775099063805522,1.634229404236315,-1.6414235501145376,-7.79589658806163,0.14007500870797973
5.800000000000001,-1.0,1.0,-1.7751425319979863,1.7776378226911738,-1.627048561898143,1.6248243144323111,-8.469722714092063,-0.12689199743084503
5.800000000000001,0.0,1.0,0.0,1.7776378226911738,0.0,1.693968206698253,-4.7067864401227055,0.0
5.800000000000001,1.0,1.0,1.7751425319979863,1.7776378226911738,1.627048561898143,1.6248243144323111,-8.469722714092063,0.12689199743084503
5.800000000000001,-1.0,0.0,-1.7751425319979863,0.0,-1.697909398090082,-0.0025777767175408917,-4.350813104622972,-0.14521519658703191
5.800000000000001,0.0,0.0,0.0,0.0,0.0,-2.1949109196839345e-13,0.0,0.0
5.800000000000001,1.0,0.0,1.7751425319979863,0.0,1.697909398090082,-0.0025777767175408917,-4.350813104622972,0.14521519658703191
5.800000000000001,-1.0,-1.0,-1.7751425319979863,-1.7776378226911738,-1.634327158036076,-1.641691297884861,-7.789908606364506,-0.14251458054188934
5.800000000000001,0.0,-1.0,0.0,-1.7776378226911738,0.0,-1.7071352204453987,-3.9660836052104758,-0.0
5.800000000000001,1.0,-1.0,1.7751425319979863,-1.7776378226911738,1.634327158036076,-1.641691297884861,-7.789908606364506,0.14251458054188934
5.900000000000002,-1.0,1.0,-1.775181216491677,1.7777680996108947,-1.627022747600042,1.6248055068109064,-8.475336210140846,-0.1290442519361834
5.900000000000002,0.0,1.0,0.0,1.7777680996108947,0.0,1.6939867299391396,-4.712727699979123,0.0
5.900000000000002,1.0,1.0,1.775181216491677,1.7777680996108947,1.627022747600042,1.6248055068109064,-8.475336210140846,0.1290442519361834
5.900000000000002,-1.0,0.0,-1.775181216491677,0.0,-1.697948886517117,-0.0026218320436360854,-4.350673004933859,-0.14769376891096558
5.900000000000002,0.0,0.0,0.0,0.0,0.0,-2.545741395465484e-13,0.0,0.0
5.900000000000002,1.0,0.0,1.775181216491677,0.0,1.697948886517117,-0.0026218320436360854,-4.350673004933859,0.14769376891096558
5.900000000000002,-1.0,-1.0,-1.775181216491677,-1.7777680996108947,-1.634425490674864,-1.6419611200214301,-7.783926283093373,-0.14495301914487896
5.900000000000002,0.0,-1.0,0.0,-1.7777680996108947,0.0,-1.7073791961564906,-3.9593973741462847,-0.0
5.900000000000002,1.0,-1.0,1.775181216491677,-1.7777680996108947,1.634425490674864,-1.6419611200214301,-7.783926283093373,0.14495301914487896
6.0,-1.0,1.0,-1.77522062094571,1.7779007363277932,-1.626997580276199,1.6247888840468239,-8.480948969195587,-0.13119485446354798
6.0,0.0,1.0,0.0,1.7779007363277932,0.0,1.6940075199685078,-4.718667057451395,0.0
6.0,1.0,1.0,1.77522062094571,1.7779007363277932,1.626997580276199,1.6247888840468239,-8.480948969195587,0.13119485446354798
6.0,-1.0,0.0,-1.77522062094571,0.0,-1.697989042406751,-0.002665867386704601,-4.350534104195769,-0.1501710466434543
6.0,0.0,0.0,0.0,0.0,0.0,-2.8388402739665253e-13,0.0,0.0
6.0,1.0,0.0,1.77522062094571,0.0,1.697989042406751,-0.002665867386704601,-4.350534104195769,0.1501710466434543
6.0,-1.0,-1.0,-1.77522062094571,-1.7779007363277932,-1.63452440119528,-1.6422330147130473,-7.777949677102772,-0.14739029812956814
6.0,0.0,-1.0,0.0,-1.7779007363277932,0.0,-1.7076253579140732,-3.9527166493485986,-0.0
6.0,1.0,-1.0,1.77522062094571,-1.7779007363277932,1.63452440119528,-1.6422330147130473,-7.777949677102772,0.14739029812956814
6.100000000000001,-1.0,1.0,-1.77526074498736,1.7780357320138207,-1.626973060139004,1.6247744462580815,-8.486560939358196,-0.1333437829629674
6.100000000000001,0.0,1.0,0.0,1.7780357320138207,0.0,1.6940305766136317,-4.724604454660986,0.0
6.100000000000001,1.0,1.0,1.77526074498736,1.7780357320138207,1.626973060139004,1.6247744462580815,-8.486560939358196,0.1333437829629674
6.100000000000001,-1.0,0.0,-1.77526074498736,0.0,-1.698029865374571,-0.0027098824056325244,-4.350396404069593,-0.1526470076738963
6.100000000000001,0.0,0.0,0.0,0.0,0.0,-3.260725023324085e-13,0.0,0.0
6.100000000000001,1.0,0.0,1.77526074498736,0.0,1.698029865374571,-0.0027098824056325244,-4.350396404069593,0.1526470076738963
6.100000000000001,-1.0,-1.0,-1.77526074498736,-1.7780357320138207,-1.634623888633494,-1.642506980132922,-7.771978847228539,-0.1498263911310367
6.100000000000001,0.0,-1.0,0.0,-1.7780357320138207,0.0,-1.7078737041359995,-3.946041500434585,-0.0
6.100000000000001,1.0,-1.0,1.77526074498736,-1.7780357320138207,1.634623888633494,-1.642506980132922,-7.771978847228539,0.1498263911310367
6.200000000000003,-1.0,1.0,-1.7753015882370426,1.7781730858260447,-1.626949187394646,1.624762193549125,-8.49217206874062,-0.13549101541253328
6.200000000000003,0.0,1.0,0.0,1.7781730858260447,0.0,1.6940558996877269,-4.730539833766604,0.0
6.200000000000003,1.0,1.0,1.7753015882370426,1.7781730858260447,1.626949187394646,1.624762193549125,-8.49217206874062,0.13549101541253328
6.200000000000003,-1.0,0.0,-1.7753015882370426,0.0,-1.698071355029696,-0.0027538767591087643,-4.350259906207818,-0.15512162988844574
6.200000000000003,0.0,0.0,0.0,0.0,0.0,-3.597122599785507e-13,0.0,0.0
6.200000000000003,1.0,0.0,1.7753015882370426,0.0,1.698071355029696,-0.0027538767591087643,-4.350259906207818,0.15512162988844574
6.200000000000003,-1.0,-1.0,-1.7753015882370426,-1.7781730858260447,-1.6347239520192,-1.642783014438364,-7.766013852329941,-0.152261271768303
6.200000000000003,0.0,-1.0,0.0,-1.7781730858260447,0.0,-1.7081242332239548,-3.9393719970488115,-0.0
6.200000000000003,1.0,-1.0,1.7753015882370426,-1.7781730858260447,1.6347239520192,-1.642783014438364,-7.766013852329941,0.152261271768303
6.300000000000001,-1.0,1.0,-1.7753431503082886,1.7783127969066759,-1.626925962243114,1.6247521260106133,-8.497782305471342,-0.13763652982637442
6.300000000000001,0.0,1.0,0.0,1.7783127969066759,0.0,1.694083488989911,-4.7364731369688915,0.0
6.300000000000001,1.0,1.0,1.7753431503082886,1.7783127969066759,1.626925962243114,1.6247521260106133,-8.497782305471342,0.13763652982637442
6.300000000000001,-1.0,0.0,-1.7753431503082886,0.0,-1.69811351097475,-0.002797850105779709,-4.350124612254684,-0.1575948911788609
6.300000000000001,0.0,0.0,0.0,0.0,0.0,-4.04121180963557e-13,0.0,0.0
6.300000000000001,1.0,0.0,1.7753431503082886,0.0,1.69811351097475,-0.002797850105779709,-4.350124612254684,0.1575948911788609
6.300000000000001,-1.0,-1.0,-1.7753431503082886,-1.7783127969066759,-1.634824590375664,-1.6430611157709967,-7.760054751281792,-0.1546949136482436
6.300000000000001,0.0,-1.0,0.0,-1.7783127969066759,0.0,-1.7083769435633915,-3.932708208867177,-0.0
6.300000000000001,1.0,-1.0,1.7753431503082886,-1.7783127969066759,1.634824590375664,-1.6430611157709967,-7.760054751281792,0.1546949136482436
6.400000000000002,-1.0,1.0,-1.7753854308077632,1.7784548643818754,-1.626903384878204,1.6247442437195423,-8.503391597661942,-0.13978030422078633
6.400000000000002,0.0,1.0,0.0,1.7784548643818754,0.0,1.694113344305087,-4.74240430645409,0.0
6.400000000000002,1.0,1.0,1.7753854308077632,1.7784548643818754,1.626903384878204,1.6247442437195423,-8.503391597661942,0.13978030422078633
6.400000000000002,-1.0,0.0,-1.7753854308077632,0.0,-1.698156332805862,-0.0028418021041144437,-4.349990523847187,-0.16006676943504505
6.400000000000002,0.0,0.0,0.0,0.0,0.0,-4.503064587879635e-13,0.0,0.0
6.400000000000002,1.0,0.0,1.7753854308077632,0.0,1.698156332805862,-0.0028418021041144437,-4.349990523847187,0.16006676943504505
6.400000000000002,-1.0,-1.0,-1.7753854308077632,-1.7784548643818754,-1.63492580271968,-1.643341282256559,-7.754101602950321,-0.15712729039334994
6.400000000000002,0.0,-1.0,0.0,-1.7784548643818754,0.0,-1.7086318335235835,-3.926050205528256,-0.0
6.400000000000002,1.0,-1.0,1.7753854308077632,-1.7784548643818754,1.63492580271968,-1.643341282256559,-7.754101602950321,0.15712729039334994
6.5,-1.0,1.0,-1.7754284293352511,1.778599287362883,-1.626881455487521,1.624738546739199,-8.508999893437528,-0.14192231664551547
6.5,0.0,1.0,0.0,1.778599287362883,0.0,1.694145465404107,-4.748333284446276,0.0
6.5,1.0,1.0,1.7754284293352511,1.778599287362883,1.626881455487521,1.624738546739199,-8.508999893437528,0.14192231664551547
6.5,-1.0,0.0,-1.7754284293352511,0.0,-1.698199820112676,-0.0028857324125149963,-4.349857642613662,-0.16253724255139143
6.5,0.0,0.0,0.0,0.0,0.0,-5.13922238098985e-13,0.0,0.0
6.5,1.0,0.0,1.7754284293352511,0.0,1.698199820112676,-0.0028857324125149963,-4.349857642613662,0.16253724255139143
6.5,-1.0,-1.0,-1.7754284293352511,-1.778599287362883,-1.635027588061599,-1.6436235120049516,-7.748154466219397,-0.1595583756131908
6.5,0.0,-1.0,0.0,-1.778599287362883,0.0,-1.708888901457495,-3.919398056700401,-0.0
6.5,1.0,-1.0,1.7754284293352511,-1.778599287362883,1.635027588061599,-1.6436235120049516,-7.748154466219397,0.1595583756131908
6.600000000000001,-1.0,1.0,-1.7754721454836642,1.7787460649457043,-1.626860174252471,1.6247350351192118,-8.514607140928202,-0.1440625451743936
6.600000000000001,0.0,1.0,0.0,1.7787460649457043,0.0,1.6941798520436757,-4.7542600131969905,0.0
6.600000000000001,1.0,1.0,1.7754721454836642,1.7787460649457043,1.626860174252471,1.6247350351192118,-8.514607140928202,0.1440625451743936
6.600000000000001,-1.0,0.0,-1.7754721454836642,0.0,-1.698243972478334,-0.0029296406891525795,-4.349725970175221,-0.16500628841769313
6.600000000000001,0.0,0.0,0.0,0.0,0.0,-5.809797087863444e-13,0.0,0.0
6.600000000000001,1.0,0.0,1.7754721454836642,0.0,1.698243972478334,-0.0029296406891525795,-4.349725970175221,0.16500628841769313
6.600000000000001,-1.0,-1.0,-1.7754721454836642,-1.7787460649457043,-1.635129945405301,-1.6439078031101406,-7.7422133999855705,-0.161988142911427
6.600000000000001,0.0,-1.0,0.0,-1.7787460649457043,0.0,-1.7091481457017945,-3.9127518320628996,-0.0
6.600000000000001,1.0,-1.0,1.7754721454836642,-1.7787460649457043,1.635129945405301,-1.6439078031101406,-7.7422133999855705,0.161988142911427
6.700000000000003,-1.0,1.0,-1.7755165788390337,1.7788951962110322,-1.626839541348263,1.624733708895445,-8.520213288270233,-0.14620096790711692
6.700000000000003,0.0,1.0,0.0,1.7788951962110322,0.0,1.694216503966362,-4.76018443498145,0.0
6.700000000000003,1.0,1.0,1.7755165788390337,1.7788951962110322,1.626839541348263,1.624733708895445,-8.520213288270233,0.14620096790711692
6.700000000000003,-1.0,0.0,-1.7755165788390337,0.0,-1.69828878947949,-0.002973526592180642,-4.349595508144509,-0.16747388493127774
6.700000000000003,0.0,0.0,0.0,0.0,0.0,-6.449285550047534e-13,0.0,0.0
6.700000000000003,1.0,0.0,1.7755165788390337,0.0,1.69828878947949,-0.002973526592180642,-4.349595508144509,0.16747388493127774
6.700000000000003,-1.0,-1.0,-1.7755165788390337,-1.7788951962110322,-1.635232873748209,-1.6441941536501867,-7.736278463154131,-0.16441656588871983
6.700000000000003,0.0,-1.0,0.0,-1.7788951962110322,0.0,-1.7094095645768,-3.90611160130364,-0.0
6.700000000000003,1.0,-1.0,1.7755165788390337,-1.7788951962110322,1.635232873748209,-1.6441941536501867,-7.736278463154131,0.16441656588871983
6.800000000000001,-1.0,1.0,-1.7755617289805035,1.7790466802240745,-1.626819556943929,1.624734568090115,-8.525818283598088,-0.14833756296283584
6.800000000000001,0.0,1.0,0.0,1.7790466802240745,0.0,1.6942554209005873,-4.766106492090897,0.0
6.800000000000001,1.0,1.0,1.7755617289805035,1.7790466802240745,1.626819556943929,1.624734568090115,-8.525818283598088,0.14833756296283584
6.800000000000001,-1.0,0.0,-1.7755617289805035,0.0,-1.698334270686295,-0.003017389779530255,-4.349466258126164,-0.16994000998561665
6.800000000000001,0.0,0.0,0.0,0.0,0.0,-7.178702077226262e-13,0.0,0.0
6.800000000000001,1.0,0.0,1.7755617289805035,0.0,1.698334270686295,-0.003017389779530255,-4.349466258126164,0.16994000998561665
6.800000000000001,-1.0,-1.0,-1.7755617289805035,-1.7790466802240745,-1.635336372081291,-1.6444825616871344,-7.730349714636955,-0.16684361814448162
6.800000000000001,0.0,-1.0,0.0,-1.7790466802240745,0.0,-1.709673156386418,-3.8994774341120015,-0.0
6.800000000000001,1.0,-1.0,1.7755617289805035,-1.7790466802240745,1.635336372081291,-1.6444825616871344,-7.730349714636955,0.16684361814448162
6.900000000000002,-1.0,1.0,-1.7756075954803476,1.7792005160348001,-1.626800221202299,1.6247376127117041,-8.53142207505489,-0.1504723084882817
6.900000000000002,0.0,1.0,0.0,1.7792005160348001,0.0,1.694296602560608,-4.772026126847827,0.0
6.900000000000002,1.0,1.0,1.7756075954803476,1.7792005160348001,1.626800221202299,1.6247376127117041,-8.53142207505489,0.1504723084882817
6.900000000000002,-1.0,0.0,-1.7756075954803476,0.0,-1.69838041566241,-0.0030612299090799766,-4.349338221717036,-0.1724046414800245
6.900000000000002,0.0,0.0,0.0,0.0,0.0,-8.055778266680136e-13,0.0,0.0
6.900000000000002,1.0,0.0,1.7756075954803476,0.0,1.69838041566241,-0.0030612299090799766,-4.349338221717036,0.1724046414800245
6.900000000000002,-1.0,-1.0,-1.7756075954803476,-1.7792005160348001,-1.635440439389038,-1.64477302526707,-7.724427213357836,-0.16926927327386113
6.900000000000002,0.0,-1.0,0.0,-1.7792005160348001,0.0,-1.7099389194181946,-3.8928494001881657,-0.0
6.900000000000002,1.0,-1.0,1.7756075954803476,-1.7792005160348001,1.635440439389038,-1.64477302526707,-7.724427213357836,0.16926927327386113
7.0,-1.0,1.0,-1.775654177903947,1.7793567026774815,-1.626781534280013,1.624742842754949,-8.537024610780461,-0.15260518264782855
7.0,0.0,1.0,0.0,1.7793567026774815,0.0,1.694340048646582,-4.7779432815787235,0.0
7.0,1.0,1.0,1.775654177903947,1.7793567026774815,1.626781534280013,1.624742842754949,-8.537024610780461,0.15260518264782855
7.0,-1.0,0.0,-1.775654177903947,0.0,-1.69842722396499,-0.0031050466385069697,-4.349211400505854,-0.17486775731140905
7.0,0.0,0.0,0.0,0.0,0.0,-8.911760218666132e-13,0.0,0.0
7.0,1.0,0.0,1.775654177903947,0.0,1.69842722396499,-0.0031050466385069697,-4.349211400505854,0.17486775731140905
7.0,-1.0,-1.0,-1.775654177903947,-1.7793567026774815,-1.635545074649479,-1.6450655424200458,-7.718511018241197,-0.1716935048770453
7.0,0.0,-1.0,0.0,-1.7793567026774815,0.0,-1.7102068519431572,-3.8862275692260697,-0.0
7.0,1.0,-1.0,1.775654177903947,-1.7793567026774815,1.635545074649479,-1.6450655424200458,-7.718511018241197,0.1716935048770453
7.100000000000001,-1.0,1.0,-1.7757014758097986,1.7795152391714475,-1.626763496327536,1.6247502582009532,-8.542625838927943,-0.15473616364038684
7.100000000000001,0.0,1.0,0.0,1.7795152391714475,0.0,1.6943857588444633,-4.783857898661266,0.0
7.100000000000001,1.0,1.0,1.7757014758097986,1.7795152391714475,1.626763496327536,1.6247502582009532,-8.542625838927943,0.15473616364038684
7.100000000000001,-1.0,0.0,-1.7757014758097986,0.0,-1.698474695144689,-0.0031488396253626094,-4.3490857960734,-0.17732933537866208
7.100000000000001,0.0,0.0,0.0,0.0,0.0,-9.68003455170674e-13,0.0,0.0
7.100000000000001,1.0,0.0,1.7757014758097986,0.0,1.698474695144689,-0.0031488396253626094,-4.3490857960734,0.17732933537866208
7.100000000000001,-1.0,-1.0,-1.7757014758097986,-1.7795152391714475,-1.635650276834173,-1.6453601111599523,-7.71260118823515,-0.17411628653726477
7.100000000000001,0.0,-1.0,0.0,-1.7795152391714475,0.0,-1.710476952215858,-3.8796120109504693,-0.0
7.100000000000001,1.0,-1.0,1.7757014758097986,-1.7795152391714475,1.635650276834173,-1.6453601111599523,-7.71260118823515,0.17411628653726477
7.200000000000003,-1.0,1.0,-1.775749488749515,1.7796761245200665,-1.626746107489137,1.6247598590170045,-8.548225707643736,-0.15686522967840294
7.200000000000003,0.0,1.0,0.0,1.7796761245200665,0.0,1.6944337328260664,-4.789769920467291,0.0
7.200000000000003,1.0,1.0,1.775749488749515,1.7796761245200665,1.626746107489137,1.6247598590170045,-8.548225707643736,0.15686522967840294
7.200000000000003,-1.0,0.0,-1.775749488749515,0.0,-1.698522828745662,-0.0031926085271219984,-4.348961409992366,-0.1797893535855802
7.200000000000003,0.0,0.0,0.0,0.0,0.0,-1.0884626533425035e-12,0.0,0.0
7.200000000000003,1.0,0.0,1.775749488749515,0.0,1.698522828745662,-0.0031926085271219984,-4.348961409992366,0.1797893535855802
7.200000000000003,-1.0,-1.0,-1.775749488749515,-1.7796761245200665,-1.63575604490821,-1.6456567294846496,-7.706697782280843,-0.17653759185144177
7.200000000000003,0.0,-1.0,0.0,-1.7796761245200665,0.0,-1.7107492184743673,-3.873002795061209,-0.0
7.200000000000003,1.0,-1.0,1.775749488749515,-1.7796761245200665,1.63575604490821,-1.6456567294846496,-7.706697782280843,0.17653759185144177
7.300000000000001,-1.0,1.0,-1.7757982162678099,1.7798393577115568,-1.626729367902899,1.624771645156733,-8.553824165083816,-0.1589923590054084
7.300000000000001,0.0,1.0,0.0,1.7798393577115568,0.0,1.69448397024901,-4.7956792894103195,0.0
7.300000000000001,1.0,1.0,1.7757982162678099,1.7798393577115568,1.626729367902899,1.624771645156733,-8.553824165083816,0.1589923590054084
7.300000000000001,-1.0,0.0,-1.7757982162678099,0.0,-1.698571624305564,-0.00323635300103009,-4.348838243826644,-0.18224778983233378
7.300000000000001,0.0,0.0,0.0,0.0,0.0,-1.188271703256305e-12,0.0,0.0
7.300000000000001,1.0,0.0,1.7757982162678099,0.0,1.698571624305564,-0.00323635300103009,-4.348838243826644,0.18224778983233378
7.300000000000001,-1.0,-1.0,-1.7757982162678099,-1.7798393577115568,-1.635862377830205,-1.6459553953757795,-7.700800859338064,-0.17895739440432692
7.300000000000001,0.0,-1.0,0.0,-1.7798393577115568,0.0,-1.711023648940074,-3.8663999912870257,-0.0
7.300000000000001,1.0,-1.0,1.7757982162678099,-1.7798393577115568,1.635862377830205,-1.6459553953757795,-7.700800859338064,0.17895739440432692
7.400000000000002,-1.0,1.0,-1.7758476579025277,1.7800049377181604,-1.626713277700722,1.624785616559969,-8.559421159397605,-0.1611175298786822
7.400000000000002,0.0,1.0,0.0,1.7800049377181604,0.0,1.6945364707567507,-4.801585947900467,0.0
7.400000000000002,1.0,1.0,1.7758476579025277,1.7800049377181604,1.626713277700722,1.624785616559969,-8.559421159397605,0.1611175298786822
7.400000000000002,-1.0,0.0,-1.7758476579025277,0.0,-1.698621081355532,-0.0032800727042804345,-4.348716299133949,-0.18470462202566199
7.400000000000002,0.0,0.0,0.0,0.0,0.0,-1.3136158827364852e-12,0.0,0.0
7.400000000000002,1.0,0.0,1.7758476579025277,0.0,1.698621081355532,-0.0032800727042804345,-4.348716299133949,0.18470462202566199
7.400000000000002,-1.0,-1.0,-1.7758476579025277,-1.7800049377181604,-1.635969274552294,-1.646256106798878,-7.694910478361015,-0.1813756677946149
7.400000000000002,0.0,-1.0,0.0,-1.7800049377181604,0.0,-1.7113002418178658,-3.8598036693296556,-0.0
7.400000000000002,1.0,-1.0,1.7758476579025277,-1.7800049377181604,1.635969274552294,-1.646256106798878,-7.694910478361015,0.1813756677946149
7.5,-1.0,1.0,-1.7758978131845982,1.780172863497751,-1.626697837008324,1.6248017731528825,-8.565016638764824,-0.16324072060831346
7.5,0.0,1.0,0.0,1.780172863497751,0.0,1.6945912339785936,-4.807489838430822,0.0
7.5,1.0,1.0,1.7758978131845982,1.780172863497751,1.626697837008324,1.6248017731528825,-8.565016638764824,0.16324072060831346
7.5,-1.0,0.0,-1.7758978131845982,0.0,-1.698671199420207,-0.0033237672938243312,-4.348595577462073,-0.1871598280682627
7.5,0.0,0.0,0.0,0.0,0.0,-1.4251932967113135e-12,0.0,0.0
7.5,1.0,0.0,1.7758978131845982,0.0,1.698671199420207,-0.0033237672938243312,-4.348595577462073,0.1871598280682627
7.5,-1.0,-1.0,-1.7758978131845982,-1.780172863497751,-1.636076734020142,-1.64655886170313,-7.689026698344946,-0.1837923855855037
7.5,0.0,-1.0,0.0,-1.780172863497751,0.0,-1.711578995295871,-3.8532138989639484,-0.0
7.5,1.0,-1.0,1.7758978131845982,-1.780172863497751,1.636076734020142,-1.64655886170313,-7.689026698344946,0.1837923855855037
7.600000000000001,-1.0,1.0,-1.7759486816380645,1.7803431339911047,-1.626683045945239,1.6248201148478303,-8.570610551330667,-0.16536190949126678
7.600000000000001,0.0,1.0,0.0,1.7803431339911047,0.0,1.6946482595295993,-4.813390903437694,0.0
7.600000000000001,1.0,1.0,1.7759486816380645,1.7803431339911047,1.626683045945239,1.6248201148478303,-8.570610551330667,0.16536190949126678
7.600000000000001,-1.0,0.0,-1.7759486816380645,0.0,-1.698721978017708,-0.0033674364265521284,-4.348476080351916,-0.189613385869131
7.600000000000001,0.0,0.0,0.0,0.0,0.0,-1.5614176618328202e-12,0.0,0.0
7.600000000000001,1.0,0.0,1.7759486816380645,0.0,1.698721978017708,-0.0033674364265521284,-4.348476080351916,0.189613385869131
7.600000000000001,-1.0,-1.0,-1.7759486816380645,-1.7803431339911047,-1.636184755172935,-1.6468636580215725,-7.683149578250141,-0.18620752138291263
7.600000000000001,0.0,-1.0,0.0,-1.7803431339911047,0.0,-1.7118599075456493,-3.8466307498786647,-0.0
7.600000000000001,1.0,-1.0,1.7759486816380645,-1.7803431339911047,1.636184755172935,-1.6468636580215725,-7.683149578250141,0.18620752138291263
7.700000000000003,-1.0,1.0,-1.7760002627800788,1.7805157481248823,-1.626668904624822,1.6248406415434842,-8.576202845279347,-0.1674810748850368
7.700000000000003,0.0,1.0,0.0,1.7805157481248823,0.0,1.694707547010647,-4.819289085457554,0.0
7.700000000000003,1.0,1.0,1.7760002627800788,1.7805157481248823,1.626668904624822,1.6248406415434842,-8.576202845279347,0.1674810748850368
7.700000000000003,-1.0,0.0,-1.7760002627800788,0.0,-1.698773416659669,-0.0034110797591468955,-4.348357809335117,-0.19206527333545154
7.700000000000003,0.0,0.0,0.0,0.0,0.0,-1.6939782909730638e-12,0.0,0.0
7.700000000000003,1.0,0.0,1.7760002627800788,0.0,1.698773416659669,-0.0034110797591468955,-4.348357809335117,0.19206527333545154
7.700000000000003,-1.0,-1.0,-1.7760002627800788,-1.7805157481248823,-1.636293336943364,-1.6471704936708547,-7.677279177085791,-0.18862104875217697
7.700000000000003,0.0,-1.0,0.0,-1.7805157481248823,0.0,-1.7121429767219296,-3.840054291851014,-0.0
7.700000000000003,1.0,-1.0,1.7760002627800788,-1.7805157481248823,1.636293336943364,-1.6471704936708547,-7.677279177085791,0.18862104875217697
7.800000000000001,-1.0,1.0,-1.776052556120884,1.7806907048088583,-1.626655413154242,1.624863353124676,-8.58179346876723,-0.16959819514178834
7.800000000000001,0.0,1.0,0.0,1.7806907048088583,0.0,1.694769096008396,-4.82518432698199,0.0
7.800000000000001,1.0,1.0,1.776052556120884,1.7806907048088583,1.626655413154242,1.624863353124676,-8.58179346876723,0.16959819514178834
7.800000000000001,-1.0,0.0,-1.776052556120884,0.0,-1.698825514851188,-0.0034546969482120993,-4.348240765935967,-0.19451546837992117
7.800000000000001,0.0,0.0,0.0,0.0,0.0,-1.864064458345638e-12,0.0,0.0
7.800000000000001,1.0,0.0,1.776052556120884,0.0,1.698825514851188,-0.0034546969482120993,-4.348240765935967,0.19451546837992117
7.800000000000001,-1.0,-1.0,-1.776052556120884,-1.7806907048088583,-1.63640247825766,-1.647479366551347,-7.671415553833107,-0.19103294129235693
7.800000000000001,0.0,-1.0,0.0,-1.7806907048088583,0.0,-1.7124282009627216,-3.833484594589605,-0.0
7.800000000000001,1.0,-1.0,1.776052556120884,-1.7806907048088583,1.63640247825766,-1.647479366551347,-7.671415553833107,0.19103294129235693
7.900000000000002,-1.0,1.0,-1.7761055611638366,1.7808680029381385,-1.626642571634494,1.6248882494625327,-8.58738236997697,-0.17171324866167584
7.900000000000002,0.0,1.0,0.0,1.7808680029381385,0.0,1.6948329060953369,-4.8310765705744565,0.0
7.900000000000002,1.0,1.0,1.7761055611638366,1.7808680029381385,1.626642571634494,1.6248882494625327,-8.58738236997697,0.17171324866167584
7.900000000000002,-1.0,0.0,-1.7761055611638366,0.0,-1.698878272090856,-0.0034982876501279403,-4.348124951670977,-0.19696394891278884
7.900000000000002,0.0,0.0,0.0,0.0,0.0,-2.015054789694659e-12,0.0,0.0
7.900000000000002,1.0,0.0,1.7761055611638366,0.0,1.698878272090856,-0.0034982876501279403,-4.348124951670977,0.19696394891278884
7.900000000000002,-1.0,-1.0,-1.7761055611638366,-1.7808680029381385,-1.636512178035546,-1.6477902745469994,-7.665558767508239,-0.1934431725771368
7.900000000000002,0.0,-1.0,0.0,-1.7808680029381385,0.0,-1.7127155783892232,-3.826921727858274,-0.0
7.900000000000002,1.0,-1.0,1.7761055611638366,-1.7808680029381385,1.636512178035546,-1.6477902745469994,-7.665558767508239,0.1934431725771368
8.0,-1.0,1.0,-1.77615927740538,1.7810476413916998,-1.62663038016039,1.624915330414421,-8.592969497081498,-0.1738262138579496
8.0,0.0,1.0,0.0,1.7810476413916998,0.0,1.6948989768296812,-4.836965758799275,0.0
8.0,1.0,1.0,1.77615927740538,1.7810476413916998,1.62663038016039,1.624915330414421,-8.592969497081498,0.1738262138579496
8.0,-1.0,0.0,-1.77615927740538,0.0,-1.698931687870755,-0.003541851521168926,-4.3480103680475874,-0.1994106928486096
8.0,0.0,0.0,0.0,0.0,0.0,-2.1869173139066334e-12,0.0,0.0
8.0,1.0,0.0,1.77615927740538,0.0,1.698931687870755,-0.003541851521168926,-4.3480103680475874,0.1994106928486096
8.0,-1.0,-1.0,-1.77615927740538,-1.7810476413916998,-1.636622435190284,-1.6481032155253623,-7.659708877121288,-0.19585171619199987
8.0,0.0,-1.0,0.0,-1.7810476413916998,0.0,-1.7130051071057362,-3.8203657614007227,-0.0
8.0,1.0,-1.0,1.77615927740538,-1.7810476413916998,1.636622435190284,-1.6481032155253623,-7.659708877121288,0.19585171619199987
8.100000000000001,-1.0,1.0,-1.7762137043350603,1.78122961903318,-1.626618838820569,1.6249445958238808,-8.598554798266834,-0.17593706917949223
8.100000000000001,0.0,1.0,0.0,1.78122961903318,0.0,1.694967307755437,-4.842851834260685,0.0
8.100000000000001,1.0,1.0,1.7762137043350603,1.78122961903318,1.626618838820569,1.6249445958238808,-8.598554798266834,0.17593706917949223
8.100000000000001,-1.0,0.0,-1.7762137043350603,0.0,-1.698985761676445,-0.0035853882174330387,-4.347897016565708,-0.2018556781023856
8.100000000000001,0.0,0.0,0.0,0.0,0.0,-2.3570034812792073e-12,0.0,0.0
8.100000000000001,1.0,0.0,1.7762137043350603,0.0,1.698985761676445,-0.0035853882174330387,-4.347897016565708,0.2018556781023856
8.100000000000001,-1.0,-1.0,-1.7762137043350603,-1.78122961903318,-1.636733248628614,-1.6484181873374903,-7.653865941701096,-0.19825854571375412
8.100000000000001,0.0,-1.0,0.0,-1.78122961903318,0.0,-1.7132967851997414,-3.8138167649778563,-0.0
8.100000000000001,1.0,-1.0,1.7762137043350603,-1.78122961903318,1.636733248628614,-1.6484181873374903,-7.653865941701096,0.19825854571375412
8.200000000000003,-1.0,1.0,-1.7762688414355128,1.7814139347099012,-1.626607947697488,1.6249760455206839,-8.604138221705684,-0.17804579308477192
8.200000000000003,0.0,1.0,0.0,1.7814139347099012,0.0,1.695037898402338,-4.848734739555594,0.0
8.200000000000003,1.0,1.0,1.7762688414355128,1.7814139347099012,1.626607947697488,1.6249760455206839,-8.604138221705684,0.17804579308477192
8.200000000000003,-1.0,0.0,-1.7762688414355128,0.0,-1.699040492986972,-0.0036288973948899184,-4.347784898716556,-0.20429888259241102
8.200000000000003,0.0,0.0,0.0,0.0,0.0,-2.5428548156014585e-12,0.0,0.0
8.200000000000003,1.0,0.0,1.7762688414355128,0.0,1.699040492986972,-0.0036288973948899184,-4.347784898716556,0.20429888259241102
8.200000000000003,-1.0,-1.0,-1.7762688414355128,-1.7814139347099012,-1.636844617250822,-1.6487351878180139,-7.64803002026513,-0.2006636347362626
8.200000000000003,0.0,-1.0,0.0,-1.7814139347099012,0.0,-1.7135906107417365,-3.8072748083229504,-0.0
8.200000000000003,1.0,-1.0,1.7762688414355128,-1.7814139347099012,1.636844617250822,-1.6487351878180139,-7.64803002026513,0.2006636347362626
8.3,-1.0,1.0,-1.7763246881824701,1.7816005872542018,-1.626597706867428,1.6250096793208042,-8.60971971559317,-0.1801523640772664
8.3,0.0,1.0,0.0,1.7816005872542018,0.0,1.6951107482858772,-4.85461441734382,0.0
8.3,1.0,1.0,1.7763246881824701,1.7816005872542018,1.626597706867428,1.6250096793208042,-8.60971971559317,0.1801523640772664
8.3,-1.0,0.0,-1.7763246881824701,0.0,-1.699095881274857,-0.003672378709332902,-4.347674015983729,-0.20674028423770138
8.3,0.0,0.0,0.0,0.0,0.0,-2.7398083801699613e-12,0.0,0.0
8.3,1.0,0.0,1.7763246881824701,0.0,1.699095881274857,-0.003672378709332902,-4.347674015983729,0.20674028423770138
8.3,-1.0,-1.0,-1.7763246881824701,-1.7816005872542018,-1.636956539950672,-1.6490542147849947,-7.642201171859721,-0.20306695683456447
8.3,0.0,-1.0,0.0,-1.7816005872542018,0.0,-1.7138865817853053,-3.8007399612085413,-0.0
8.3,1.0,-1.0,1.7763246881824701,-1.7816005872542018,1.636956539950672,-1.6490542147849947,-7.642201171859721,0.20306695683456447
8.400000000000002,-1.0,1.0,-1.7763812440447557,1.78178957548214,-1.626588116400503,1.625045497026433,-8.615299228113042,-0.18225676067282623
8.400000000000002,0.0,1.0,0.0,1.78178957548214,0.0,1.695185856907301,-4.860490810280141,0.0
8.400000000000002,1.0,1.0,1.7763812440447557,1.78178957548214,1.626588116400503,1.625045497026433,-8.615299228113042,0.18225676067282623
8.400000000000002,-1.0,0.0,-1.7763812440447557,0.0,-1.6991519260061,-0.0037158318164021154,-4.34756436984255,-0.2091798609594245
8.400000000000002,0.0,0.0,0.0,0.0,0.0,-2.9540814239226165e-12,0.0,0.0
8.400000000000002,1.0,0.0,1.7763812440447557,0.0,1.6991519260061,-0.0037158318164021154,-4.34756436984255,0.2091798609594245
8.400000000000002,-1.0,-1.0,-1.7763812440447557,-1.78178957548214,-1.637069015615452,-1.649375266039907,-7.63637945552497,-0.20546848559715924
8.400000000000002,0.0,-1.0,0.0,-1.78178957548214,0.0,-1.7141846963669485,-3.7942122933847626,-0.0
8.400000000000002,1.0,-1.0,1.7763812440447557,-1.78178957548214,1.637069015615452,-1.649375266039907,-7.63637945552497,0.20546848559715924
8.5,-1.0,1.0,-1.7764385084842722,1.7819808981941598,-1.626579176360639,1.6250834984259261,-8.620876707457095,-0.18435896141843128
8.5,0.0,1.0,0.0,1.7819808981941598,0.0,1.695263223753564,-4.866363861053421,0.0
8.5,1.0,1.0,1.7764385084842722,1.7819808981941598,1.626579176360639,1.6250834984259261,-8.620876707457095,0.18435896141843128
8.5,-1.0,0.0,-1.7764385084842722,0.0,-1.699208626640187,-0.003759256371554054,-4.347455961759177,-0.2116175906793194
8.5,0.0,0.0,0.0,0.0,0.0,-3.1510349884911193e-12,0.0,0.0
8.5,1.0,0.0,1.7764385084842722,0.0,1.699208626640187,-0.003759256371554054,-4.347455961759177,0.2116175906793194
8.5,-1.0,-1.0,-1.7764385084842722,-1.7819808981941598,-1.637182043125949,-1.6496983393675944,-7.630564930313119,-0.20786819460852252
8.5,0.0,-1.0,0.0,-1.7819808981941598,0.0,-1.7144849525061414,-3.787691874610894,-0.0
8.5,1.0,-1.0,1.7764385084842722,-1.7819808981941598,1.637182043125949,-1.6496983393675944,-7.630564930313119,0.20786819460852252
8.600000000000001,-1.0,1.0,-1.7764964809560266,1.78217455417514,-1.626570886805601,1.625123683293808,-8.626452101826745,-0.18645894489396633
8.600000000000001,0.0,1.0,0.0,1.78217455417514,0.0,1.6953428482973298,-4.872233512390103,0.0
8.600000000000001,1.0,1.0,1.7764964809560266,1.78217455417514,1.626570886805601,1.625123683293808,-8.626452101826745,0.18645894489396633
8.600000000000001,-1.0,0.0,-1.7764964809560266,0.0,-1.69926598263006,-0.003802652030141962,-4.347348793193489,-0.21405345132434794
8.600000000000001,0.0,0.0,0.0,0.0,0.0,-3.3728575488112256e-12,0.0,0.0
8.600000000000001,1.0,0.0,1.7764964809560266,0.0,1.69926598263006,-0.003802652030141962,-4.347348793193489,0.21405345132434794
8.600000000000001,-1.0,-1.0,-1.7764964809560266,-1.78217455417514,-1.637295621356445,-1.650023432536318,-7.624757655288744,-0.21026605745060487
8.600000000000001,0.0,-1.0,0.0,-1.78217455417514,0.0,-1.7147873482052924,-3.7811787746591925,-0.0
8.600000000000001,1.0,-1.0,1.7764964809560266,-1.78217455417514,1.637295621356445,-1.650023432536318,-7.624757655288744,0.21026605745060487
8.700000000000003,-1.0,1.0,-1.776555160908081,1.782370542193621,-1.626563247786977,1.625166051390801,-8.63202535941195,-0.18855668969298872
8.700000000000003,0.0,1.0,0.0,1.782370542193621,0.0,1.695424729996963,-4.8780997070144,0.0
8.700000000000003,1.0,1.0,1.776555160908081,1.782370542193621,1.626563247786977,1.625166051390801,-8.63202535941195,0.18855668969298872
8.700000000000003,-1.0,0.0,-1.776555160908081,0.0,-1.699323993422154,-0.0038460184473139147,-4.347242865594473,-0.21648742082109254
8.700000000000003,0.0,0.0,0.0,0.0,0.0,-3.6119995883154843e-12,0.0,0.0
8.700000000000003,1.0,0.0,1.776555160908081,0.0,1.699323993422154,-0.0038460184473139147,-4.347242865594473,0.21648742082109254
8.700000000000003,-1.0,-1.0,-1.776555160908081,-1.782370542193621,-1.637409749174738,-1.6503505432975958,-7.618957689510811,-0.21266204771711888
8.700000000000003,0.0,-1.0,0.0,-1.782370542193621,0.0,-1.715091881449631,-3.774673063278296,-0.0
8.700000000000003,1.0,-1.0,1.776555160908081,-1.782370542193621,1.637409749174738,-1.6503505432975958,-7.618957689510811,0.21266204771711888
8.8,-1.0,1.0,-1.776614547781616,1.782568861002476,-1.626556259350172,1.6252106024637438,-8.637596428413055,-0.19065217444089588
8.8,0.0,1.0,0.0,1.782568861002476,0.0,1.6955088682965207,-4.883962387685526,0.0
8.8,1.0,1.0,1.776614547781616,1.782568861002476,1.626556259350172,1.6252106024637438,-8.637596428413055,0.19065217444089588
8.8,-1.0,0.0,-1.776614547781616,0.0,-1.699382658456364,-0.0038893552780541185,-4.347138180405432,-0.21891947709820306
8.8,0.0,0.0,0.0,0.0,0.0,-3.853140029264068e-12,0.0,0.0
8.8,1.0,0.0,1.776614547781616,0.0,1.699382658456364,-0.0038893552780541185,-4.347138180405432,0.21891947709820306
8.8,-1.0,-1.0,-1.776614547781616,-1.782568861002476,-1.637524425442114,-1.6506796693862185,-7.613165092051602,-0.2150561389996305
8.8,0.0,-1.0,0.0,-1.782568861002476,0.0,-1.7153985502072273,-3.768174810227166,-0.0
8.8,1.0,-1.0,1.776614547781616,-1.782568861002476,1.637524425442114,-1.6506796693862185,-7.613165092051602,0.2150561389996305
8.900000000000002,-1.0,1.0,-1.7766746410108696,1.7827695093388396,-1.626549921534436,1.6252573362456662,-8.643165257035035,-0.19274537779390544
8.900000000000002,0.0,1.0,0.0,1.7827695093388396,0.0,1.6955952626257609,-4.889821497194457,0.0
8.900000000000002,1.0,1.0,1.7766746410108696,1.7827695093388396,1.626549921534436,1.6252573362456662,-8.643165257035035,0.19274537779390544
8.900000000000002,-1.0,0.0,-1.7766746410108696,0.0,-1.699441977166056,-0.003932662177188906,-4.347034739060084,-0.22134959808687033
8.900000000000002,0.0,0.0,0.0,0.0,0.0,-4.084066418386101e-12,0.0,0.0
8.900000000000002,1.0,0.0,1.7766746410108696,0.0,1.699441977166056,-0.003932662177188906,-4.347034739060084,0.22134959808687033
8.900000000000002,-1.0,-1.0,-1.7766746410108696,-1.7827695093388396,-1.63763964901336,-1.6510108085202033,-7.607379921993661,-0.21744830488678413
8.900000000000002,0.0,-1.0,0.0,-1.7827695093388396,0.0,-1.7157073524289217,-3.7616840852740787,-0.0
8.900000000000002,1.0,-1.0,1.7766746410108696,-1.7827695093388396,1.63763964901336,-1.6510108085202033,-7.607379921993661,0.21744830488678413
9.0,-1.0,1.0,-1.776735440023158,1.7829724859239215,-1.626544234372842,1.62530625245572,-8.648731793486247,-0.1948362784355833
9.0,0.0,1.0,0.0,1.7829724859239215,0.0,1.695683912400074,-4.8956769783587175,0.0
9.0,1.0,1.0,1.776735440023158,1.7829724859239215,1.626544234372842,1.62530625245572,-8.648731793486247,0.1948362784355833
9.0,-1.0,0.0,-1.776735440023158,0.0,-1.699501948978072,-0.003975938799392953,-4.346932542983403,-0.22377776172130218
9.0,0.0,0.0,0.0,0.0,0.0,-4.326983216174085e-12,0.0,0.0
9.0,1.0,0.0,1.776735440023158,0.0,1.699501948978072,-0.003975938799392953,-4.346932542983403,0.22377776172130218
9.0,-1.0,-1.0,-1.776735440023158,-1.7829724859239215,-1.637755418736762,-1.6513439584007625,-7.601602238425956,-0.21983851896947718
9.0,0.0,-1.0,0.0,-1.7829724859239215,0.0,-1.7160182860483042,-3.755200958186533,-0.0
9.0,1.0,-1.0,1.776735440023158,-1.7829724859239215,1.637755418736762,-1.6513439584007625,-7.601602238425956,0.21983851896947718
9.100000000000001,-1.0,1.0,-1.7767969442388791,1.783177789462358,-1.626539197892285,1.6253573507991348,-8.654295985963625,-0.19692485506194196
9.100000000000001,0.0,1.0,0.0,1.783177789462358,0.0,1.69577481702051,-4.901528773987287,0.0
9.100000000000001,1.0,1.0,1.7767969442388791,1.783177789462358,1.626539197892285,1.6253573507991348,-8.654295985963625,0.19692485506194196
9.100000000000001,-1.0,0.0,-1.7767969442388791,0.0,-1.699562573312709,-0.004019184799165965,-4.3468315935929684,-0.2262039459375393
9.100000000000001,0.0,0.0,0.0,0.0,0.0,-4.596101277343223e-12,0.0,0.0
9.100000000000001,1.0,0.0,1.7767969442388791,0.0,1.699562573312709,-0.004019184799165965,-4.3468315935929684,0.2262039459375393
9.100000000000001,-1.0,-1.0,-1.7767969442388791,-1.783177789462358,-1.637871733454095,-1.651679116712295,-7.595832100427143,-0.22222675485844218
9.100000000000001,0.0,-1.0,0.0,-1.783177789462358,0.0,-1.7163313489816627,-3.748725498698026,-0.0
9.100000000000001,1.0,-1.0,1.7767969442388791,-1.783177789462358,1.637871733454095,-1.651679116712295,-7.595832100427143,0.22222675485844218
9.200000000000003,-1.0,1.0,-1.776859153071508,1.7833854186439968,-1.626534812113503,1.6254106309673837,-8.659857782693749,-0.1990110864236378
9.200000000000003,0.0,1.0,0.0,1.7833854186439968,0.0,1.6958679758737931,-4.907376826975958,0.0
9.200000000000003,1.0,1.0,1.776859153071508,1.7833854186439968,1.626534812113503,1.6254106309673837,-8.659857782693749,0.1990110864236378
9.200000000000003,-1.0,0.0,-1.776859153071508,0.0,-1.699623849583734,-0.004062399830815133,-4.3467318922979326,-0.22862812867259635
9.200000000000003,0.0,0.0,0.0,0.0,0.0,-4.846123502488808e-12,0.0,0.0
9.200000000000003,1.0,0.0,1.776859153071508,0.0,1.699623849583734,-0.004062399830815133,-4.3467318922979326,0.22862812867259635
9.200000000000003,-1.0,-1.0,-1.776859153071508,-1.7833854186439968,-1.637988592000634,-1.652016281122189,-7.590069567116522,-0.22461298613256953
9.200000000000003,0.0,-1.0,0.0,-1.7833854186439968,0.0,-1.7166465391278742,-3.7422577766093714,-0.0
9.200000000000003,1.0,-1.0,1.776859153071508,-1.7833854186439968,1.637988592000634,-1.652016281122189,-7.590069567116522,0.22461298613256953
9.3,-1.0,1.0,-1.776922065927583,1.783595372141118,-1.626531077051053,1.6254660926378701,-8.665417131870889,-0.2010949512639294
9.3,0.0,1.0,0.0,1.783595372141118,0.0,1.695963388332201,-4.9132210801668075,0.0
9.3,1.0,1.0,1.776922065927583,1.783595372141118,1.626531077051053,1.6254660926378701,-8.665417131870889,0.2010949512639294
9.3,-1.0,0.0,-1.776922065927583,0.0,-1.699685777198376,-0.004105583548511982,-4.34663344049861,-0.2310502878677911
9.3,0.0,0.0,0.0,0.0,0.0,-5.120126544966297e-12,0.0,0.0
9.3,1.0,0.0,1.776922065927583,0.0,1.699685777198376,-0.004105583548511982,-4.34663344049861,0.2310502878677911
9.3,-1.0,-1.0,-1.776922065927583,-1.783595372141118,-1.638105993205135,-1.6523554492810373,-7.584314697575496,-0.22699718641790365
9.3,0.0,-1.0,0.0,-1.783595372141118,0.0,-1.7169638543685029,-3.7357978616319953,-0.0
9.3,1.0,-1.0,1.776922065927583,-1.783595372141118,1.638105993205135,-1.6523554492810373,-7.584314697575496,0.22699718641790365
9.400000000000002,-1.0,1.0,-1.7769856822067212,1.7838076486113597,-1.626527992713334,1.6255237354742191,-8.670973981724424,-0.20317642838606045
9.400000000000002,0.0,1.0,0.0,1.7838076486113597,0.0,1.6960610537537302,-4.9190614764959415,0.0
9.400000000000002,1.0,1.0,1.7769856822067212,1.7838076486113597,1.626527992713334,1.6255237354742191,-8.670973981724424,0.20317642838606045
9.400000000000002,-1.0,0.0,-1.7769856822067212,0.0,-1.699748355557329,-0.004148735606197995,-4.346536239587269,-0.23347040146355905
9.400000000000002,0.0,0.0,0.0,0.0,0.0,-5.387912338505885e-12,0.0,0.0
9.400000000000002,1.0,0.0,1.7769856822067212,0.0,1.699748355557329,-0.004148735606197995,-4.346536239587269,0.23347040146355905
9.400000000000002,-1.0,-1.0,-1.7769856822067212,-1.7838076486113597,-1.638223935889854,-1.6526966188223693,-7.5785675509304085,-0.22937932930461738
9.400000000000002,0.0,-1.0,0.0,-1.7838076486113597,0.0,-1.7172832925676316,-3.7293458235541985,-0.0
9.400000000000002,1.0,-1.0,1.7769856822067212,-1.7838076486113597,1.638223935889854,-1.6526966188223693,-7.5785675509304085,0.22937932930461738
9.5,-1.0,1.0,-1.7770500013015955,1.784022246695578,-1.626525559102574,1.6255835591261072,-8.676528280468782,-0.20525549660408027
9.5,0.0,1.0,0.0,1.784022246695578,0.0,1.696160971481875,-4.924897958892739,0.0
9.5,1.0,1.0,1.7770500013015955,1.784022246695578,1.626525559102574,1.6255835591261072,-8.676528280468782,0.20525549660408027
9.5,-1.0,0.0,-1.7770500013015955,0.0,-1.699811584054742,-0.004191855657708965,-4.346440290947377,-0.23588844740658121
9.5,0.0,0.0,0.0,0.0,0.0,-5.659028801119348e-12,0.0,0.0
9.5,1.0,0.0,1.7770500013015955,0.0,1.699811584054742,-0.004191855657708965,-4.346440290947377,0.23588844740658121
9.5,-1.0,-1.0,-1.7770500013015955,-1.784022246695578,-1.638342418870535,-1.653039787362724,-7.572828186294219,-0.23175938840503282
9.5,0.0,-1.0,0.0,-1.784022246695578,0.0,-1.7176048515718716,-3.722901732123955,-0.0
9.5,1.0,-1.0,1.7770500013015955,-1.784022246695578,1.638342418870535,-1.653039787362724,-7.572828186294219,0.23175938840503282
9.600000000000001,-1.0,1.0,-1.7771150225979615,1.7842391650186018,-1.626523776214825,1.6256455632292108,-8.682079976325625,-0.20733213476328755
9.600000000000001,0.0,1.0,0.0,1.7842391650186018,0.0,1.696263140845752,-4.930730470314083,0.0
9.600000000000001,1.0,1.0,1.7771150225979615,1.7842391650186018,1.626523776214825,1.6256455632292108,-8.682079976325625,0.20733213476328755
9.600000000000001,-1.0,0.0,-1.7771150225979615,0.0,-1.699875462078215,-0.004234943356699938,-4.346345595955295,-0.23830440364568417
9.600000000000001,0.0,0.0,0.0,0.0,0.0,-5.937028646485487e-12,0.0,0.0
9.600000000000001,1.0,0.0,1.7771150225979615,0.0,1.699875462078215,-0.004234943356699938,-4.346345595955295,0.23830440364568417
9.600000000000001,-1.0,-1.0,-1.7771150225979615,-1.7842391650186018,-1.638461440956399,-1.6533849525015831,-7.567096662788451,-0.23413733733372408
9.600000000000001,0.0,-1.0,0.0,-1.7842391650186018,0.0,-1.7179285292102926,-3.716465657092438,-0.0
9.600000000000001,1.0,-1.0,1.7771150225979615,-1.7842391650186018,1.638461440956399,-1.6533849525015831,-7.567096662788451,0.23413733733372408
9.700000000000003,-1.0,1.0,-1.7771807454746154,1.7844584021892196,-1.626522644039989,1.6257097474053679,-8.687629017517686,-0.20940632173767704
9.700000000000003,0.0,1.0,0.0,1.7844584021892196,0.0,1.696367561160093,-4.936558953744982,0.0
9.700000000000003,1.0,1.0,1.7771807454746154,1.7844584021892196,1.626522644039989,1.6257097474053679,-8.687629017517686,0.20940632173767704
9.700000000000003,-1.0,0.0,-1.7771807454746154,0.0,-1.699939989008817,-0.004277998356573942,-4.346252155976991,-0.24071824812796158
9.700000000000003,0.0,0.0,0.0,0.0,0.0,-6.20503648463e-12,0.0,0.0
9.700000000000003,1.0,0.0,1.7771807454746154,0.0,1.699939989008817,-0.004277998356573942,-4.346252155976991,0.24071824812796158
9.700000000000003,-1.0,-1.0,-1.7771807454746154,-1.7844584021892196,-1.63858100095017,-1.653732111821299,-7.561373039542526,-0.2365131497046446
9.700000000000003,0.0,-1.0,0.0,-1.7844584021892196,0.0,-1.7182543232944352,-3.710037668211461,-0.0
9.700000000000003,1.0,-1.0,1.7771807454746154,-1.7844584021892196,1.63858100095017,-1.653732111821299,-7.561373039542526,0.2365131497046446
9.8,-1.0,1.0,-1.7772471693034353,1.7846799567995797,-1.626522162561786,1.6257761112623648,-8.69317535226174,-0.21147803641918236
9.8,0.0,1.0,0.0,1.7846799567995797,0.0,1.696474231725095,-4.942383352176029,0.0
9.8,1.0,1.0,1.7772471693034353,1.7846799567995797,1.626522162561786,1.6257761112623648,-8.69317535226174,0.21147803641918236
9.8,-1.0,0.0,-1.7772471693034353,0.0,-1.70000516422106,-0.004321020310654067,-4.346159972371712,-0.24312995880857832
9.8,0.0,0.0,0.0,0.0,0.0,-6.475042724218838e-12,0.0,0.0
9.8,1.0,0.0,1.7772471693034353,0.0,1.70000516422106,-0.004321020310654067,-4.346159972371712,0.24312995880857832
9.8,-1.0,-1.0,-1.7772471693034353,-1.7846799567995797,-1.638701097648034,-1.6540812628871355,-7.555657375678851,-0.23888679915070066
9.8,0.0,-1.0,0.0,-1.7846799567995797,0.0,-1.7185822316181913,-3.7036178352066935,-0.0
9.8,1.0,-1.0,1.7772471693034353,-1.7846799567995797,1.638701097648034,-1.6540812628871355,-7.555657375678851,0.23888679915070066
9.900000000000002,-1.0,1.0,-1.7773142934493458,1.7849038274261408,-1.626522331757778,1.6258446543940719,-8.698718928788207,-0.21354725774022135
9.900000000000002,0.0,1.0,0.0,1.7849038274261408,0.0,1.696583151826583,-4.948203608645828,0.0
9.900000000000002,1.0,1.0,1.7773142934493458,1.7849038274261408,1.626522331757778,1.6258446543940719,-8.698718928788207,0.21354725774022135
9.900000000000002,-1.0,0.0,-1.7773142934493458,0.0,-1.70007098708291,-0.004364008872014047,-4.346069046489508,-0.24553951364136836
9.900000000000002,0.0,0.0,0.0,0.0,0.0,-6.747047365252001e-12,0.0,0.0
9.900000000000002,1.0,0.0,1.7773142934493458,0.0,1.70007098708291,-0.004364008872014047,-4.346069046489508,0.24553951364136836
9.900000000000002,-1.0,-1.0,-1.7773142934493458,-1.7849038274261408,-1.638821729839681,-1.6544324032471223,-7.5499497303389065,-0.24125825929348257
9.900000000000002,0.0,-1.0,0.0,-1.7849038274261408,0.0,-1.7189122519578228,-3.6972062278267903,-0.0
9.900000000000002,1.0,-1.0,1.7773142934493458,-1.7849038274261408,1.638821729839681,-1.6544324032471223,-7.5499497303389065,0.24125825929348257
10.0,-1.0,1.0,-1.777382117270333,1.7851300126292369,-1.626523151599359,1.625915376380326,-8.704259695334372,-0.2156139646657609
10.0,0.0,1.0,0.0,1.7851300126292369,0.0,1.6966943207358427,-4.954019666228191,0.0
10.0,1.0,1.0,1.777382117270333,1.7851300126292369,1.626523151599359,1.625915376380326,-8.704259695334372,0.2156139646657609
10.0,-1.0,0.0,-1.777382117270333,0.0,-1.700137456955787,-0.004406963693594168,-4.345979379671985,-0.24794689058548047
10.0,0.0,0.0,0.0,0.0,0.0,-7.015055203396514e-12,0.0,0.0
10.0,1.0,0.0,1.777382117270333,0.0,1.700137456955787,-0.004406963693594168,-4.345979379671985,0.24794689058548047
10.0,-1.0,-1.0,-1.777382117270333,-1.7851300126292369,-1.638942896308271,-1.6547855304321015,-7.544250162671512,-0.24362750375783315
10.0,0.0,-1.0,0.0,-1.7851300126292369,0.0,-1.7192443820718561,-3.6908029158246447,-0.0
10.0,1.0,-1.0,1.777382117270333,-1.7851300126292369,1.638942896308271,-1.6547855304321015,-7.544250162671512,0.24362750375783315
10.100000000000001,-1.0,1.0,-1.7774506401174317,1.7853585109525971,-1.626524622051759,1.6259882767870288,-8.70979760012935,-0.21767813617925197
10.100000000000001,0.0,1.0,0.0,1.7853585109525971,0.0,1.6968077377097237,-4.959831468001696,0.0
10.100000000000001,1.0,1.0,1.7774506401174317,1.7853585109525971,1.626524622051759,1.6259882767870288,-8.70979760012935,0.21767813617925197
10.100000000000001,-1.0,0.0,-1.7774506401174317,0.0,-1.700204573194559,-0.004449884428097128,-4.345890973251964,-0.25035206759964573
10.100000000000001,0.0,0.0,0.0,0.0,0.0,-7.254197242900773e-12,0.0,0.0
10.100000000000001,1.0,0.0,1.7774506401174317,0.0,1.700204573194559,-0.004449884428097128,-4.345890973251964,0.25035206759964573
10.100000000000001,-1.0,-1.0,-1.7774506401174317,-1.7853585109525971,-1.639064595830451,-1.6551406419556076,-7.538558731822471,-0.24599450618073454
10.100000000000001,0.0,-1.0,0.0,-1.7853585109525971,0.0,-1.719578619701095,-3.684407968929704,-0.0
10.100000000000001,1.0,-1.0,1.7774506401174317,-1.7853585109525971,1.639064595830451,-1.6551406419556076,-7.538558731822471,0.24599450618073454
10.200000000000003,-1.0,1.0,-1.7775198613347376,1.7855893209232798,-1.626526743074044,1.6260633551659769,-8.715332591397965,-0.2197397512859167
10.200000000000003,0.0,1.0,0.0,1.7855893209232798,0.0,1.696923401990488,-4.965638957055653,0.0
10.200000000000003,1.0,1.0,1.7775198613347376,1.7855893209232798,1.626526743074044,1.6260633551659769,-8.715332591397965,0.2197397512859167
10.200000000000003,-1.0,0.0,-1.7775198613347376,0.0,-1.700272335147527,-0.00449277072812615,-4.345803828554999,-0.2527550226500723
10.200000000000003,0.0,0.0,0.0,0.0,0.0,-7.511102850799034e-12,0.0,0.0
10.200000000000003,1.0,0.0,1.7775198613347376,0.0,1.700272335147527,-0.00449277072812615,-4.345803828554999,0.2527550226500723
10.200000000000003,-1.0,-1.0,-1.7775198613347376,-1.7855893209232798,-1.639186827176341,-1.6554977353138938,-7.5328754969323,-0.24835924021510616
10.200000000000003,0.0,-1.0,0.0,-1.7855893209232798,0.0,-1.7199149625685601,-3.678021456846597,-0.0
10.200000000000003,1.0,-1.0,1.7775198613347376,-1.7855893209232798,1.639186827176341,-1.6554977353138938,-7.5328754969323,0.24835924021510616
10.3,-1.0,1.0,-1.777589780259388,1.7858224410529422,-1.62652951461912,1.626140611055028,-8.7208646173886,-0.22179878904160988
10.3,0.0,1.0,0.0,1.7858224410529422,0.0,1.697041312805945,-4.971442076551062,0.0
10.3,1.0,1.0,1.777589780259388,1.7858224410529422,1.62652951461912,1.626140611055028,-8.7208646173886,0.22179878904160988
10.3,-1.0,0.0,-1.777589780259388,0.0,-1.700340742156459,-0.004535622246014004,-4.345717946896436,-0.25515573370095324
10.3,0.0,0.0,0.0,0.0,0.0,-7.744915819785092e-12,0.0,0.0
10.3,1.0,0.0,1.777589780259388,0.0,1.700340742156459,-0.004535622246014004,-4.345717946896436,0.25515573370095324
10.3,-1.0,-1.0,-1.777589780259388,-1.7858224410529422,-1.639309589109545,-1.6558568079858484,-7.5272005171702085,-0.250721679494276
10.3,0.0,-1.0,0.0,-1.7858224410529422,0.0,-1.7202534083794003,-3.671643449327559,-0.0
10.3,1.0,-1.0,1.777589780259388,-1.7858224410529422,1.639309589109545,-1.6558568079858484,-7.5272005171702085,0.250721679494276
10.400000000000002,-1.0,1.0,-1.7776603962215676,1.786057869836002,-1.626532936633714,1.626220043977937,-8.726393626331722,-0.2238552285103542
10.400000000000002,0.0,1.0,0.0,1.786057869836002,0.0,1.697161469369344,-4.977240769629738,0.0
10.400000000000002,1.0,1.0,1.7776603962215676,1.786057869836002,1.626532936633714,1.626220043977937,-8.726393626331722,0.2238552285103542
10.400000000000002,-1.0,0.0,-1.7776603962215676,0.0,-1.700409793556543,-0.0045784386339629,-4.345633329584291,-0.2575541787224608
10.400000000000002,0.0,0.0,0.0,0.0,0.0,-7.9809492348204e-12,0.0,0.0
10.400000000000002,1.0,0.0,1.7776603962215676,0.0,1.700409793556543,-0.0045784386339629,-4.345633329584291,0.2575541787224608
10.400000000000002,-1.0,-1.0,-1.7776603962215676,-1.786057869836002,-1.639432880387141,-1.6562178574329542,-7.521533851687508,-0.253081797679611
10.400000000000002,0.0,-1.0,0.0,-1.786057869836002,0.0,-1.7205939548209015,-3.665274016071572,-0.0
10.400000000000002,1.0,-1.0,1.7776603962215676,-1.786057869836002,1.639432880387141,-1.6562178574329542,-7.521533851687508,0.253081797679611
10.5,-1.0,1.0,-1.7777317085445132,1.7862956057507606,-1.626537009058405,1.626301653444404,-8.731919566467162,-0.22590904879291304
10.5,0.0,1.0,0.0,1.7862956057507606,0.0,1.6972838708793507,-4.983034979476381,0.0
10.5,1.0,1.0,1.7777317085445132,1.7862956057507606,1.626537009058405,1.626301653444404,-8.731919566467162,0.22590904879291304
10.5,-1.0,0.0,-1.7777317085445132,0.0,-1.700479488676424,-0.004621219543976984,-4.345549977917538,-0.2599503356870721
10.5,0.0,0.0,0.0,0.0,0.0,-8.196110456992756e-12,0.0,0.0
10.5,1.0,0.0,1.7777317085445132,0.0,1.700479488676424,-0.004621219543976984,-4.345549977917538,0.2599503356870721
10.5,-1.0,-1.0,-1.7777317085445132,-1.7862956057507606,-1.639556699759684,-1.6565808810992868,-7.515875559646343,-0.2554395684319595
10.5,0.0,-1.0,0.0,-1.7862956057507606,0.0,-1.7209365995624384,-3.6589132267865914,-0.0
10.5,1.0,-1.0,1.7777317085445132,-1.7862956057507606,1.639556699759684,-1.6565808810992868,-7.515875559646343,0.2554395684319595
10.600000000000001,-1.0,1.0,-1.777803716544497,1.7865356472598615,-1.626541731827604,1.6263854389501031,-8.737442386055685,-0.22796022903800242
10.600000000000001,0.0,1.0,0.0,1.7865356472598615,0.0,1.697408516520113,-4.988824649340149,0.0
10.600000000000001,1.0,1.0,1.777803716544497,1.7865356472598615,1.626541731827604,1.6263854389501031,-8.737442386055685,0.22796022903800242
10.600000000000001,-1.0,0.0,-1.777803716544497,0.0,-1.70054982683817,-0.004663964627823924,-4.345467893187041,-0.26234418256753533
10.600000000000001,0.0,0.0,0.0,0.0,0.0,-8.380851568290382e-12,0.0,0.0
10.600000000000001,1.0,0.0,1.777803716544497,0.0,1.70054982683817,-0.004663964627823924,-4.345467893187041,0.26234418256753533
10.600000000000001,-1.0,-1.0,-1.777803716544497,-1.7865356472598615,-1.639681045971201,-1.656945876411354,-7.510225700235275,-0.25779496539558566
10.600000000000001,0.0,-1.0,0.0,-1.7865356472598615,0.0,-1.7212813402553633,-3.652561151219312,-0.0
10.600000000000001,1.0,-1.0,1.777803716544497,-1.7865356472598615,1.639681045971201,-1.656945876411354,-7.510225700235275,0.25779496539558566
10.700000000000003,-1.0,1.0,-1.7778764195308323,1.7867779928074023,-1.62654710486956,1.626471399976515,-8.742962033309922,-0.23000874837398314
10.700000000000003,0.0,1.0,0.0,1.7867779928074023,0.0,1.6975354054610672,-4.994609722392896,0.0
10.700000000000003,1.0,1.0,1.7778764195308323,1.7867779928074023,1.62654710486956,1.626471399976515,-8.742962033309922,0.23000874837398314
10.700000000000003,-1.0,0.0,-1.7778764195308323,0.0,-1.700620807357301,-0.004706673537206996,-4.345387076674228,-0.2647356973466722
10.700000000000003,0.0,0.0,0.0,0.0,0.0,-8.566924947217558e-12,0.0,0.0
10.700000000000003,1.0,0.0,1.7778764195308323,0.0,1.700620807357301,-0.004706673537206996,-4.345387076674228,0.2647356973466722
10.700000000000003,-1.0,-1.0,-1.7778764195308323,-1.7867779928074023,-1.639805917759194,-1.6573128407782833,-7.50458433258872,-0.26014796227900994
10.700000000000003,0.0,-1.0,0.0,-1.7867779928074023,0.0,-1.7216281745330753,-3.6462178589945062,-0.0
10.700000000000003,1.0,-1.0,1.7778764195308323,-1.7867779928074023,1.639805917759194,-1.6573128407782833,-7.50458433258872,0.26014796227900994
10.8,-1.0,1.0,-1.7779498168058754,1.7870226408231193,-1.626553128106352,1.626559535991111,-8.748478456497566,-0.23205458601053708
10.8,0.0,1.0,0.0,1.7870226408231193,0.0,1.69766453685718,-5.0003901419391115,0.0
10.8,1.0,1.0,1.7779498168058754,1.7870226408231193,1.626553128106352,1.626559535991111,-8.748478456497566,0.23205458601053708
10.8,-1.0,0.0,-1.7779498168058754,0.0,-1.700692429542764,-0.004749345923483972,-4.345307529652666,-0.26712485800168834
10.8,0.0,0.0,0.0,0.0,0.0,-8.723910482899555e-12,0.0,0.0
10.8,1.0,0.0,1.7779498168058754,0.0,1.700692429542764,-0.004749345923483972,-4.345307529652666,0.26712485800168834
10.8,-1.0,-1.0,-1.7779498168058754,-1.7870226408231193,-1.639931313854646,-1.6576817715914662,-7.498951515904835,-0.2624985327369555
10.8,0.0,-1.0,0.0,-1.7870226408231193,0.0,-1.7219771000108248,-3.6398834198504577,-0.0
10.8,1.0,-1.0,1.7779498168058754,-1.7870226408231193,1.639931313854646,-1.6576817715914662,-7.498951515904835,0.2624985327369555
10.900000000000002,-1.0,1.0,-1.7780239076650117,1.7872695897190782,-1.626559801453906,1.626649846447192,-8.753991603860463,-0.23409772116017302
10.900000000000002,0.0,1.0,0.0,1.7872695897190782,0.0,1.697795909848673,-5.006165851256307,0.0
10.900000000000002,1.0,1.0,1.7780239076650117,1.7872695897190782,1.626559801453906,1.626649846447192,-8.753991603860463,0.23409772116017302
10.900000000000002,-1.0,0.0,-1.7780239076650117,0.0,-1.700764692696938,-0.004791981437952897,-4.345229253386943,-0.2695116425203732
10.900000000000002,0.0,0.0,0.0,0.0,0.0,-8.874012635828876e-12,0.0,0.0
10.900000000000002,1.0,0.0,1.7780239076650117,0.0,1.700764692696938,-0.004791981437952897,-4.345229253386943,0.2695116425203732
10.900000000000002,-1.0,-1.0,-1.7780239076650117,-1.7872695897190782,-1.640057232982004,-1.658052666224821,-7.493327309351977,-0.26484665046431094
10.900000000000002,0.0,-1.0,0.0,-1.7872695897190782,0.0,-1.7223281142858442,-3.63355790345213,-0.0
10.900000000000002,1.0,-1.0,1.7780239076650117,-1.7872695897190782,1.640057232982004,-1.658052666224821,-7.493327309351977,0.26484665046431094
11.0,-1.0,1.0,-1.7780986913966668,1.7875188378913576,-1.626567124821982,1.6267423307839348,-8.759501423657715,-0.2361381330797454
11.0,0.0,1.0,0.0,1.7875188378913576,0.0,1.697929523561198,-5.011936793675608,0.0
11.0,1.0,1.0,1.7780986913966668,1.7875188378913576,1.626567124821982,1.6267423307839348,-8.759501423657715,0.2361381330797454
11.0,-1.0,0.0,-1.7780986913966668,0.0,-1.700837596115637,-0.004834579731624045,-4.3451522491331716,-0.2718960288883944
11.0,0.0,0.0,0.0,0.0,0.0,-8.993028544068693e-12,0.0,0.0
11.0,1.0,0.0,1.7780986913966668,0.0,1.700837596115637,-0.004834579731624045,-4.3451522491331716,0.2718960288883944
11.0,-1.0,-1.0,-1.7780986913966668,-1.7875188378913576,-1.640183673859183,-1.6584255220345026,-7.487711772120143,-0.2671922891450713
11.0,0.0,-1.0,0.0,-1.7875188378913576,0.0,-1.7226812149371105,-3.6272413794940848,-0.0
11.0,1.0,-1.0,1.7780986913966668,-1.7875188378913576,1.640183673859183,-1.6584255220345026,-7.487711772120143,0.2671922891450713
11.100000000000001,-1.0,1.0,-1.7781741672822893,1.787770383718561,-1.626575098114177,1.6268369884263199,-8.765007864129432,-0.23817580103558003
11.100000000000001,0.0,1.0,0.0,1.787770383718561,0.0,1.6980653771056722,-5.017702912512875,0.0
11.100000000000001,1.0,1.0,1.7781741672822893,1.787770383718561,1.626575098114177,1.6268369884263199,-8.765007864129432,0.23817580103558003
11.100000000000001,-1.0,0.0,-1.7781741672822893,0.0,-1.700911139088098,-0.004877140455380902,-4.3450765181387085,-0.274277995098477
11.100000000000001,0.0,0.0,0.0,0.0,0.0,-9.080070029199305e-12,0.0,0.0
11.100000000000001,1.0,0.0,1.7781741672822893,0.0,1.700911139088098,-0.004877140455380902,-4.3450765181387085,0.274277995098477
11.100000000000001,-1.0,-1.0,-1.7781741672822893,-1.787770383718561,-1.640310635197576,-1.6588003363590313,-7.482104963377606,-0.26953542249446044
11.100000000000001,0.0,-1.0,0.0,-1.787770383718561,0.0,-1.7230363995254596,-3.6209339176127724,-0.0
11.100000000000001,1.0,-1.0,1.7781741672822893,-1.787770383718561,1.640310635197576,-1.6588003363590313,-7.482104963377606,0.26953542249446044
11.200000000000003,-1.0,1.0,-1.7782503345963647,1.7880242255634826,-1.626583721227929,1.6269338187851983,-8.770510873538424,-0.2402107043442507
11.200000000000003,0.0,1.0,0.0,1.7880242255634826,0.0,1.6982034695783639,-5.023464151153342,0.0
11.200000000000003,1.0,1.0,1.7782503345963647,1.7880242255634826,1.626583721227929,1.6269338187851983,-8.770510873538424,0.2402107043442507
11.200000000000003,-1.0,0.0,-1.7782503345963647,0.0,-1.700985320896987,-0.004919663259870921,-4.3450020616425595,-0.27665751914437897
11.200000000000003,0.0,0.0,0.0,0.0,0.0,-9.132028466751763e-12,0.0,0.0
11.200000000000003,1.0,0.0,1.7782503345963647,0.0,1.700985320896987,-0.004919663259870921,-4.3450020616425595,0.27665751914437897
11.200000000000003,-1.0,-1.0,-1.7782503345963647,-1.7880242255634826,-1.640438115702037,-1.6591771065191472,-7.476506942318539,-0.2718760242130381
11.200000000000003,0.0,-1.0,0.0,-1.7880242255634826,0.0,-1.723393665593437,-3.614635587483597,-0.0
11.200000000000003,1.0,-1.0,1.7782503345963647,-1.7880242255634826,1.640438115702037,-1.6591771065191472,-7.476506942318539,0.2718760242130381
11.3,-1.0,1.0,-1.7783271926063904,1.7882803617716414,-1.626592994054506,1.627032821257155,-8.776010400136466,-0.24224282233998706
11.3,0.0,1.0,0.0,1.7882803617716414,0.0,1.6983438000608109,-5.0292204529792395,0.0
11.3,1.0,1.0,1.7783271926063904,1.7882803617716414,1.626592994054506,1.627032821257155,-8.776010400136466,0.24224282233998706
11.3,-1.0,0.0,-1.7783271926063904,0.0,-1.701060140818401,-0.004962147795579019,-4.34492888087392,-0.27903457902515055
11.3,0.0,0.0,0.0,0.0,0.0,-9.167999692749618e-12,0.0,0.0
11.3,1.0,0.0,1.7783271926063904,0.0,1.701060140818401,-0.004962147795579019,-4.34492888087392,0.27903457902515055
11.3,-1.0,-1.0,-1.7783271926063904,-1.7882803617716414,-1.6405661140709,-1.659555829817839,-7.47091776812249,-0.27421406802497245
11.3,0.0,-1.0,0.0,-1.7882803617716414,0.0,-1.723753010665331,-3.6083464587389145,-0.0
11.3,1.0,-1.0,1.7783271926063904,-1.7882803617716414,1.6405661140709,-1.659555829817839,-7.47091776812249,0.27421406802497245
11.400000000000002,-1.0,1.0,-1.7784047405729035,1.7885387906719563,-1.626602916479024,1.6271339952246477,-8.781506392178501,-0.24427213438821693
11.400000000000002,0.0,1.0,0.0,1.7885387906719563,0.0,1.698486367619826,-5.034971761406272,0.0
11.400000000000002,1.0,1.0,1.7784047405729035,1.7885387906719563,1.626602916479024,1.6271339952246477,-8.781506392178501,0.24427213438821693
11.400000000000002,-1.0,0.0,-1.7784047405729035,0.0,-1.701135598121851,-0.005004593712763183,-4.344856977054656,-0.2814091527416296
11.400000000000002,0.0,0.0,0.0,0.0,0.0,-9.177103521551544e-12,0.0,0.0
11.400000000000002,1.0,0.0,1.7784047405729035,0.0,1.701135598121851,-0.005004593712763183,-4.344856977054656,0.2814091527416296
11.400000000000002,-1.0,-1.0,-1.7784047405729035,-1.7885387906719563,-1.640694628995956,-1.6599365035402096,-7.465337499976613,-0.2765495276587434
11.400000000000002,0.0,-1.0,0.0,-1.7885387906719563,0.0,-1.7241144322470272,-3.6020666010114764,-0.0
11.400000000000002,1.0,-1.0,1.7784047405729035,-1.7885387906719563,1.640694628995956,-1.6599365035402096,-7.465337499976613,0.2765495276587434
11.5,-1.0,1.0,-1.778482977749457,1.7887995105768173,-1.626613488380434,1.6272373400558569,-8.786998797928906,-0.24629861989235385
11.5,0.0,1.0,0.0,1.7887995105768173,0.0,1.698631171307471,-5.040718019889801,0.0
11.5,1.0,1.0,1.778482977749457,1.7887995105768173,1.626613488380434,1.6272373400558569,-8.786998797928906,0.24629861989235385
11.5,-1.0,0.0,-1.778482977749457,0.0,-1.701211692070276,-0.005047000661515089,-4.344786351397209,-0.2837812182999753
11.5,0.0,0.0,0.0,0.0,0.0,-9.15001407975069e-12,0.0,0.0
11.5,1.0,0.0,1.778482977749457,0.0,1.701211692070276,-0.005047000661515089,-4.344786351397209,0.2837812182999753
11.5,-1.0,-1.0,-1.778482977749457,-1.7887995105768173,-1.640823659162468,-1.6603191249535194,-7.4597661970747335,-0.2788823768460336
11.5,0.0,-1.0,0.0,-1.7887995105768173,0.0,-1.7244779278260365,-3.5957960839356247,-0.0
11.5,1.0,-1.0,1.778482977749457,-1.7887995105768173,1.640823659162468,-1.6603191249535194,-7.4597661970747335,0.2788823768460336
11.600000000000001,-1.0,1.0,-1.7785619033826174,1.7890625197818988,-1.626624709631525,1.627342855104713,-8.792487565656236,-0.2483222582889181
11.600000000000001,0.0,1.0,0.0,1.7890625197818988,0.0,1.6987782101610651,-5.04645917191536,0.0
11.600000000000001,1.0,1.0,1.7785619033826174,1.7890625197818988,1.626624709631525,1.627342855104713,-8.792487565656236,0.2483222582889181
11.600000000000001,-1.0,0.0,-1.7785619033826174,0.0,-1.701288421920028,-0.00508936829169615,-4.344717005105323,-0.2861507537081934
11.600000000000001,0.0,0.0,0.0,0.0,0.0,-9.090062036420932e-12,0.0,0.0
11.600000000000001,1.0,0.0,1.7785619033826174,0.0,1.701288421920028,-0.00508936829169615,-4.344717005105323,0.2861507537081934
11.600000000000001,-1.0,-1.0,-1.7785619033826174,-1.7890625197818988,-1.640953203249166,-1.6607036913070694,-7.4542039186153985,-0.28121258932399024
11.600000000000001,0.0,-1.0,0.0,-1.7890625197818988,0.0,-1.7248434948714386,-3.5895349771392553,-0.0
11.600000000000001,1.0,-1.0,1.7785619033826174,-1.7890625197818988,1.640953203249166,-1.6607036913070694,-7.4542039186153985,0.28121258932399024
11.700000000000003,-1.0,1.0,-1.778641516711971,1.7893278165652626,-1.626636580098921,1.627450539710882,-8.797972643611367,-0.25034302902540756
11.700000000000003,0.0,1.0,0.0,1.7893278165652626,0.0,1.698927483203086,-5.052195160957494,0.0
11.700000000000003,1.0,1.0,1.778641516711971,1.7893278165652626,1.626636580098921,1.627450539710882,-8.797972643611367,0.25034302902540756
11.700000000000003,-1.0,0.0,-1.778641516711971,0.0,-1.701365786920884,-0.005131696252993034,-4.3446489393736965,-0.28851773697937627
11.700000000000003,0.0,0.0,0.0,0.0,0.0,-8.989919919599743e-12,0.0,0.0
11.700000000000003,1.0,0.0,1.778641516711971,0.0,1.701365786920884,-0.005131696252993034,-4.3446489393736965,0.28851773697937627
11.700000000000003,-1.0,-1.0,-1.778641516711971,-1.7893278165652626,-1.641083259928247,-1.6610901998322494,-7.448650723776945,-0.28354013886059853
11.700000000000003,0.0,-1.0,0.0,-1.7893278165652626,0.0,-1.7252111308338254,-3.583283350197597,-0.0
11.700000000000003,1.0,-1.0,1.778641516711971,-1.7893278165652626,1.641083259928247,-1.6610901998322494,-7.448650723776945,0.28354013886059853
11.8,-1.0,1.0,-1.7787218169701173,1.7895953991886193,-1.626649099643094,1.6275603931997178,-8.803453980061175,-0.25236091159468427
11.8,0.0,1.0,0.0,1.7895953991886193,0.0,1.6990789894412128,-5.05792593054528,0.0
11.8,1.0,1.0,1.7787218169701173,1.7895953991886193,1.626649099643094,1.6275603931997178,-8.803453980061175,0.25236091159468427
11.8,-1.0,0.0,-1.7787218169701173,0.0,-1.701443786316022,-0.005173984194889014,-4.344582155389029,-0.290882146130214
11.8,0.0,0.0,0.0,0.0,0.0,-8.858025424274274e-12,0.0,0.0
11.8,1.0,0.0,1.7787218169701173,0.0,1.701443786316022,-0.005173984194889014,-4.344582155389029,0.290882146130214
11.8,-1.0,-1.0,-1.7787218169701173,-1.7895953991886193,-1.641213827865363,-1.6614786477423873,-7.443106671754138,-0.2858649992185161
11.8,0.0,-1.0,0.0,-1.7895953991886193,0.0,-1.7255808331452227,-3.577041272704436,-0.0
11.8,1.0,-1.0,1.7787218169701173,-1.7895953991886193,1.641213827865363,-1.6614786477423873,-7.443106671754138,0.2858649992185161
11.900000000000002,-1.0,1.0,-1.7788028033826666,1.7898652658968617,-1.626662268118343,1.6276724148822919,-8.808931523276705,-0.25437588552233237
11.900000000000002,0.0,1.0,0.0,1.7898652658968617,0.0,1.6992327278683141,-5.063651424239109,0.0
11.900000000000002,1.0,1.0,1.7788028033826666,1.7898652658968617,1.626662268118343,1.6276724148822919,-8.808931523276705,0.25437588552233237
11.900000000000002,-1.0,0.0,-1.7788028033826666,0.0,-1.701522419342052,-0.005216231766668855,-4.344516654328077,-0.2932439591813882
11.900000000000002,0.0,0.0,0.0,0.0,0.0,-8.69193605979035e-12,0.0,0.0
11.900000000000002,1.0,0.0,1.7788028033826666,0.0,1.701522419342052,-0.005216231766668855,-4.344516654328077,0.2932439591813882
11.900000000000002,-1.0,-1.0,-1.7788028033826666,-1.7898652658968617,-1.641344905719646,-1.661869032232791,-7.4375718217436395,-0.2881871441681265
11.900000000000002,0.0,-1.0,0.0,-1.7898652658968617,0.0,-1.7259525992190845,-3.5708088142462477,-0.0
11.900000000000002,1.0,-1.0,1.7788028033826666,-1.7898652658968617,1.641344905719646,-1.661869032232791,-7.4375718217436395,0.2881871441681265
12.0,-1.0,1.0,-1.7788844751682464,1.7901374149175808,-1.626676085372815,1.6277866040553601,-8.814405221521755,-0.2563879303561577
12.0,0.0,1.0,0.0,1.7901374149175808,0.0,1.699388697462368,-5.069371585610425,0.0
12.0,1.0,1.0,1.7788844751682464,1.7901374149175808,1.626676085372815,1.6277866040553601,-8.814405221521755,0.2563879303561577
12.0,-1.0,0.0,-1.7788844751682464,0.0,-1.701601685228983,-0.005258438617387062,-4.34445243735988,-0.2956031541559055
12.0,0.0,0.0,0.0,0.0,0.0,-8.484990488000221e-12,0.0,0.0
12.0,1.0,0.0,1.7788844751682464,0.0,1.701601685228983,-0.005258438617387062,-4.34445243735988,0.2956031541559055
12.0,-1.0,-1.0,-1.7788844751682464,-1.7901374149175808,-1.641476492143684,-1.662261350480616,-7.432046232935565,-0.2905065474979
12.0,0.0,-1.0,0.0,-1.7901374149175808,0.0,-1.7263264264502316,-3.5645860443784496,-0.0
12.0,1.0,-1.0,1.7788844751682464,-1.7901374149175808,1.641476492143684,-1.662261350480616,-7.432046232935565,0.2905065474979
12.100000000000001,-1.0,1.0,-1.7789668315384741,1.790411844461981,-1.626690551248486,1.627902960001267,-8.819875023079407,-0.25839702569276846
12.100000000000001,0.0,1.0,0.0,1.790411844461981,0.0,1.699546897186499,-5.075086358289079,0.0
12.100000000000001,1.0,1.0,1.7789668315384741,1.790411844461981,1.626690551248486,1.627902960001267,-8.819875023079407,0.25839702569276846
12.100000000000001,-1.0,0.0,-1.7789668315384741,0.0,-1.70168158320023,-0.005300604395949815,-4.344389505643942,-0.29795970908382713
12.100000000000001,0.0,0.0,0.0,0.0,0.0,-8.241851645607312e-12,0.0,0.0
12.100000000000001,1.0,0.0,1.7789668315384741,0.0,1.70168158320023,-0.005300604395949815,-4.344389505643942,0.29795970908382713
12.100000000000001,-1.0,-1.0,-1.7789668315384741,-1.790411844461981,-1.641608585783526,-1.6626555996449057,-7.4265299645347325,-0.29282318299143006
12.100000000000001,0.0,-1.0,0.0,-1.790411844461981,0.0,-1.7267023122148004,-3.5583730326764726,-0.0
12.100000000000001,1.0,-1.0,1.7789668315384741,-1.790411844461981,1.641608585783526,-1.6626555996449057,-7.4265299645347325,0.29282318299143006
12.200000000000003,-1.0,1.0,-1.7790498716979797,1.790688552723001,-1.626705665581181,1.6280214819880379,-8.825340876201627,-0.2604031511278083
12.200000000000003,0.0,1.0,0.0,1.790688552723001,0.0,1.6997073259889222,-5.080795685867803,0.0
12.200000000000003,1.0,1.0,1.7790498716979797,1.790688552723001,1.626705665581181,1.6280214819880379,-8.825340876201627,0.2604031511278083
12.200000000000003,-1.0,0.0,-1.7790498716979797,0.0,-1.701762112472631,-0.005342728750987957,-4.344327860330464,-0.3003136019952433
12.200000000000003,0.0,0.0,0.0,0.0,0.0,-7.966960424710123e-12,0.0,0.0
12.200000000000003,1.0,0.0,1.7790498716979797,0.0,1.701762112472631,-0.005342728750987957,-4.344327860330464,0.3003136019952433
12.200000000000003,-1.0,-1.0,-1.7790498716979797,-1.790688552723001,-1.641741185278697,-1.6630517768665067,-7.421023075714035,-0.29513702447464235
12.200000000000003,0.0,-1.0,0.0,-1.790688552723001,0.0,-1.7270802538701735,-3.552169848637378,-0.0
12.200000000000003,1.0,-1.0,1.7790498716979797,-1.790688552723001,1.641741185278697,-1.6630517768665067,-7.421023075714035,0.29513702447464235
12.300000000000004,-1.0,1.0,-1.7791335948443943,1.7909675378779166,-1.626721428200554,1.628142169269313,-8.830802729178764,-0.26240628632405477
12.300000000000004,0.0,1.0,0.0,1.7909675378779166,0.0,1.699869982802898,-5.08649951204355,0.0
12.300000000000004,1.0,1.0,1.7791335948443943,1.7909675378779166,1.626721428200554,1.628142169269313,-8.830802729178764,0.26240628632405477
12.300000000000004,-1.0,0.0,-1.7791335948443943,0.0,-1.701843272256411,-0.005384811331001993,-4.34426750256173,-0.30266481092854397
12.300000000000004,0.0,0.0,0.0,0.0,0.0,-7.644107569149128e-12,0.0,0.0
12.300000000000004,1.0,0.0,1.7791335948443943,0.0,1.701843272256411,-0.005384811331001993,-4.34426750256173,0.30266481092854397
12.300000000000004,-1.0,-1.0,-1.7791335948443943,-1.7909675378779166,-1.641874289262165,-1.6634498792679953,-7.415525625684137,-0.29744804574738176
12.300000000000004,0.0,-1.0,0.0,-1.7909675378779166,0.0,-1.7274602487549677,-3.545976561819623,-0.0
12.300000000000004,1.0,-1.0,1.7791335948443943,-1.7909675378779166,1.641874289262165,-1.6634498792679953,-7.415525625684137,0.29744804574738176
12.399999999999999,-1.0,1.0,-1.7792180001683555,1.7912487980857383,-1.626737838930103,1.628265021084253,-8.836260530275549,-0.26440641094879175
12.399999999999999,0.0,1.0,0.0,1.7912487980857383,0.0,1.7000348665467462,-5.092197780479749,0.0
12.399999999999999,1.0,1.0,1.7792180001683555,1.7912487980857383,1.626737838930103,1.628265021084253,-8.836260530275549,0.26440641094879175
12.399999999999999,-1.0,0.0,-1.7792180001683555,0.0,-1.70192506175521,-0.005426851784239961,-4.344208433470875,-0.30501331392367065
12.399999999999999,0.0,0.0,0.0,0.0,0.0,-7.301936832959655e-12,0.0,0.0
12.399999999999999,1.0,0.0,1.7792180001683555,0.0,1.70192506175521,-0.005426851784239961,-4.344208433470875,0.30501331392367065
12.399999999999999,-1.0,-1.0,-1.7792180001683555,-1.7912487980857383,-1.642007896360383,-1.663849903953715,-7.410037673623428,-0.2997562206515431
12.399999999999999,0.0,-1.0,0.0,-1.7912487980857383,0.0,-1.7278422941889857,-3.5397932417045315,-0.0
12.399999999999999,1.0,-1.0,1.7792180001683555,-1.7912487980857383,1.642007896360383,-1.663849903953715,-7.410037673623428,0.2997562206515431
12.5,-1.0,1.0,-1.7793030868534792,1.7915323314887566,-1.62675489758716,1.628390036657659,-8.84171422776745,-0.2664035047106425
12.5,0.0,1.0,0.0,1.7915323314887566,0.0,1.7002019761238711,-5.097890434887672,0.0
12.5,1.0,1.0,1.7793030868534792,1.7915323314887566,1.62675489758716,1.628390036657659,-8.84171422776745,0.2664035047106425
12.5,-1.0,0.0,-1.7793030868534792,0.0,-1.702007480166065,-0.005468849758760053,-4.34415065418134,-0.3073590890257584
12.5,0.0,0.0,0.0,0.0,0.0,-6.905143123958624e-12,0.0,0.0
12.5,1.0,0.0,1.7793030868534792,0.0,1.702007480166065,-0.005468849758760053,-4.34415065418134,0.3073590890257584
12.5,-1.0,-1.0,-1.7793030868534792,-1.7915323314887566,-1.642142005193253,-1.6642518480096504,-7.404559278721458,-0.3020615230283149
12.5,0.0,-1.0,0.0,-1.7915323314887566,0.0,-1.728226387473121,-3.533619957783771,-0.0
12.5,1.0,-1.0,1.7793030868534792,-1.7915323314887566,1.642142005193253,-1.6642518480096504,-7.404559278721458,0.3020615230283149
12.600000000000001,-1.0,1.0,-1.7793888540763925,1.79181813621216,-1.626772603982897,1.6285172151998029,-8.847163769936788,-0.26839754735438015
12.600000000000001,0.0,1.0,0.0,1.79181813621216,0.0,1.700371310422581,-5.103577419017212,0.0
12.600000000000001,1.0,1.0,1.7793888540763925,1.79181813621216,1.626772603982897,1.6285172151998029,-8.847163769936788,0.26839754735438015
12.600000000000001,-1.0,0.0,-1.7793888540763925,0.0,-1.702090526679409,-0.005510804902437938,-4.344094165808731,-0.30970211428565847
12.600000000000001,0.0,0.0,0.0,0.0,0.0,-6.503908522859092e-12,0.0,0.0
12.600000000000001,1.0,0.0,1.7793888540763925,0.0,1.702090526679409,-0.005510804902437938,-4.344094165808731,0.30970211428565847
12.600000000000001,-1.0,-1.0,-1.7793888540763925,-1.79181813621216,-1.642276614374135,-1.6646557085034028,-7.3990905001698515,-0.3043639267285665
12.600000000000001,0.0,-1.0,0.0,-1.79181813621216,0.0,-1.728612525889366,-3.52745677953725,-0.0
12.600000000000001,1.0,-1.0,1.7793888540763925,-1.79181813621216,1.642276614374135,-1.6646557085034028,-7.3990905001698515,0.3043639267285665
12.700000000000003,-1.0,1.0,-1.7794753010067046,1.7921062103640395,-1.626790957922328,1.6286465559065721,-8.852609105068462,-0.2703885186583393
12.700000000000003,0.0,1.0,0.0,1.7921062103640395,0.0,1.7005428683162291,-5.109258676650121,0.0
12.700000000000003,1.0,1.0,1.7794753010067046,1.7921062103640395,1.626790957922328,1.6286465559065721,-8.852609105068462,0.2703885186583393
12.700000000000003,-1.0,0.0,-1.7794753010067046,0.0,-1.702174200479081,-0.00555271686287484,-4.344038969458692,-0.3120423677548935
12.700000000000003,0.0,0.0,0.0,0.0,0.0,-6.046940725923378e-12,0.0,0.0
12.700000000000003,1.0,0.0,1.7794753010067046,0.0,1.702174200479081,-0.00555271686287484,-4.344038969458692,0.3120423677548935
12.700000000000003,-1.0,-1.0,-1.7794753010067046,-1.7921062103640395,-1.642411722509867,-1.665061482484134,-7.3936313971622205,-0.3066634056104674
12.700000000000003,0.0,-1.0,0.0,-1.7921062103640395,0.0,-1.7290007067006863,-3.52130377643936,-0.0
12.700000000000003,1.0,-1.0,1.7794753010067046,-1.7921062103640395,1.642411722509867,-1.665061482484134,-7.3936313971622205,0.3066634056104674
12.800000000000004,-1.0,1.0,-1.7795624268070092,1.7923965520346385,-1.626809959204292,1.628778057959264,-8.858050181437504,-0.27237639842103106
12.800000000000004,0.0,1.0,0.0,1.7923965520346385,0.0,1.700716648663142,-5.114934151565185,0.0
12.800000000000004,1.0,1.0,1.7795624268070092,1.7923965520346385,1.626809959204292,1.628778057959264,-8.858050181437504,0.27237639842103106
12.800000000000004,-1.0,0.0,-1.7795624268070092,0.0,-1.702258500742307,-0.005594585287543197,-4.343985066228062,-0.31437982749395965
12.800000000000004,0.0,0.0,0.0,0.0,0.0,-5.576206163482311e-12,0.0,0.0
12.800000000000004,1.0,0.0,1.7795624268070092,0.0,1.702258500742307,-0.005594585287543197,-4.343985066228062,0.31437982749395965
12.800000000000004,-1.0,-1.0,-1.7795624268070092,-1.7923965520346385,-1.642547328200745,-1.665469166982572,-7.3881820288746844,-0.30895993356025375
12.800000000000004,0.0,-1.0,0.0,-1.7923965520346385,0.0,-1.7293909271510746,-3.5151610179144326,-0.0
12.800000000000004,1.0,-1.0,1.7795624268070092,-1.7923965520346385,1.642547328200745,-1.665469166982572,-7.3881820288746844,0.30895993356025375
12.899999999999999,-1.0,1.0,-1.779650230632902,1.7926891592969207,-1.626829607621478,1.6289117205246528,-8.863486947321944,-0.2743611664744593
12.899999999999999,0.0,1.0,0.0,1.7926891592969207,0.0,1.700892650306483,-5.1206037875768535,0.0
12.899999999999999,1.0,1.0,1.779650230632902,1.7926891592969207,1.626829607621478,1.6289117205246528,-8.863486947321944,0.2743611664744593
12.899999999999999,-1.0,0.0,-1.779650230632902,0.0,-1.702343426639711,-0.00563640982366187,-4.343932457205265,-0.31671447156542537
12.899999999999999,0.0,0.0,0.0,0.0,0.0,-5.1030291103870695e-12,0.0,0.0
12.899999999999999,1.0,0.0,1.779650230632902,0.0,1.702343426639711,-0.00563640982366187,-4.343932457205265,0.31671447156542537
12.899999999999999,-1.0,-1.0,-1.779650230632902,-1.7926891592969207,-1.642683430040516,-1.6658787590109494,-7.382742454482556,-0.31125348447705475
12.899999999999999,0.0,-1.0,0.0,-1.7926891592969207,0.0,-1.7297831844654301,-3.5090285733730813,-0.0
12.899999999999999,1.0,-1.0,1.779650230632902,-1.7926891592969207,1.642683430040516,-1.6658787590109494,-7.382742454482556,0.31125348447705475
13.0,-1.0,1.0,-1.7797387116329466,1.7929840302072009,-1.626849902960402,1.629047542755031,-8.868919351018205,-0.2763428026996594
13.0,0.0,1.0,0.0,1.7929840302072009,0.0,1.701070872074403,-5.126267528561099,0.0
13.0,1.0,1.0,1.7797387116329466,1.7929840302072009,1.626849902960402,1.629047542755031,-8.868919351018205,0.2763428026996594
13.0,-1.0,0.0,-1.7797387116329466,0.0,-1.702428977335308,-0.005678190118242998,-4.343881143468824,-0.3190462780366868
13.0,0.0,0.0,0.0,0.0,0.0,-4.588995849985622e-12,0.0,0.0
13.0,1.0,0.0,1.7797387116329466,0.0,1.702428977335308,-0.005678190118242998,-4.343881143468824,0.3190462780366868
13.0,-1.0,-1.0,-1.7797387116329466,-1.7929840302072009,-1.642820026616397,-1.6662902555628611,-7.377312733178773,-0.3135440322516807
13.0,0.0,-1.0,0.0,-1.7929840302072009,0.0,-1.730177475849469,-3.502906512250073,-0.0
13.0,1.0,-1.0,1.7797387116329466,-1.7929840302072009,1.642820026616397,-1.6662902555628611,-7.377312733178773,0.3135440322516807
13.100000000000001,-1.0,1.0,-1.7798278689486913,1.7932811628033196,-1.626870845001429,1.6291855237880688,-8.874347340798375,-0.278321286985032
13.100000000000001,0.0,1.0,0.0,1.7932811628033196,0.0,1.7012513127798938,-5.131925318367898,0.0
13.100000000000001,1.0,1.0,1.7798278689486913,1.7932811628033196,1.626870845001429,1.6291855237880688,-8.874347340798375,0.278321286985032
13.100000000000001,-1.0,0.0,-1.7798278689486913,0.0,-1.702515151986498,-0.0057199258181110935,-4.343831126088631,-0.3213752249811517
13.100000000000001,0.0,0.0,0.0,0.0,0.0,-4.059197422634497e-12,0.0,0.0
13.100000000000001,1.0,0.0,1.7798278689486913,0.0,1.702515151986498,-0.0057199258181110935,-4.343831126088631,0.3213752249811517
13.100000000000001,-1.0,-1.0,-1.7798278689486913,-1.7932811628033196,-1.64295711650907,-1.6667036536133382,-7.371892924124664,-0.31583155081717484
13.100000000000001,0.0,-1.0,0.0,-1.7932811628033196,0.0,-1.7305737984898328,-3.496794903898976,-0.0
13.100000000000001,1.0,-1.0,1.7798278689486913,-1.7932811628033196,1.64295711650907,-1.6667036536133382,-7.371892924124664,0.31583155081717484
13.200000000000003,-1.0,1.0,-1.7799177017146717,1.7935805551064998,-1.626892433518747,1.6293256627468382,-8.879770864958527,-0.28029659927237416
13.200000000000003,0.0,1.0,0.0,1.7935805551064998,0.0,1.701433971220806,-5.1375771009193585,0.0
13.200000000000003,1.0,1.0,1.7799177017146717,1.7935805551064998,1.626892433518747,1.6293256627468382,-8.879770864958527,0.28029659927237416
13.200000000000003,-1.0,0.0,-1.7799177017146717,0.0,-1.702601949744076,-0.0057616165698379795,-4.343782406125518,-0.3237012904746981
13.200000000000003,0.0,0.0,0.0,0.0,0.0,-3.5409453147394743e-12,0.0,0.0
13.200000000000003,1.0,0.0,1.7799177017146717,0.0,1.702601949744076,-0.0057616165698379795,-4.343782406125518,0.3237012904746981
13.200000000000003,-1.0,-1.0,-1.7799177017146717,-1.7935805551064998,-1.643094698292677,-1.6671189501187842,-7.366483086499549,-0.31811601409968465
13.200000000000003,0.0,-1.0,0.0,-1.7935805551064998,0.0,-1.7309721495538453,-3.490693817704607,-0.0
13.200000000000003,1.0,-1.0,1.7799177017146717,-1.7935805551064998,1.643094698292677,-1.6671189501187842,-7.366483086499549,0.31811601409968465
13.300000000000004,-1.0,1.0,-1.7800082090583857,1.7938822051202585,-1.626914668280383,1.629467958739833,-8.885189871789583,-0.28226871953037025
13.300000000000004,0.0,1.0,0.0,1.7938822051202585,0.0,1.7016188461798378,-5.143222820153652,0.0
13.300000000000004,1.0,1.0,1.7800082090583857,1.7938822051202585,1.626914668280383,1.629467958739833,-8.885189871789583,0.28226871953037025
13.300000000000004,-1.0,0.0,-1.7800082090583857,0.0,-1.702689369752213,-0.005803262019828059,-4.3437349846309985,-0.3260244526005839
13.300000000000004,0.0,0.0,0.0,0.0,0.0,-2.9960478542534474e-12,0.0,0.0
13.300000000000004,1.0,0.0,1.7800082090583857,0.0,1.702689369752213,-0.005803262019828059,-4.3437349846309985,0.3260244526005839
13.300000000000004,-1.0,-1.0,-1.7800082090583857,-1.7938822051202585,-1.643232770534819,-1.6675361420168346,-7.361083279475481,-0.3203973960427093
13.300000000000004,0.0,-1.0,0.0,-1.7938822051202585,0.0,-1.7313725261895718,-3.484603323020096,-0.0
13.300000000000004,1.0,-1.0,1.7800082090583857,-1.7938822051202585,1.643232770534819,-1.6675361420168346,-7.361083279475481,0.3203973960427093
13.399999999999999,-1.0,1.0,-1.7800993901003135,1.7941861108300783,-1.626937549048206,1.629612410860833,-8.890604309573629,-0.28423762775008604
13.399999999999999,0.0,1.0,0.0,1.7941861108300783,0.0,1.701805936424422,-5.148862420014871,0.0
13.399999999999999,1.0,1.0,1.7800993901003135,1.7941861108300783,1.626937549048206,1.629612410860833,-8.890604309573629,0.28423762775008604
13.399999999999999,-1.0,0.0,-1.7800993901003135,0.0,-1.702777411148472,-0.005844861814271907,-4.343688862647397,-0.328344689446949
13.399999999999999,0.0,0.0,0.0,0.0,0.0,-2.4840129952963252e-12,0.0,0.0
13.399999999999999,1.0,0.0,1.7800993901003135,0.0,1.702777411148472,-0.005844861814271907,-4.343688862647397,0.328344689446949
13.399999999999999,-1.0,-1.0,-1.7800993901003135,-1.7941861108300783,-1.643371331796566,-1.6679552262264623,-7.355693562205473,-0.322675670619334
13.399999999999999,0.0,-1.0,0.0,-1.7941861108300783,0.0,-1.7317749255258008,-3.4785234891492394,-0.0
13.399999999999999,1.0,-1.0,1.7800993901003135,-1.7941861108300783,1.643371331796566,-1.6679552262264623,-7.355693562205473,0.322675670619334
13.5,-1.0,1.0,-1.780191243953906,1.7944922702048194,-1.626961075577919,1.629759018189029,-8.896014126617034,-0.28620330397776866
13.5,0.0,1.0,0.0,1.7944922702048194,0.0,1.7019952407068262,-5.154495844522964,0.0
13.5,1.0,1.0,1.780191243953906,1.7944922702048194,1.626961075577919,1.629759018189029,-8.896014126617034,0.28620330397776866
13.5,-1.0,0.0,-1.780191243953906,0.0,-1.702866073063792,-0.005886415599128947,-4.34364404120821,-0.3306619791059573
13.5,0.0,0.0,0.0,0.0,0.0,-1.9819701435608295e-12,0.0,0.0
13.5,1.0,0.0,1.780191243953906,0.0,1.702866073063792,-0.005886415599128947,-4.34364404120821,0.3306619791059573
13.5,-1.0,-1.0,-1.780191243953906,-1.7944922702048194,-1.643510380632448,-1.6683761996477624,-7.350313993865681,-0.3249508117901744
13.5,0.0,-1.0,0.0,-1.7944922702048194,0.0,-1.732179344671886,-3.472454385430207,-0.0
13.5,1.0,-1.0,1.780191243953906,-1.7944922702048194,1.643510380632448,-1.6683761996477624,-7.350313993865681,0.3249508117901744
13.600000000000001,-1.0,1.0,-1.7802837697255796,1.7948006811943173,-1.626985247619052,1.629907779788852,-8.901419271194102,-0.28816572825927655
13.600000000000001,0.0,1.0,0.0,1.7948006811943173,0.0,1.702186757764033,-5.160123037654301,0.0
13.600000000000001,1.0,1.0,1.7802837697255796,1.7948006811943173,1.626985247619052,1.629907779788852,-8.901419271194102,0.28816572825927655
13.600000000000001,-1.0,0.0,-1.7802837697255796,0.0,-1.70295535462249,-0.005927923020141002,-4.343600521337631,-0.3329762996746724
13.600000000000001,0.0,0.0,0.0,0.0,0.0,-1.48903112062726e-12,0.0,0.0
13.600000000000001,1.0,0.0,1.7802837697255796,0.0,1.70295535462249,-0.005927923020141002,-4.343600521337631,0.3329762996746724
13.600000000000001,-1.0,-1.0,-1.7802837697255796,-1.7948006811943173,-1.643649915590456,-1.66879905916205,-7.344944633589759,-0.3272227935687549
13.600000000000001,0.0,-1.0,0.0,-1.7948006811943173,0.0,-1.7325857807177532,-3.466396081104918,-0.0
13.600000000000001,1.0,-1.0,1.7802837697255796,-1.7948006811943173,1.643649915590456,-1.66879905916205,-7.344944633589759,0.3272227935687549
13.700000000000003,-1.0,1.0,-1.7803769665147142,1.7951113417321007,-1.627010064914979,1.630058694710039,-8.906819691615002,-0.2901248807079522
13.700000000000003,0.0,1.0,0.0,1.7951113417321007,0.0,1.7023804863177723,-5.1657439434844505,0.0
13.700000000000003,1.0,1.0,1.7803769665147142,1.7951113417321007,1.627010064914979,1.630058694710039,-8.906819691615002,0.2901248807079522
13.700000000000003,-1.0,0.0,-1.7803769665147142,0.0,-1.703045254942267,-0.005969383722847832,-4.343558304050218,-0.3352876292560426
13.700000000000003,0.0,0.0,0.0,0.0,0.0,-1.0318412790866205e-12,0.0,0.0
13.700000000000003,1.0,0.0,1.7803769665147142,0.0,1.703045254942267,-0.005969383722847832,-4.343558304050218,0.3352876292560426
13.700000000000003,-1.0,-1.0,-1.7803769665147142,-1.7951113417321007,-1.643789935212054,-1.6692238016316898,-7.339585540543279,-0.3294915899465105
13.700000000000003,0.0,-1.0,0.0,-1.7951113417321007,0.0,-1.7329942307338553,-3.460348645466678,-0.0
13.700000000000003,1.0,-1.0,1.7803769665147142,-1.7951113417321007,1.643789935212054,-1.6692238016316898,-7.339585540543279,0.3294915899465105
13.800000000000004,-1.0,1.0,-1.7804708334136599,1.795424249733002,-1.627035527202901,1.63021176198759,-8.912215336166703,-0.2920807414452703
13.800000000000004,0.0,1.0,0.0,1.795424249733002,0.0,1.70257642507441,-5.171358506068937,0.0
13.800000000000004,1.0,1.0,1.7804708334136599,1.795424249733002,1.627035527202901,1.63021176198759,-8.912215336166703,0.2920807414452703
13.800000000000004,-1.0,0.0,-1.7804708334136599,0.0,-1.703135773134199,-0.006010797352600905,-4.3435173903516295,-0.3375959459597846
13.800000000000004,0.0,0.0,0.0,0.0,0.0,-6.23945339839338e-13,0.0,0.0
13.800000000000004,1.0,0.0,1.7804708334136599,0.0,1.703135773134199,-0.006010797352600905,-4.3435173903516295,0.3375959459597846
13.800000000000004,-1.0,-1.0,-1.7804708334136599,-1.795424249733002,-1.64393043803216,-1.6696504239001901,-7.334236773859349,-0.3317571749585627
13.800000000000004,0.0,-1.0,0.0,-1.795424249733002,0.0,-1.7334046917711565,-3.4543121477315677,-0.0
13.800000000000004,1.0,-1.0,1.7804708334136599,-1.795424249733002,1.64393043803216,-1.6696504239001901,-7.334236773859349,0.3317571749585627
13.899999999999999,-1.0,1.0,-1.7805653695077193,1.7957394030950002,-1.627061634213855,1.630366980641734,-8.917606153161021,-0.2940332906495302
13.899999999999999,0.0,1.0,0.0,1.7957394030950002,0.0,1.702774572725036,-5.176966669536628,0.0
13.899999999999999,1.0,1.0,1.7805653695077193,1.7957394030950002,1.627061634213855,1.630366980641734,-8.917606153161021,0.2940332906495302
13.899999999999999,-1.0,0.0,-1.7805653695077193,0.0,-1.703226908302726,-0.006052163554470802,-4.343477781238401,-0.33990122789729815
13.899999999999999,0.0,0.0,0.0,0.0,0.0,-2.609024107869118e-13,0.0,0.0
13.899999999999999,1.0,0.0,1.7805653695077193,0.0,1.703226908302726,-0.006052163554470802,-4.343477781238401,0.33990122789729815
13.899999999999999,-1.0,-1.0,-1.7805653695077193,-1.7957394030950002,-1.64407142257916,-1.6700789227919972,-7.328898392690948,-0.334019522629983
13.899999999999999,0.0,-1.0,0.0,-1.7957394030950002,0.0,-1.7338171608609754,-3.448286657145262,-0.0
13.899999999999999,1.0,-1.0,1.7805653695077193,-1.7957394030950002,1.64407142257916,-1.6700789227919972,-7.328898392690948,0.334019522629983
14.0,-1.0,1.0,-1.7806605738751613,1.7960567996974586,-1.627088385672715,1.630524349677869,-8.922992090891894,-0.29598250851309216
14.0,0.0,1.0,0.0,1.7960567996974586,0.0,1.7029749279453241,-5.182568378005299,0.0
14.0,1.0,1.0,1.7806605738751613,1.7960567996974586,1.627088385672715,1.630524349677869,-8.922992090891894,0.29598250851309216
14.0,-1.0,0.0,-1.7806605738751613,0.0,-1.703318659545668,-0.006093481973393988,-4.343439477697765,-0.34220345319001766
14.0,0.0,0.0,0.0,0.0,0.0,5.395683899678261e-14,0.0,0.0
14.0,1.0,0.0,1.7806605738751613,0.0,1.703318659545668,-0.006093481973393988,-4.343439477697765,0.34220345319001766
14.0,-1.0,-1.0,-1.7806605738751613,-1.7960567996974586,-1.644212887374907,-1.670509295112574,-7.323570456162884,-0.3362786070245665
14.0,0.0,-1.0,0.0,-1.7960567996974586,0.0,-1.734231635015021,-3.4422722428851795,-0.0
14.0,1.0,-1.0,1.7806605738751613,-1.7960567996974586,1.644212887374907,-1.670509295112574,-7.323570456162884,0.3362786070245665
14.100000000000001,-1.0,1.0,-1.7807564455872025,1.7963764374019808,-1.627115781298181,1.630683868086602,-8.928373097656495,-0.2979283752636211
14.100000000000001,0.0,1.0,0.0,1.7963764374019808,0.0,1.7031774893955682,-5.188163575625723,0.0
14.100000000000001,1.0,1.0,1.7807564455872025,1.7963764374019808,1.627115781298181,1.630683868086602,-8.928373097656495,0.2979283752636211
14.100000000000001,-1.0,0.0,-1.7807564455872025,0.0,-1.703411025954215,-0.006134752254032039,-4.343402480707175,-0.34450259996161975
14.100000000000001,0.0,0.0,0.0,0.0,0.0,2.851052727237402e-13,0.0,0.0
14.100000000000001,1.0,0.0,1.7807564455872025,0.0,1.703411025954215,-0.006134752254032039,-4.343402480707175,0.34450259996161975
14.100000000000001,-1.0,-1.0,-1.7807564455872025,-1.7963764374019808,-1.644354830934723,-1.6709415376483034,-7.318253023395766,-0.33853440221996867
14.100000000000001,0.0,-1.0,0.0,-1.7963764374019808,0.0,-1.7346481112253356,-3.4362689741088,-0.0
14.100000000000001,1.0,-1.0,1.7807564455872025,-1.7963764374019808,1.644354830934723,-1.6709415376483034,-7.318253023395766,0.33853440221996867
14.200000000000003,-1.0,1.0,-1.7808529837080156,1.7966983140530024,-1.627143820802788,1.6308455348437203,-8.933749121771688,-0.2998708711802805
14.200000000000003,0.0,1.0,0.0,1.7966983140530024,0.0,1.703382255720686,-5.193752206613562,0.0
14.200000000000003,1.0,1.0,1.7808529837080156,1.7966983140530024,1.627143820802788,1.6308455348437203,-8.933749121771688,0.2998708711802805
14.200000000000003,-1.0,0.0,-1.7808529837080156,0.0,-1.703504006612925,-0.0061759740408597885,-4.343366791234944,-0.34679864634308216
14.200000000000003,0.0,0.0,0.0,0.0,0.0,4.4209080840573733e-13,0.0,0.0
14.200000000000003,1.0,0.0,1.7808529837080156,0.0,1.703504006612925,-0.0061759740408597885,-4.343366791234944,0.34679864634308216
14.200000000000003,-1.0,-1.0,-1.7808529837080156,-1.7966983140530024,-1.644497251767392,-1.6713756471664245,-7.312946153523099,-0.34078688229160164
14.200000000000003,0.0,-1.0,0.0,-1.7966983140530024,0.0,-1.735066586464182,-3.430276919990596,-0.0
14.200000000000003,1.0,-1.0,1.7808529837080156,-1.7966983140530024,1.644497251767392,-1.6713756471664245,-7.312946153523099,0.34078688229160164
14.300000000000004,-1.0,1.0,-1.7809501872947275,1.7970224274758984,-1.627172503892906,1.6310093489100368,-8.939120111530233,-0.3018099765507494
14.300000000000004,0.0,1.0,0.0,1.7970224274758984,0.0,1.7035892255500438,-5.199334215160078,0.0
14.300000000000004,1.0,1.0,1.7809501872947275,1.7970224274758984,1.627172503892906,1.6310093489100368,-8.939120111530233,0.3018099765507494
14.300000000000004,-1.0,0.0,-1.7809501872947275,0.0,-1.70359760059971,-0.0062171469781320265,-4.343332410240879,-0.349091570470924
14.300000000000004,0.0,0.0,0.0,0.0,0.0,4.829470157119431e-13,0.0,0.0
14.300000000000004,1.0,0.0,1.7809501872947275,0.0,1.70359760059971,-0.0062171469781320265,-4.343332410240879,0.349091570470924
14.300000000000004,-1.0,-1.0,-1.7809501872947275,-1.7970224274758984,-1.644640148375166,-1.6718116204150186,-7.307649905641939,-0.34303602136156924
14.300000000000004,0.0,-1.0,0.0,-1.7970224274758984,0.0,-1.7354870576841048,-3.42429614961602,-0.0
14.300000000000004,1.0,-1.0,1.7809501872947275,-1.7970224274758984,1.644640148375166,-1.6718116204150186,-7.307649905641939,0.34303602136156924
14.399999999999999,-1.0,1.0,-1.7810480553974015,1.7973487754791595,-1.627201830268729,1.63117530923157,-8.944486015251863,-0.3037456717218349
14.399999999999999,0.0,1.0,0.0,1.7973487754791595,0.0,1.703798397497633,-5.204909545538079,0.0
14.399999999999999,1.0,1.0,1.7810480553974015,1.7973487754791595,1.627201830268729,1.63117530923157,-8.944486015251863,0.3037456717218349
14.399999999999999,-1.0,0.0,-1.7810480553974015,0.0,-1.703691806985865,-0.006258270709875058,-4.343299338673717,-0.3513813504868437
14.399999999999999,0.0,0.0,0.0,0.0,0.0,4.518607710224387e-13,0.0,0.0
14.399999999999999,1.0,0.0,1.7810480553974015,0.0,1.703691806985865,-0.006258270709875058,-4.343299338673717,0.3513813504868437
14.399999999999999,-1.0,-1.0,-1.7810480553974015,-1.7973487754791595,-1.64478351925377,-1.672249454122932,-7.3023643388704595,-0.3452817935401183
14.399999999999999,0.0,-1.0,0.0,-1.7973487754791595,0.0,-1.7359095218177134,-3.418326732109457,-0.0
14.399999999999999,1.0,-1.0,1.7810480553974015,-1.7973487754791595,1.64478351925377,-1.672249454122932,-7.3023643388704595,0.3452817935401183
14.5,-1.0,1.0,-1.7811465870590613,1.7976773558527004,-1.62723179962429,1.6313434147393298,-8.949846781246599,-0.3056779370629198
14.5,0.0,1.0,0.0,1.7976773558527004,0.0,1.7040097701618517,-5.210478142025596,0.0
14.5,1.0,1.0,1.7811465870590613,1.7976773558527004,1.62723179962429,1.6313434147393298,-8.949846781246599,0.3056779370629198
14.5,-1.0,0.0,-1.7811465870590613,0.0,-1.703786624836028,-0.006299344879902025,-4.3432675774746885,-0.35366796453868415
14.5,0.0,0.0,0.0,0.0,0.0,2.879918525877656e-13,0.0,0.0
14.5,1.0,0.0,1.7811465870590613,0.0,1.703786624836028,-0.006299344879902025,-4.3432675774746885,0.35366796453868415
14.5,-1.0,-1.0,-1.7811465870590613,-1.7976773558527004,-1.644927362892399,-1.6726891449997436,-7.297089512305248,-0.3475241729698069
14.5,0.0,-1.0,0.0,-1.7976773558527004,0.0,-1.7363339757778093,-3.412368736535247,-0.0
14.5,1.0,-1.0,1.7811465870590613,-1.7976773558527004,1.644927362892399,-1.6726891449997436,-7.297089512305248,0.3475241729698069
14.600000000000001,-1.0,1.0,-1.7812457813156646,1.7980081623824207,-1.62726241164744,1.6315136641500991,-8.955202261216694,-0.3076066579505506
14.600000000000001,0.0,1.0,0.0,1.7980081623824207,0.0,1.704223341926318,-5.216039749888271,0.0
14.600000000000001,1.0,1.0,1.7812457813156646,1.7980081623824207,1.62726241164744,1.6315136641500991,-8.955202261216694,0.3076066579505506
14.600000000000001,-1.0,0.0,-1.7812457813156646,0.0,-1.703882053208214,-0.006340369331135021,-4.343237127574174,-0.35595140197058567
14.600000000000001,0.0,0.0,0.0,0.0,0.0,-1.993010201317702e-10,0.0,0.0
14.600000000000001,1.0,0.0,1.7812457813156646,0.0,1.703882053208214,-0.006340369331135021,-4.343237127574174,0.35595140197058567
14.600000000000001,-1.0,-1.0,-1.7812457813156646,-1.7980081623824207,-1.645071677773705,-1.673130689935042,-7.291825376104515,-0.34976324250162877
14.600000000000001,0.0,-1.0,0.0,-1.7980081623824207,0.0,-1.7367604166565185,-3.4064220067136346,-0.0
14.600000000000001,1.0,-1.0,1.7812457813156646,-1.7980081623824207,1.645071677773705,-1.673130689935042,-7.291825376104515,0.34976324250162877
14.700000000000003,-1.0,1.0,-1.7813456371961067,1.7983412047793967,-1.627293666019873,1.631686056962862,-8.960552693290385,-0.30953209989066155
14.700000000000003,0.0,1.0,0.0,1.7983412047793967,0.0,1.7044391119562021,-5.221594910556121,0.0
14.700000000000003,1.0,1.0,1.7813456371961067,1.7983412047793967,1.627293666019873,1.631686056962862,-8.960552693290385,0.30953209989066155
14.700000000000003,-1.0,0.0,-1.7813456371961067,0.0,-1.703978091153786,-0.0063813431090500305,-4.343207989893504,-0.35823160737600945
14.700000000000003,0.0,0.0,0.0,0.0,0.0,-4.440892098500626e-13,0.0,0.0
14.700000000000003,1.0,0.0,1.7813456371961067,0.0,1.703978091153786,-0.0063813431090500305,-4.343207989893504,0.35823160737600945
14.700000000000003,-1.0,-1.0,-1.7813456371961067,-1.7983412047793967,-1.64521646237383,-1.6735740850018614,-7.286572316123852,-0.3519986502584654
14.700000000000003,0.0,-1.0,0.0,-1.7983412047793967,0.0,-1.7371888407287834,-3.400487287289561,-0.0
14.700000000000003,1.0,-1.0,1.7813456371961067,-1.7983412047793967,1.64521646237383,-1.6735740850018614,-7.286572316123852,0.3519986502584654
14.800000000000004,-1.0,1.0,-1.7814461537222281,1.7986764688226176,-1.627325562417101,1.631860591465814,-8.965897735987921,-0.31145395830774736
14.800000000000004,0.0,1.0,0.0,1.7986764688226176,0.0,1.704657078205371,-5.22714297134215,0.0
14.800000000000004,1.0,1.0,1.7814461537222281,1.7986764688226176,1.627325562417101,1.631860591465814,-8.965897735987921,0.31145395830774736
14.800000000000004,-1.0,0.0,-1.7814461537222281,0.0,-1.704074737717464,-0.00642226645470001,-4.343180165344935,-0.3605085924871238
14.800000000000004,0.0,0.0,0.0,0.0,0.0,-1.0269562977782698e-12,0.0,0.0
14.800000000000004,1.0,0.0,1.7814461537222281,0.0,1.704074737717464,-0.00642226645470001,-4.343180165344935,0.3605085924871238
14.800000000000004,-1.0,-1.0,-1.7814461537222281,-1.7986764688226176,-1.645361715162373,-1.674019327449544,-7.2813300646793335,-0.3542306964729246
14.800000000000004,0.0,-1.0,0.0,-1.7986764688226176,0.0,-1.7376192454452573,-3.394563971658967,-0.0
14.800000000000004,1.0,-1.0,1.7814461537222281,-1.7986764688226176,1.645361715162373,-1.674019327449544,-7.2813300646793335,0.3542306964729246
14.899999999999999,-1.0,1.0,-1.7815473299087936,1.7990139562144458,-1.627358100508463,1.632037266729249,-8.97123743421326,-0.3133723087138651
14.899999999999999,0.0,1.0,0.0,1.7990139562144458,0.0,1.7048772394091711,-5.232684075634454,0.0
14.899999999999999,1.0,1.0,1.7815473299087936,1.7990139562144458,1.627358100508463,1.632037266729249,-8.97123743421326,0.3133723087138651
14.899999999999999,-1.0,0.0,-1.7815473299087936,0.0,-1.704171991937326,-0.006463138811733993,-4.343153654830428,-0.36278232428800383
14.899999999999999,0.0,0.0,0.0,0.0,0.0,-1.765920742968774e-12,0.0,0.0
14.899999999999999,1.0,0.0,1.7815473299087936,0.0,1.704171991937326,-0.006463138811733993,-4.343153654830428,0.36278232428800383
14.899999999999999,-1.0,-1.0,-1.7815473299087936,-1.7990139562144458,-1.645507434602417,-1.6744664137108585,-7.276098789737196,-0.35645924669653717
14.899999999999999,0.0,-1.0,0.0,-1.7990139562144458,0.0,-1.738051627439352,-3.388652353946884,-0.0
14.899999999999999,1.0,-1.0,1.7815473299087936,-1.7990139562144458,1.645507434602417,-1.6744664137108585,-7.276098789737196,0.35645924669653717
15.0,-1.0,1.0,-1.7816491647635158,1.799353664654899,-1.627391279957143,1.6322160816091589,-8.976571736308966,-0.31528713167468764
15.0,0.0,1.0,0.0,1.799353664654899,0.0,1.705099594088064,-5.238218167905988,0.0
15.0,1.0,1.0,1.7816491647635158,1.799353664654899,1.627391279957143,1.6322160816091589,-8.976571736308966,0.31528713167468764
15.0,-1.0,0.0,-1.7816491647635158,0.0,-1.704269852844793,-0.00650395982287999,-4.343128459243744,-0.36505278095776406
15.0,0.0,0.0,0.0,0.0,0.0,-2.6720847756678268e-12,0.0,0.0
15.0,1.0,0.0,1.7816491647635158,0.0,1.704269852844793,-0.00650395982287999,-4.343128459243744,0.36505278095776406
15.0,-1.0,-1.0,-1.7816491647635158,-1.799353664654899,-1.645653619150516,-1.6749153403983095,-7.270878550374478,-0.3586842751405992
15.0,0.0,-1.0,0.0,-1.799353664654899,0.0,-1.7384859835235857,-3.3827525031321324,-0.0
15.0,1.0,-1.0,1.7816491647635158,-1.799353664654899,1.645653619150516,-1.6749153403983095,-7.270878550374478,0.3586842751405992
15.100000000000001,-1.0,1.0,-1.7817516572870253,1.7996955918251745,-1.627425100420123,1.6323970349463848,-8.981900590608484,-0.31719840777895125
15.100000000000001,0.0,1.0,0.0,1.7996955918251745,0.0,1.705324140746746,-5.243745192636766,0.0
15.100000000000001,1.0,1.0,1.7817516572870253,1.7996955918251745,1.627425100420123,1.6323970349463848,-8.981900590608484,0.31719840777895125
15.100000000000001,-1.0,0.0,-1.7817516572870253,0.0,-1.70436831946466,-0.006544729130637972,-4.343104579467193,-0.3673199406814791
15.100000000000001,0.0,0.0,0.0,0.0,0.0,-3.740119325357227e-12,0.0,0.0
15.100000000000001,1.0,0.0,1.7817516572870253,0.0,1.70436831946466,-0.006544729130637972,-4.343104579467193,0.3673199406814791
15.100000000000001,-1.0,-1.0,-1.7817516572870253,-1.7996955918251745,-1.645800267256703,-1.675366104104881,-7.265669405643499,-0.3609057560498805
15.100000000000001,0.0,-1.0,0.0,-1.7996955918251745,0.0,-1.7389223104902962,-3.376864488135162,-0.0
15.100000000000001,1.0,-1.0,1.7817516572870253,-1.7996955918251745,1.645800267256703,-1.675366104104881,-7.265669405643499,0.3609057560498805
15.200000000000003,-1.0,1.0,-1.7818548064728783,1.8000397353868802,-1.627459561548231,1.632580125566641,-8.987223945415078,-0.3191061176201305
15.200000000000003,0.0,1.0,0.0,1.8000397353868802,0.0,1.7055508778742339,-5.249265094269599,0.0
15.200000000000003,1.0,1.0,1.7818548064728783,1.8000397353868802,1.627459561548231,1.632580125566641,-8.987223945415078,0.3191061176201305
15.200000000000003,-1.0,0.0,-1.7818548064728783,0.0,-1.704467390815041,-0.006585446377314064,-4.343082016375012,-0.3695837816522061
15.200000000000003,0.0,0.0,0.0,0.0,0.0,-4.9891202280605285e-12,0.0,0.0
15.200000000000003,1.0,0.0,1.7818548064728783,0.0,1.704467390815041,-0.006585446377314064,-4.343082016375012,0.3695837816522061
15.200000000000003,-1.0,-1.0,-1.7818548064728783,-1.8000397353868802,-1.645947377364481,-1.6758187014039678,-7.26047141455384,-0.3631236637215367
15.200000000000003,0.0,-1.0,0.0,-1.8000397353868802,0.0,-1.7393606051115569,-3.370988377780542,-0.0
15.200000000000003,1.0,-1.0,1.7818548064728783,-1.8000397353868802,1.645947377364481,-1.6758187014039678,-7.26047141455384,0.3631236637215367
15.300000000000004,-1.0,1.0,-1.7819586113075703,1.8003860929852156,-1.627494662986123,1.6327653522804968,-8.992541749085188,-0.3210102418766136
15.300000000000004,0.0,1.0,0.0,1.8003860929852156,0.0,1.7057798039437442,-5.254777817384989,0.0
15.300000000000004,1.0,1.0,1.7819586113075703,1.8003860929852156,1.627494662986123,1.6327653522804968,-8.992541749085188,0.3210102418766136
15.300000000000004,-1.0,0.0,-1.7819586113075703,0.0,-1.704567065907414,-0.006626111204941054,-4.343060770831697,-0.37184428206662606
15.300000000000004,0.0,0.0,0.0,0.0,0.0,-6.409095476556104e-12,0.0,0.0
15.300000000000004,1.0,0.0,1.7819586113075703,0.0,1.704567065907414,-0.006626111204941054,-4.343060770831697,0.37184428206662606
15.300000000000004,-1.0,-1.0,-1.7819586113075703,-1.8003860929852156,-1.646094947910845,-1.6762731288492358,-7.255284636158045,-0.3653379724193294
15.300000000000004,0.0,-1.0,0.0,-1.8003860929852156,0.0,-1.739800864139106,-3.3651242409706295,-0.0
15.300000000000004,1.0,-1.0,1.7819586113075703,-1.8003860929852156,1.646094947910845,-1.6762731288492358,-7.255284636158045,0.3653379724193294
15.399999999999999,-1.0,1.0,-1.7820630707705054,1.8007346622460618,-1.627530404372263,1.6329527138833269,-8.99785394995549,-0.322910761240455
15.399999999999999,0.0,1.0,0.0,1.8007346622460618,0.0,1.706010917412758,-5.260283306545262,0.0
15.399999999999999,1.0,1.0,1.7820630707705054,1.8007346622460618,1.627530404372263,1.6329527138833269,-8.99785394995549,0.322910761240455
15.399999999999999,-1.0,0.0,-1.7820630707705054,0.0,-1.704667343746602,-0.006666723255406071,-4.3430408436913535,-0.37410142013231884
15.399999999999999,0.0,0.0,0.0,0.0,0.0,-8.012035479509905e-12,0.0,0.0
15.399999999999999,1.0,0.0,1.7820630707705054,0.0,1.704667343746602,-0.006666723255406071,-4.3430408436913535,0.37410142013231884
15.399999999999999,-1.0,-1.0,-1.7820630707705054,-1.8007346622460618,-1.64624297732625,-1.6767293829747274,-7.250109129472928,-0.3675486564523676
15.399999999999999,0.0,-1.0,0.0,-1.8007346622460618,0.0,-1.7402430843043746,-3.3592721465269024,-0.0
15.399999999999999,1.0,-1.0,1.7820630707705054,-1.8007346622460618,1.64624297732625,-1.6767293829747274,-7.250109129472928,0.3675486564523676
15.5,-1.0,1.0,-1.7821681838340035,1.8010854407768218,-1.627566785338947,1.6331422091552739,-9.0031604963654,-0.324807656440554
15.5,0.0,1.0,0.0,1.8010854407768218,0.0,1.7062442167229048,-5.26578150634604,0.0
15.5,1.0,1.0,1.7821681838340035,1.8010854407768218,1.627566785338947,1.6331422091552739,-9.0031604963654,0.324807656440554
15.5,-1.0,0.0,-1.7821681838340035,0.0,-1.704768223330761,-0.006707282170292039,-4.343022235798805,-0.3763551740589695
15.5,0.0,0.0,0.0,0.0,0.0,-9.78683800667568e-12,0.0,0.0
15.5,1.0,0.0,1.7821681838340035,0.0,1.704768223330761,-0.006707282170292039,-4.343022235798805,0.3763551740589695
15.5,-1.0,-1.0,-1.7821681838340035,-1.8010854407768218,-1.646391464034652,-1.677187460294717,-7.244944953503973,-0.3697556901489464
15.5,0.0,-1.0,0.0,-1.8010854407768218,0.0,-1.7406872623183418,-3.3534321632420587,-0.0
15.5,1.0,-1.0,1.7821681838340035,-1.8010854407768218,1.646391464034652,-1.677187460294717,-7.244944953503973,0.3697556901489464
15.600000000000001,-1.0,1.0,-1.7822739494633284,1.8014384261668592,-1.627603805512297,1.6333338368612558,-9.008461336669548,-0.3267009082530125
15.600000000000001,0.0,1.0,0.0,1.8014384261668592,0.0,1.706479700299961,-5.27127236144027,0.0
15.600000000000001,1.0,1.0,1.7822739494633284,1.8014384261668592,1.627603805512297,1.6333338368612558,-9.008461336669548,0.3267009082530125
15.600000000000001,-1.0,0.0,-1.7822739494633284,0.0,-1.704869703651409,-0.006747787591016241,-4.343004947989447,-0.37860552206624065
15.600000000000001,0.0,0.0,0.0,0.0,0.0,-1.1715073355844652e-11,0.0,0.0
15.600000000000001,1.0,0.0,1.7822739494633284,0.0,1.704869703651409,-0.006747787591016241,-4.343004947989447,0.37860552206624065
15.600000000000001,-1.0,-1.0,-1.7822739494633284,-1.8014384261668592,-1.646540406453485,-1.6776473573036372,-7.239792167259801,-0.3719590478450697
15.600000000000001,0.0,-1.0,0.0,-1.8014384261668592,0.0,-1.7411333948714949,-3.34760435990492,-0.0
15.600000000000001,1.0,-1.0,1.7822739494633284,-1.8014384261668592,1.646540406453485,-1.6776473573036372,-7.239792167259801,0.3719590478450697
15.700000000000003,-1.0,1.0,-1.7823803666166291,1.801793615986158,-1.627641464512246,1.6335275957508641,-9.013756419205606,-0.32859049747177327
15.700000000000003,0.0,1.0,0.0,1.801793615986158,0.0,1.7067173665538142,-5.276755816470505,0.0
15.700000000000003,1.0,1.0,1.7823803666166291,1.801793615986158,1.627641464512246,1.6335275957508641,-9.013756419205606,0.32859049747177327
15.700000000000003,-1.0,0.0,-1.7823803666166291,0.0,-1.704971783693374,-0.0067882391587708035,-4.342988981089069,-0.38085244238054833
15.700000000000003,0.0,0.0,0.0,0.0,0.0,-1.3816947586064998e-11,0.0,0.0
15.700000000000003,1.0,0.0,1.7823803666166291,0.0,1.704971783693374,-0.0067882391587708035,-4.342988981089069,0.38085244238054833
15.700000000000003,-1.0,-1.0,-1.7823803666166291,-1.801793615986158,-1.646689802993668,-1.6781090704761445,-7.234650829713413,-0.374158703919723
15.700000000000003,0.0,-1.0,0.0,-1.801793615986158,0.0,-1.7415814786338761,-3.341788805224876,-0.0
15.700000000000003,1.0,-1.0,1.7823803666166291,-1.801793615986158,1.646689802993668,-1.6781090704761445,-7.234650829713413,0.374158703919723
15.800000000000004,-1.0,1.0,-1.7824874342449792,1.8021510077876624,-1.627679761952561,1.6337234845584372,-9.019045692353012,-0.3304764049655571
15.800000000000004,0.0,1.0,0.0,1.8021510077876624,0.0,1.706957213878466,-5.282231816192643,0.0
15.800000000000004,1.0,1.0,1.7824874342449792,1.8021510077876624,1.627679761952561,1.6337234845584372,-9.019045692353012,0.3304764049655571
15.800000000000004,-1.0,0.0,-1.7824874342449792,0.0,-1.705074462434853,-0.006828636514455866,-4.3429743359125865,-0.3830959132314063
15.800000000000004,0.0,0.0,0.0,0.0,0.0,-1.6009860104304607e-11,0.0,0.0
15.800000000000004,1.0,0.0,1.7824874342449792,0.0,1.705074462434853,-0.006828636514455866,-4.3429743359125865,0.3830959132314063
15.800000000000004,-1.0,-1.0,-1.7824874342449792,-1.8021510077876624,-1.646839652059601,-1.6785725962669458,-7.229520999868436,-0.37635463273123426
15.800000000000004,0.0,-1.0,0.0,-1.8021510077876624,0.0,-1.7420315102548538,-3.335985567969235,-0.0
15.800000000000004,1.0,-1.0,1.7824874342449792,-1.8021510077876624,1.646839652059601,-1.6785725962669458,-7.229520999868436,0.37635463273123426
15.899999999999999,-1.0,1.0,-1.782595151292366,1.8025105991044654,-1.627718697440824,1.6339215020029272,-9.024329104465417,-0.33235861161098273
15.899999999999999,0.0,1.0,0.0,1.8025105991044654,0.0,1.7071992406519083,-5.287700305335807,0.0
15.899999999999999,1.0,1.0,1.782595151292366,1.8025105991044654,1.627718697440824,1.6339215020029272,-9.024329104465417,0.33235861161098273
15.899999999999999,-1.0,0.0,-1.782595151292366,0.0,-1.705177738847353,-0.0068689792988498866,-4.342961013266861,-0.3853359128610855
15.899999999999999,0.0,0.0,0.0,0.0,0.0,-1.8335999385499235e-11,0.0,0.0
15.899999999999999,1.0,0.0,1.782595151292366,0.0,1.705177738847353,-0.0068689792988498866,-4.342961013266861,0.3853359128610855
15.899999999999999,-1.0,-1.0,-1.782595151292366,-1.8025105991044654,-1.646989952049183,-1.6790379311108086,-7.2244027366847385,-0.37854680868992785
15.899999999999999,0.0,-1.0,0.0,-1.8025105991044654,0.0,-1.7424834863632683,-3.3301947168033377,-0.0
15.899999999999999,1.0,-1.0,1.782595151292366,-1.8025105991044654,1.646989952049183,-1.6790379311108086,-7.2244027366847385,0.37854680868992785
16.0,-1.0,1.0,-1.7827035166956757,1.8028723874513197,-1.627758270578432,1.6341216467879107,-9.029606603909158,-0.3342370983310898
16.0,0.0,1.0,0.0,1.8028723874513197,0.0,1.707443445236212,-5.293161228677619,0.0
16.0,1.0,1.0,1.7827035166956757,1.8028723874513197,1.627758270578432,1.6341216467879107,-9.029606603909158,0.3342370983310898
16.0,-1.0,0.0,-1.7827035166956757,0.0,-1.705281611895737,-0.006909267152457321,-4.3429490139473,-0.3875724195161723
16.0,0.0,0.0,0.0,0.0,0.0,-2.0724311156072872e-11,0.0,0.0
16.0,1.0,0.0,1.7827035166956757,0.0,1.705281611895737,-0.006909267152457321,-4.3429490139473,0.3875724195161723
16.0,-1.0,-1.0,-1.7827035166956757,-1.8028723874513197,-1.647140701353799,-1.6795050714225266,-7.2192960991182025,-0.3807352062186951
16.0,0.0,-1.0,0.0,-1.8028723874513197,0.0,-1.7429374035671932,-3.324416320383901,-0.0
16.0,1.0,-1.0,1.7827035166956757,-1.8028723874513197,1.647140701353799,-1.6795050714225266,-7.2192960991182025,0.3807352062186951
16.1,-1.0,1.0,-1.7828125293847097,1.8032363703246368,-1.627798480960604,1.6343239176015847,-9.034878139063991,-0.33611184609570555
16.1,0.0,1.0,0.0,1.8032363703246368,0.0,1.7076898259773587,-5.29861453105434,0.0
16.1,1.0,1.0,1.7828125293847097,1.8032363703246368,1.627798480960604,1.6343239176015847,-9.034878139063991,0.33611184609570555
16.1,-1.0,0.0,-1.7828125293847097,0.0,-1.705386080538184,-0.006949499715519281,-4.342938338740945,-0.38980541144826464
16.1,0.0,0.0,0.0,0.0,0.0,-2.3164137274989116e-11,0.0,0.0
16.1,1.0,0.0,1.7828125293847097,0.0,1.705386080538184,-0.006949499715519281,-4.342938338740945,0.38980541144826464
16.1,-1.0,-1.0,-1.7828125293847097,-1.8032363703246368,-1.647291898358323,-1.6799740135968573,-7.21420114612229,-0.38291979975205154
16.1,0.0,-1.0,0.0,-1.8032363703246368,0.0,-1.7433932584540401,-3.318650447352229,-0.0
16.1,1.0,-1.0,1.7828125293847097,-1.8032363703246368,1.647291898358323,-1.6799740135968573,-7.21420114612229,0.38291979975205154
16.200000000000003,-1.0,1.0,-1.782922188282161,1.803602545202656,-1.627839328176381,1.634528313116717,-9.04014365832873,-0.33798283592799966
16.200000000000003,0.0,1.0,0.0,1.803602545202656,0.0,1.7079383812053477,-5.304060157364624,0.0
16.200000000000003,1.0,1.0,1.782922188282161,1.803602545202656,1.627839328176381,1.634528313116717,-9.04014365832873,0.33798283592799966
16.200000000000003,-1.0,0.0,-1.782922188282161,0.0,-1.705491143726216,-0.006989676628101904,-4.342928988423758,-0.3920348669190343
16.200000000000003,0.0,0.0,0.0,0.0,0.0,-2.5576873952104506e-11,0.0,0.0
16.200000000000003,1.0,0.0,1.782922188282161,0.0,1.705491143726216,-0.006989676628101904,-4.342928988423758,0.3920348669190343
16.200000000000003,-1.0,-1.0,-1.782922188282161,-1.803602545202656,-1.647443541441132,-1.680444754008435,-7.209117936653503,-0.38510056372893064
16.200000000000003,0.0,-1.0,0.0,-1.803602545202656,0.0,-1.7438510475903448,-3.3128971663542117,-0.0
16.200000000000003,1.0,-1.0,1.782922188282161,-1.803602545202656,1.647443541441132,-1.680444754008435,-7.209117936653503,0.38510056372893064
16.300000000000004,-1.0,1.0,-1.7830324923036336,1.803970909543784,-1.627880811808609,1.634734831990567,-9.045403110082283,-0.3398500488645004
16.300000000000004,0.0,1.0,0.0,1.803970909543784,0.0,1.708189109234092,-5.309498052488815,0.0
16.300000000000004,1.0,1.0,1.7830324923036336,1.803970909543784,1.627880811808609,1.634734831990567,-9.045403110082283,0.3398500488645004
16.300000000000004,-1.0,0.0,-1.7830324923036336,0.0,-1.70559680040467,-0.007029797530014648,-4.34292096376318,-0.3942607641957396
16.300000000000004,0.0,0.0,0.0,0.0,0.0,-2.7911895017496136e-11,0.0,0.0
16.300000000000004,1.0,0.0,1.7830324923036336,0.0,1.70559680040467,-0.007029797530014648,-4.34292096376318,0.3942607641957396
16.300000000000004,-1.0,-1.0,-1.7830324923036336,-1.803970909543784,-1.647595628974096,-1.6809172890117616,-7.204046529628973,-0.38727747263659906
16.300000000000004,0.0,-1.0,0.0,-1.803970909543784,0.0,-1.7443107675218936,-3.3071565459433088,-0.0
16.300000000000004,1.0,-1.0,1.7830324923036336,-1.803970909543784,1.647595628974096,-1.6809172890117616,-7.204046529628973,0.38727747263659906
16.4,-1.0,1.0,-1.7831434403576205,1.8043414607887431,-1.62792293143396,1.634943472864935,-9.050656442736683,-0.34171346600924624
16.4,0.0,1.0,0.0,1.8043414607887431,0.0,1.70844200836131,-5.314928161408646,0.0
16.4,1.0,1.0,1.7831434403576205,1.8043414607887431,1.62792293143396,1.634943472864935,-9.050656442736683,0.34171346600924624
16.4,-1.0,0.0,-1.7831434403576205,0.0,-1.70570304951173,-0.007069862060896881,-4.342914265515249,-0.3964830815561858
16.4,0.0,0.0,0.0,0.0,0.0,-3.0124791550179e-11,0.0,0.0
16.4,1.0,0.0,1.7831434403576205,0.0,1.70570304951173,-0.007069862060896881,-4.342914265515249,0.3964830815561858
16.4,-1.0,-1.0,-1.7831434403576205,-1.8043414607887431,-1.647748159322583,-1.6813916149411945,-7.198986983981402,-0.38945050095465755
16.4,0.0,-1.0,0.0,-1.8043414607887431,0.0,-1.744772414773514,-3.3014286547064864,-0.0
16.4,1.0,-1.0,1.7831434403576205,-1.8043414607887431,1.647748159322583,-1.6813916149411945,-7.198986983981402,0.38945050095465755
16.5,-1.0,1.0,-1.7832550313455142,1.8047141963586633,-1.627965686622917,1.635154234366082,-9.055903604691542,-0.3435730684878082
16.5,0.0,1.0,0.0,1.8047141963586633,0.0,1.7086970768686331,-5.320350429101849,0.0
16.5,1.0,1.0,1.7832550313455142,1.8047141963586633,1.627965686622917,1.635154234366082,-9.055903604691542,0.3435730684878082
16.5,-1.0,0.0,-1.7832550313455142,0.0,-1.705809889978892,-0.007109869860054907,-4.3429088944270475,-0.3987017972796812
16.5,0.0,0.0,0.0,0.0,0.0,-3.2095215374283725e-11,0.0,0.0
16.5,1.0,0.0,1.7832550313455142,0.0,1.705809889978892,-0.007109869860054907,-4.3429088944270475,0.3987017972796812
16.5,-1.0,-1.0,-1.7832550313455142,-1.8047141963586633,-1.647901130845465,-1.6818677281107828,-7.193939358613824,-0.3916196232003492
16.5,0.0,-1.0,0.0,-1.8047141963586633,0.0,-1.7452359858491042,-3.295713561159272,-0.0
16.5,1.0,-1.0,1.7832550313455142,-1.8047141963586633,1.647901130845465,-1.6818677281107828,-7.193939358613824,0.3916196232003492
16.6,-1.0,1.0,-1.7833672641615945,1.8050891136564928,-1.628009076939777,1.6353671151046618,-9.06114454437218,-0.34542883748545783
16.6,0.0,1.0,0.0,1.8050891136564928,0.0,1.7089543130214708,-5.325764800624485,0.0
16.6,1.0,1.0,1.7833672641615945,1.8050891136564928,1.628009076939777,1.6353671151046618,-9.06114454437218,0.34542883748545783
16.6,-1.0,0.0,-1.7833672641615945,0.0,-1.705917320730978,-0.007149820566660026,-4.3429048512353265,-0.40091688965824634
16.6,0.0,0.0,0.0,0.0,0.0,-3.377120805225786e-11,0.0,0.0
16.6,1.0,0.0,1.7833672641615945,0.0,1.705917320730978,-0.007149820566660026,-4.3429048512353265,0.40091688965824634
16.6,-1.0,-1.0,-1.7833672641615945,-1.8050891136564928,-1.648054541895117,-1.6823456248143398,-7.188903712433543,-0.39378481389439673
16.6,0.0,-1.0,0.0,-1.8050891136564928,0.0,-1.7457014772315667,-3.2900113338242423,-0.0
16.6,1.0,-1.0,1.7833672641615945,-1.8050891136564928,1.648054541895117,-1.6823456248143398,-7.188903712433543,0.39378481389439673
16.700000000000003,-1.0,1.0,-1.7834801376930443,1.805466210066582,-1.62805310194265,1.635582113675797,-9.06637921021765,-0.34728075423454596
16.700000000000003,0.0,1.0,0.0,1.805466210066582,0.0,1.7092137150690592,-5.331171221087164,0.0
16.700000000000003,1.0,1.0,1.7834801376930443,1.805466210066582,1.62805310194265,1.635582113675797,-9.06637921021765,0.34728075423454596
16.700000000000003,-1.0,0.0,-1.7834801376930443,0.0,-1.706025340686134,-0.007189713819602872,-4.342902136667415,-0.4031283369885388
16.700000000000003,0.0,0.0,0.0,0.0,0.0,-3.501599010746759e-11,0.0,0.0
16.700000000000003,1.0,0.0,1.7834801376930443,0.0,1.706025340686134,-0.007189713819602872,-4.342902136667415,0.4031283369885388
16.700000000000003,-1.0,-1.0,-1.7834801376930443,-1.805466210066582,-1.648208390817417,-1.6828253013252947,-7.183880104345435,-0.3959460475685381
16.700000000000003,0.0,-1.0,0.0,-1.805466210066582,0.0,-1.7461688853827166,-3.284322041212752,-0.0
16.700000000000003,1.0,-1.0,1.7834801376930443,-1.805466210066582,1.648208390817417,-1.6828253013252947,-7.183880104345435,0.3959460475685381
16.800000000000004,-1.0,1.0,-1.783593650819924,1.805845482953794,-1.62809776118345,1.635799228658923,-9.071607550662508,-0.3491287999973701
16.800000000000004,0.0,1.0,0.0,1.805845482953794,0.0,1.7094752812443188,-5.336569635617103,0.0
16.800000000000004,1.0,1.0,1.783593650819924,1.805845482953794,1.62809776118345,1.635799228658923,-9.071607550662508,0.3491287999973701
16.800000000000004,-1.0,0.0,-1.783593650819924,0.0,-1.706133948755827,-0.007229549257558254,-4.342900751440135,-0.4053361175755928
16.800000000000004,0.0,0.0,0.0,0.0,0.0,-3.5711877899302635e-11,0.0,0.0
16.800000000000004,1.0,0.0,1.783593650819924,0.0,1.706133948755827,-0.007229549257558254,-4.342900751440135,0.4053361175755928
16.800000000000004,-1.0,-1.0,-1.783593650819924,-1.805845482953794,-1.648362675951763,-1.6833067538967406,-7.178868593226103,-0.39810329878919304
16.800000000000004,0.0,-1.0,0.0,-1.805845482953794,0.0,-1.7466382067432882,-3.278645751776136,-0.0
16.800000000000004,1.0,-1.0,1.783593650819924,-1.805845482953794,1.648362675951763,-1.6833067538967406,-7.178868593226103,0.39810329878919304
16.9,-1.0,1.0,-1.783707802415186,1.8062269296647404,-1.628143054207917,1.6360184586178712,-9.07682951416617,-0.35097295609549906
16.9,0.0,1.0,0.0,1.8062269296647404,0.0,1.70973900976393,-5.3419599894194825,0.0
16.9,1.0,1.0,1.783707802415186,1.8062269296647404,1.628143054207917,1.6360184586178712,-9.07682951416617,0.35097295609549906
16.9,-1.0,0.0,-1.783707802415186,0.0,-1.70624314384485,-0.007269326518941188,-4.342900696260166,-0.4075402097304465
16.9,0.0,0.0,0.0,0.0,0.0,-3.5714986523771586e-11,0.0,0.0
16.9,1.0,0.0,1.783707802415186,0.0,1.70624314384485,-0.007269326518941188,-4.342900696260166,0.4075402097304465
16.9,-1.0,-1.0,-1.783707802415186,-1.8062269296647404,-1.64851739563105,-1.6837899787612756,-7.1738692379608935,-0.4002565421226817
16.9,0.0,-1.0,0.0,-1.8062269296647404,0.0,-1.7471094377328111,-3.2729825339777365,-0.0
16.9,1.0,-1.0,1.783707802415186,-1.8062269296647404,1.64851739563105,-1.6837899787612756,-7.1738692379608935,0.4002565421226817
17.0,-1.0,1.0,-1.783822591344656,1.806610547527061,-1.628188980555586,1.6362398021007403,-9.082045049199031,-0.35281320389533516
17.0,0.0,1.0,0.0,1.806610547527061,0.0,1.7100048988282213,-5.347342227746667,0.0
17.0,1.0,1.0,1.783822591344656,1.806610547527061,1.628188980555586,1.6362398021007403,-9.082045049199031,0.35281320389533516
17.0,-1.0,0.0,-1.783822591344656,0.0,-1.706352924851298,-0.0073090452419468654,-4.342901971824493,-0.4097405917724848
17.0,0.0,0.0,0.0,0.0,0.0,-3.484501576167531e-11,0.0,0.0
17.0,1.0,0.0,1.783822591344656,0.0,1.706352924851298,-0.0073090452419468654,-4.342901971824493,0.4097405917724848
17.0,-1.0,-1.0,-1.783822591344656,-1.806610547527061,-1.648672548181699,-1.6842749721310606,-7.168882097421989,-0.4024057521546126
17.0,0.0,-1.0,0.0,-1.806610547527061,0.0,-1.747582574749627,-3.26733245625258,-0.0
17.0,1.0,-1.0,1.783822591344656,-1.806610547527061,1.648672548181699,-1.6842749721310606,-7.168882097421989,0.4024057521546126
17.1,-1.0,1.0,-1.7839380164670553,1.8069963338496198,-1.628235539759811,1.6364632576399183,-9.087254104247153,-0.354649524812856
17.1,0.0,1.0,0.0,1.8069963338496198,0.0,1.7102729466211661,-5.352716295909379,0.0
17.1,1.0,1.0,1.7839380164670553,1.8069963338496198,1.628235539759811,1.6364632576399183,-9.087254104247153,0.354649524812856
17.1,-1.0,0.0,-1.7839380164670553,0.0,-1.706463290666603,-0.007348705064567973,-4.342904578819652,-0.41193724203049875
17.1,0.0,0.0,0.0,0.0,0.0,-3.2940761229838245e-11,0.0,0.0
17.1,1.0,0.0,1.7839380164670553,0.0,1.706463290666603,-0.007348705064567973,-4.342904578819652,0.41193724203049875
17.1,-1.0,-1.0,-1.7839380164670553,-1.8069963338496198,-1.648828131923644,-1.684761730197698,-7.163907230477427,-0.4045509034829458
17.1,0.0,-1.0,0.0,-1.8069963338496198,0.0,-1.7480576141707709,-3.261695587023468,-0.0
17.1,1.0,-1.0,1.7839380164670553,-1.8069963338496198,1.648828131923644,-1.684761730197698,-7.163907230477427,0.4045509034829458
17.200000000000003,-1.0,1.0,-1.7840540766339723,1.8073842859223,-1.628282731347749,1.636688823752026,-9.092456627808772,-0.35648190031081955
17.200000000000003,0.0,1.0,0.0,1.8073842859223,0.0,1.710543151310302,-5.358082139271249,0.0
17.200000000000003,1.0,1.0,1.7840540766339723,1.8073842859223,1.628282731347749,1.636688823752026,-9.092456627808772,0.35648190031081955
17.200000000000003,-1.0,0.0,-1.7840540766339723,0.0,-1.706574240175496,-0.007388305624500102,-4.342908517922273,-0.4141301388374863
17.200000000000003,0.0,0.0,0.0,0.0,0.0,-2.9793056910421e-11,0.0,0.0
17.200000000000003,1.0,0.0,1.7840540766339723,0.0,1.706574240175496,-0.007388305624500102,-4.342908517922273,0.4141301388374863
17.200000000000003,-1.0,-1.0,-1.7840540766339723,-1.8073842859223,-1.648984145170338,-1.6852502491322103,-7.158944695985078,-0.4066919707222129
17.200000000000003,0.0,-1.0,0.0,-1.8073842859223,0.0,-1.7485345523519722,-3.2560719946891097,-0.0
17.200000000000003,1.0,-1.0,1.7840540766339723,-1.8073842859223,1.648984145170338,-1.6852502491322103,-7.158944695985078,0.4066919707222129
17.300000000000004,-1.0,1.0,-1.784170770689879,1.8077744010159602,-1.628330554840355,1.63691649893789,-9.097652568394958,-0.358310311898188
17.300000000000004,0.0,1.0,0.0,1.8077744010159602,0.0,1.7108155110468402,-5.363439703241159,0.0
17.300000000000004,1.0,1.0,1.784170770689879,1.8077744010159602,1.628330554840355,1.63691649893789,-9.097652568394958,0.358310311898188
17.300000000000004,-1.0,0.0,-1.784170770689879,0.0,-1.706685772256022,-0.007427846559227014,-4.342913789799178,-0.41631926053552115
17.300000000000004,0.0,0.0,0.0,0.0,0.0,-2.5141222437241595e-11,0.0,0.0
17.300000000000004,1.0,0.0,1.784170770689879,0.0,1.706685772256022,-0.007427846559227014,-4.342913789799178,0.41631926053552115
17.300000000000004,-1.0,-1.0,-1.784170770689879,-1.8077744010159602,-1.649140586228755,-1.6857405250849524,-7.153994552793977,-0.4088289285031561
17.300000000000004,0.0,-1.0,0.0,-1.8077744010159602,0.0,-1.749013385627535,-3.2504617476274618,-0.0
17.300000000000004,1.0,-1.0,1.784170770689879,-1.8077744010159602,1.649140586228755,-1.6857405250849524,-7.153994552793977,0.4088289285031561
17.4,-1.0,1.0,-1.7842880974721198,1.8081666763830206,-1.628379009752404,1.637146281682519,-9.102841874544751,-0.36013474114677235
17.4,0.0,1.0,0.0,1.8081666763830206,0.0,1.711090023965396,-5.3687889333196175,0.0
17.4,1.0,1.0,1.7842880974721198,1.8081666763830206,1.628379009752404,1.637146281682519,-9.102841874544751,0.36013474114677235
17.4,-1.0,0.0,-1.7842880974721198,0.0,-1.706797885779551,-0.0074673275060037625,-4.342920395106187,-0.41850458547490493
17.4,0.0,0.0,0.0,0.0,0.0,-1.8748114172240093e-11,0.0,0.0
17.4,1.0,0.0,1.7842880974721198,0.0,1.706797885779551,-0.0074673275060037625,-4.342920395106187,0.41850458547490493
17.4,-1.0,-1.0,-1.7842880974721198,-1.8081666763830206,-1.649297453399398,-1.6862325541856436,-7.149056859757681,-0.41096175145843034
17.4,0.0,-1.0,0.0,-1.8081666763830206,0.0,-1.7494941103103723,-3.244864914224305,-0.0
17.4,1.0,-1.0,1.7842880974721198,-1.8081666763830206,1.649297453399398,-1.6862325541856436,-7.149056859757681,0.41096175145843034
17.5,-1.0,1.0,-1.7844060558109065,1.8085611092566456,-1.628428095592468,1.63737817045507,-9.108024494806239,-0.36195516967160984
17.5,0.0,1.0,0.0,1.8085611092566456,0.0,1.7113666881841954,-5.37412977504526,0.0
17.5,1.0,1.0,1.7844060558109065,1.8085611092566456,1.628428095592468,1.63737817045507,-9.108024494806239,0.36195516967160984
17.5,-1.0,0.0,-1.7844060558109065,0.0,-1.70691057961075,-0.007506748101819838,-4.342928334489395,-0.42068609201219437
17.5,0.0,0.0,0.0,0.0,0.0,-1.0314860077187404e-11,0.0,0.0
17.5,1.0,0.0,1.7844060558109065,0.0,1.70691057961075,-0.007506748101819838,-4.342928334489395,0.42068609201219437
17.5,-1.0,-1.0,-1.7844060558109065,-1.8085611092566456,-1.649454744976304,-1.686726332543222,-7.1441316757165865,-0.41309041423993204
17.5,0.0,-1.0,0.0,-1.8085611092566456,0.0,-1.749976722691853,-3.2392815628370957,-0.0
17.5,1.0,-1.0,1.7844060558109065,-1.8085611092566456,1.649454744976304,-1.686726332543222,-7.1441316757165865,0.41309041423993204
17.6,-1.0,1.0,-1.7845246445293317,1.8089576968518983,-1.628477811862918,1.6376121637087628,-9.113200377769113,-0.36377157916230574
17.6,0.0,1.0,0.0,1.8089576968518983,0.0,1.7116455018048478,-5.3794621740686095,0.0
17.6,1.0,1.0,1.7845246445293317,1.8089576968518983,1.628477811862918,1.6376121637087628,-9.113200377769113,0.36377157916230574
17.6,-1.0,0.0,-1.7845246445293317,0.0,-1.707023852607599,-0.007546107983412043,-4.342937608585036,-0.42286375851101393
17.6,0.0,0.0,0.0,0.0,0.0,5.120348589571222e-13,0.0,0.0
17.6,1.0,0.0,1.7845246445293317,0.0,1.707023852607599,-0.007546107983412043,-4.342937608585036,0.42286375851101393
17.6,-1.0,-1.0,-1.7845246445293317,-1.8089576968518983,-1.649612459247033,-1.6872218562458385,-7.13921905952822,-0.4152148914899374
17.6,0.0,-1.0,0.0,-1.8089576968518983,0.0,-1.7504612190417965,-3.233711761856142,-0.0
17.6,1.0,-1.0,1.7845246445293317,-1.8089576968518983,1.649612459247033,-1.6872218562458385,-7.13921905952822,0.4152148914899374
17.700000000000003,-1.0,1.0,-1.784643862443348,1.8093564363638137,-1.628528158059933,1.6378482598809638,-9.118369472012764,-0.36558395133365007
17.700000000000003,0.0,1.0,0.0,1.8093564363638137,0.0,1.7119264629124609,-5.384786076045564,0.0
17.700000000000003,1.0,1.0,1.784643862443348,1.8093564363638137,1.628528158059933,1.6378482598809638,-9.118369472012764,0.36558395133365007
17.700000000000003,-1.0,0.0,-1.784643862443348,0.0,-1.707137703621383,-0.007585406787292026,-4.342948218018784,-0.4250375633436959
17.700000000000003,0.0,0.0,0.0,0.0,0.0,1.4070966614099234e-11,0.0,0.0
17.700000000000003,1.0,0.0,1.784643862443348,0.0,1.707137703621383,-0.007585406787292026,-4.342948218018784,0.4250375633436959
17.700000000000003,-1.0,-1.0,-1.784643862443348,-1.8093564363638137,-1.649770594492685,-1.6877191213608262,-7.134319070016824,-0.41733515788948233
17.700000000000003,0.0,-1.0,0.0,-1.8093564363638137,0.0,-1.7509475956084226,-3.228155579603367,-0.0
17.700000000000003,1.0,-1.0,1.784643862443348,-1.8093564363638137,1.649770594492685,-1.6877191213608262,-7.134319070016824,0.41733515788948233
17.800000000000004,-1.0,1.0,-1.7847637083617698,1.8097573249693433,-1.628579133673492,1.6380864573930212,-9.12353172616128,-0.36739226797899754
17.800000000000004,0.0,1.0,0.0,1.8097573249693433,0.0,1.712209569575434,-5.390101426751329,0.0
17.800000000000004,1.0,1.0,1.7847637083617698,1.8097573249693433,1.628579133673492,1.6380864573930212,-9.12353172616128,0.36739226797899754
17.800000000000004,-1.0,0.0,-1.7847637083617698,0.0,-1.707252131496703,-0.007624644149700988,-4.342960163405294,-0.42720748488883326
17.800000000000004,0.0,0.0,0.0,0.0,0.0,3.077404997497979e-11,0.0,0.0
17.800000000000004,1.0,0.0,1.7847637083617698,0.0,1.707252131496703,-0.007624644149700988,-4.342960163405294,0.42720748488883326
17.800000000000004,-1.0,-1.0,-1.7847637083617698,-1.8097573249693433,-1.649929148987899,-1.6882181239346146,-7.129431766025827,-0.41945118810637805
17.800000000000004,0.0,-1.0,0.0,-1.8097573249693433,0.0,-1.7514358486182862,-3.2226130844391006,-0.0
17.800000000000004,1.0,-1.0,1.7847637083617698,-1.8097573249693433,1.649929148987899,-1.6882181239346146,-7.129431766025827,0.41945118810637805
17.9,-1.0,1.0,-1.7848841810862834,1.8101603598264404,-1.628630738187371,1.6383267546502998,-9.128687088859897,-0.36919651094638867
17.9,0.0,1.0,0.0,1.8101603598264404,0.0,1.7124948198456225,-5.395408172024173,0.0
17.9,1.0,1.0,1.7848841810862834,1.8101603598264404,1.628630738187371,1.6383267546502998,-9.128687088859897,0.36919651094638867
17.9,-1.0,0.0,-1.7848841810862834,0.0,-1.707367135071453,-0.007663819706634989,-4.34297344535002,-0.4293735015327872
17.9,0.0,0.0,0.0,0.0,0.0,5.10489428506844e-11,0.0,0.0
17.9,1.0,0.0,1.7848841810862834,0.0,1.707367135071453,-0.007663819706634989,-4.34297344535002,0.4293735015327872
17.9,-1.0,-1.0,-1.7848841810862834,-1.8101603598264404,-1.650088121000847,-1.6887188599927292,-7.124557206394227,-0.42156295681973815
17.9,0.0,-1.0,0.0,-1.8101603598264404,0.0,-1.7519259742762394,-3.21708434471433,-0.0
17.9,1.0,-1.0,1.7848841810862834,-1.8101603598264404,1.650088121000847,-1.6887188599927292,-7.124557206394227,0.42156295681973815
18.0,-1.0,1.0,-1.7850052794114273,1.8105655380741847,-1.628682971079142,1.638569150042187,-9.133835508777905,-0.37099666214240357
18.0,0.0,1.0,0.0,1.8105655380741847,0.0,1.7127822117581673,-5.400706257782037,0.0
18.0,1.0,1.0,1.7850052794114273,1.8105655380741847,1.628682971079142,1.638569150042187,-9.133835508777905,0.37099666214240357
18.0,-1.0,0.0,-1.7850052794114273,0.0,-1.707482713176834,-0.00770293309384984,-4.342988064447347,-0.431535591670056
18.0,0.0,0.0,0.0,0.0,0.0,7.542499957935433e-11,0.0,0.0
18.0,1.0,0.0,1.7850052794114273,0.0,1.707482713176834,-0.00770293309384984,-4.342988064447347,0.431535591670056
18.0,-1.0,-1.0,-1.7850052794114273,-1.8105655380741847,-1.650247508793274,-1.6892213255396271,-7.119695449962393,-0.4236704387110182
18.0,0.0,-1.0,0.0,-1.8105655380741847,0.0,-1.7524179687652985,-3.2115694287838426,-0.0
18.0,1.0,-1.0,1.7850052794114273,-1.8105655380741847,1.650247508793274,-1.6892213255396271,-7.119695449962393,0.4236704387110182
18.1,-1.0,1.0,-1.7851270021246113,1.8109728568328443,-1.628735831820178,1.6388136419419221,-9.138976934615851,-0.3727927035384252
18.1,0.0,1.0,0.0,1.8109728568328443,0.0,1.713071743331473,-5.405995630027691,0.0
18.1,1.0,1.0,1.7851270021246113,1.8109728568328443,1.628735831820178,1.6388136419419221,-9.138976934615851,0.3727927035384252
18.1,-1.0,0.0,-1.7851270021246113,0.0,-1.707598864637354,-0.0077419839468158,-4.343004021281692,-0.4336937337008232
18.1,0.0,0.0,0.0,0.0,0.0,1.0440714959258912e-10,0.0,0.0
18.1,1.0,0.0,1.7851270021246113,0.0,1.707598864637354,-0.0077419839468158,-4.343004021281692,0.4336937337008232
18.1,-1.0,-1.0,-1.7851270021246113,-1.8109728568328443,-1.650407310620442,-1.689725516558778,-7.114846555573144,-0.4257736084672844
18.1,0.0,-1.0,0.0,-1.8109728568328443,0.0,-1.7529118282466976,-3.2060684050056873,-0.0
18.1,1.0,-1.0,1.7851270021246113,-1.8109728568328443,1.650407310620442,-1.689725516558778,-7.114846555573144,0.4257736084672844
18.200000000000003,-1.0,1.0,-1.7852493480060927,1.8113823132042128,-1.628789319875643,1.6390602287067217,-9.14411131511069,-0.3745846171762955
18.200000000000003,0.0,1.0,0.0,1.8113823132042128,0.0,1.7133634125672228,-5.411276234866246,0.0
18.200000000000003,1.0,1.0,1.7852493480060927,1.8113823132042128,1.628789319875643,1.6390602287067217,-9.14411131511069,0.3745846171762955
18.200000000000003,-1.0,0.0,-1.7852493480060927,0.0,-1.707715588270816,-0.00778097190073801,-4.343021316426895,-0.4358479060321973
18.200000000000003,0.0,0.0,0.0,0.0,0.0,1.386086800891917e-10,0.0,0.0
18.200000000000003,1.0,0.0,1.7852493480060927,0.0,1.707715588270816,-0.00778097190073801,-4.343021316426895,0.4358479060321973
18.200000000000003,-1.0,-1.0,-1.7852493480060927,-1.8113823132042128,-1.650567524731187,-1.6902314290125338,-7.110010582081509,-0.42787244076714886
18.200000000000003,0.0,-1.0,0.0,-1.8113823132042128,0.0,-1.7534075488597636,-3.2005813417652194,-0.0
18.200000000000003,1.0,-1.0,1.7852493480060927,-1.8113823132042128,1.650567524731187,-1.6902314290125338,-7.110010582081509,0.42787244076714886
18.300000000000004,-1.0,1.0,-1.7853723158289867,1.81179390427066,-1.628843434704501,1.6393089086776227,-9.149238599016375,-0.3763723851492672
18.300000000000004,0.0,1.0,0.0,1.81179390427066,0.0,1.713657217450279,-5.416548018461617,0.0
18.300000000000004,1.0,1.0,1.7853723158289867,1.81179390427066,1.628843434704501,1.6393089086776227,-9.149238599016375,0.3763723851492672
18.300000000000004,-1.0,0.0,-1.7853723158289867,0.0,-1.707832882888319,-0.007819896590619102,-4.343039950446669,-0.43799808708180604
18.300000000000004,0.0,0.0,0.0,0.0,0.0,1.7864776324927334e-10,0.0,0.0
18.300000000000004,1.0,0.0,1.7853723158289867,0.0,1.707832882888319,-0.007819896590619102,-4.343039950446669,0.43799808708180604
18.300000000000004,-1.0,-1.0,-1.7853723158289867,-1.81179390427066,-1.650728149367891,-1.690739058842161,-7.105187588329957,-0.4299669103076848
18.300000000000004,0.0,-1.0,0.0,-1.81179390427066,0.0,-1.753905126721873,-3.1951083074258415,-0.0
18.300000000000004,1.0,-1.0,1.7853723158289867,-1.81179390427066,1.650728149367891,-1.690739058842161,-7.105187588329957,0.4299669103076848
18.400000000000006,-1.0,1.0,-1.7854959043592602,1.8122076270962229,-1.628898175759511,1.6395596801795609,-9.154358735129954,-0.37815598962746727
18.400000000000006,0.0,1.0,0.0,1.8122076270962229,0.0,1.7139531559487233,-5.421810927092103,0.0
18.400000000000006,1.0,1.0,1.7854959043592602,1.8122076270962229,1.628898175759511,1.6395596801795609,-9.154358735129954,0.37815598962746727
18.400000000000006,-1.0,0.0,-1.7854959043592602,0.0,-1.707950747294278,-0.007858757651094894,-4.343059923893235,-0.4401442552686826
18.400000000000006,0.0,0.0,0.0,0.0,0.0,2.252629194288147e-10,0.0,0.0
18.400000000000006,1.0,0.0,1.7854959043592602,0.0,1.707950747294278,-0.007858757651094894,-4.343059923893235,0.4401442552686826
18.400000000000006,-1.0,-1.0,-1.7854959043592602,-1.8122076270962229,-1.65088918276651,-1.6912484019676286,-7.100377633181254,-0.4320569917699735
18.400000000000006,0.0,-1.0,0.0,-1.8122076270962229,0.0,-1.754404557928385,-3.1896493703902054,-0.0
18.400000000000006,1.0,-1.0,1.7854959043592602,-1.8122076270962229,1.65088918276651,-1.6912484019676286,-7.100377633181254,0.4320569917699735
18.5,-1.0,1.0,-1.785620112355725,1.8126234787265183,-1.628953542487216,1.6398125415212244,-9.15947167229393,-0.3799354128599872
18.5,0.0,1.0,0.0,1.8126234787265183,0.0,1.7142512260137401,-5.427064907152744,0.0
18.5,1.0,1.0,1.785620112355725,1.8126234787265183,1.628953542487216,1.6398125415212244,-9.15947167229393,0.3799354128599872
18.5,-1.0,0.0,-1.785620112355725,0.0,-1.708069180286378,-0.007897554716631117,-4.343081237309529,-0.44228638902437456
18.5,0.0,0.0,0.0,0.0,0.0,2.792188702471776e-10,0.0,0.0
18.5,1.0,0.0,1.785620112355725,0.0,1.708069180286378,-0.007897554716631117,-4.343081237309529,0.44228638902437456
18.5,-1.0,-1.0,-1.785620112355725,-1.8126234787265183,-1.651050623156548,-1.691759454287725,-7.095580775513147,-0.43414265982566547
18.5,0.0,-1.0,0.0,-1.8126234787265183,0.0,-1.754905838552627,-3.1842045990953123,-0.0
18.5,1.0,-1.0,1.785620112355725,-1.8126234787265183,1.651050623156548,-1.691759454287725,-7.095580775513147,0.43414265982566547
18.6,-1.0,1.0,-1.7857449385700526,1.813041456187534,-1.629009534327953,1.6400674909950697,-9.164577359365508,-0.3817106371444752
18.6,0.0,1.0,0.0,1.813041456187534,0.0,1.7145514255796552,-5.432309905090853,0.0
18.6,1.0,1.0,1.7857449385700526,1.813041456187534,1.629009534327953,1.6400674909950697,-9.164577359365508,0.3817106371444752
18.6,-1.0,0.0,-1.7857449385700526,0.0,-1.708188180655625,-0.007936287421327126,-4.343103891227138,-0.4444244667820345
18.6,0.0,0.0,0.0,0.0,0.0,3.413558324893984e-10,0.0,0.0
18.6,1.0,0.0,1.7857449385700526,0.0,1.708188180655625,-0.007936287421327126,-4.343103891227138,0.4444244667820345
18.6,-1.0,-1.0,-1.7857449385700526,-1.813041456187534,-1.651212468761094,-1.692272211679925,-7.090797074189766,-0.43622388916424865
18.6,0.0,-1.0,0.0,-1.813041456187534,0.0,-1.755408964645762,-3.178774061954532,-0.0
18.6,1.0,-1.0,1.7857449385700526,-1.813041456187534,1.651212468761094,-1.692272211679925,-7.090797074189766,0.43622388916424865
18.700000000000003,-1.0,1.0,-1.7858703817467603,1.8134615564880807,-1.629066150715846,1.6403245268773259,-9.169675745279296,-0.3834816448887203
18.700000000000003,0.0,1.0,0.0,1.8134615564880807,0.0,1.7148537525637946,-5.437545867542313,0.0
18.700000000000003,1.0,1.0,1.7858703817467603,1.8134615564880807,1.629066150715846,1.6403245268773259,-9.169675745279296,0.3834816448887203
18.700000000000003,-1.0,0.0,-1.7858703817467603,0.0,-1.708307747186304,-0.007974955399077999,-4.34312788616788,-0.4465584669855879
18.700000000000003,0.0,0.0,0.0,0.0,0.0,4.1258196858962037e-10,0.0,0.0
18.700000000000003,1.0,0.0,1.7858703817467603,0.0,1.708307747186304,-0.007974955399077999,-4.34312788616788,0.4465584669855879
18.700000000000003,-1.0,-1.0,-1.7858703817467603,-1.8134615564880807,-1.651374717796802,-1.6927866700003495,-7.086026588126051,-0.43830065442950494
18.700000000000003,0.0,-1.0,0.0,-1.8134615564880807,0.0,-1.7559139322368238,-3.1733578274856122,-0.0
18.700000000000003,1.0,-1.0,1.7858703817467603,-1.8134615564880807,1.651374717796802,-1.6927866700003495,-7.086026588126051,0.43830065442950494
18.800000000000004,-1.0,1.0,-1.7859964406231987,1.8138837766167626,-1.629123391078817,1.6405836474278792,-9.174766778973002,-0.38524841853922953
18.800000000000004,0.0,1.0,0.0,1.8138837766167626,0.0,1.7151582048666056,-5.442772741167511,0.0
18.800000000000004,1.0,1.0,1.7859964406231987,1.8138837766167626,1.629123391078817,1.6405836474278792,-9.174766778973002,0.38524841853922953
18.800000000000004,-1.0,0.0,-1.7859964406231987,0.0,-1.708427878656004,-0.008013558283443967,-4.343153222641819,-0.4486883680825112
18.800000000000004,0.0,0.0,0.0,0.0,0.0,4.939080255894623e-10,0.0,0.0
18.800000000000004,1.0,0.0,1.7859964406231987,0.0,1.708427878656004,-0.008013558283443967,-4.343153222641819,0.4486883680825112
18.800000000000004,-1.0,-1.0,-1.7859964406231987,-1.8138837766167626,-1.6515373684739,-1.6933028250837128,-7.081269376209908,-0.44037293029589436
18.800000000000004,0.0,-1.0,0.0,-1.8138837766167626,0.0,-1.7564207373325955,-3.1679559641548005,-0.0
18.800000000000004,1.0,-1.0,1.7859964406231987,-1.8138837766167626,1.6515373684739,-1.6933028250837128,-7.081269376209908,0.44037293029589436
18.900000000000006,-1.0,1.0,-1.7861231139295688,1.814308113544918,-1.629181254838554,1.6408448508903297,-9.179850409462631,-0.3870109406519835
18.900000000000006,0.0,1.0,0.0,1.814308113544918,0.0,1.7154647803714886,-5.447990472814594,0.0
18.900000000000006,1.0,1.0,1.7861231139295688,1.814308113544918,1.629181254838554,1.6408448508903297,-9.179850409462631,0.3870109406519835
18.900000000000006,-1.0,0.0,-1.7861231139295688,0.0,-1.708548573835591,-0.008052095707742346,-4.343179901149678,-0.4508141485290616
18.900000000000006,0.0,0.0,0.0,0.0,0.0,5.863998175925644e-10,0.0,0.0
18.900000000000006,1.0,0.0,1.7861231139295688,0.0,1.708548573835591,-0.008052095707742346,-4.343179901149678,0.4508141485290616
18.900000000000006,-1.0,-1.0,-1.7861231139295688,-1.814308113544918,-1.651700418996209,-1.6938206727432594,-7.076525497379657,-0.44244069139161707
18.900000000000006,0.0,-1.0,0.0,-1.814308113544918,0.0,-1.7569293759175486,-3.1625685405363075,-0.0
18.900000000000006,1.0,-1.0,1.7861231139295688,-1.814308113544918,1.651700418996209,-1.6938206727432594,-7.076525497379657,0.44244069139161707
19.0,-1.0,1.0,-1.7862504003889221,1.8147345642249402,-1.629239741410559,1.6411081354918973,-9.184926585801339,-0.3887691938548085
19.0,0.0,1.0,0.0,1.8147345642249402,0.0,1.7157734769448,-5.4531990094323035,0.0
19.0,1.0,1.0,1.7862504003889221,1.8147345642249402,1.629239741410559,1.6411081354918973,-9.184926585801339,0.3887691938548085
19.0,-1.0,0.0,-1.7862504003889221,0.0,-1.708669831489244,-0.008090567304966267,-4.343207922180817,-0.4529357867858112
19.0,0.0,0.0,0.0,0.0,0.0,6.912368455402884e-10,0.0,0.0
19.0,1.0,0.0,1.7862504003889221,0.0,1.708669831489244,-0.008090567304966267,-4.343207922180817,0.4529357867858112
19.0,-1.0,-1.0,-1.7862504003889221,-1.8147345642249402,-1.651863867561129,-1.694340208770757,-7.071795010580777,-0.4445039123424276
19.0,0.0,-1.0,0.0,-1.8147345642249402,0.0,-1.7574398439538386,-3.1571956252220152,-0.0
19.0,1.0,-1.0,1.7862504003889221,-1.8147345642249402,1.651863867561129,-1.694340208770757,-7.071795010580777,0.4445039123424276
19.1,-1.0,1.0,-1.7863782987171317,1.8151631255907752,-1.629298850204095,1.6413734994433837,-9.189995257094305,-0.3905231608604062
19.1,0.0,1.0,0.0,1.8151631255907752,0.0,1.71608429243584,-5.458398298097225,0.0
19.1,1.0,1.0,1.7863782987171317,1.8151631255907752,1.629298850204095,1.6413734994433837,-9.189995257094305,0.3905231608604062
19.1,-1.0,0.0,-1.7863782987171317,0.0,-1.708791650374412,-0.008128972707805993,-4.343237286214106,-0.4550532613189338
19.1,0.0,0.0,0.0,0.0,0.0,8.096909809296449e-10,0.0,0.0
19.1,1.0,0.0,1.7863782987171317,0.0,1.708791650374412,-0.008128972707805993,-4.343237286214106,0.4550532613189338
19.1,-1.0,-1.0,-1.7863782987171317,-1.8151631255907752,-1.652027712359651,-1.6948614289363757,-7.067077974780764,-0.446562567754942
19.1,0.0,-1.0,0.0,-1.8151631255907752,0.0,-1.757952137381153,-3.151837286855519,-0.0
19.1,1.0,-1.0,1.7863782987171317,-1.8151631255907752,1.652027712359651,-1.6948614289363757,-7.067077974780764,0.446562567754942
19.200000000000003,-1.0,1.0,-1.786506807622914,1.815593794558099,-1.62935858062221,1.6416409409391206,-9.195056372505029,-0.39227282447262785
19.200000000000003,0.0,1.0,0.0,1.815593794558099,0.0,1.7163972246767636,-5.463588286028438,0.0
19.200000000000003,1.0,1.0,1.786506807622914,1.815593794558099,1.62935858062221,1.6416409409391206,-9.195056372505029,0.39227282447262785
19.200000000000003,-1.0,0.0,-1.786506807622914,0.0,-1.708914029241846,-0.008167311548706202,-4.343267993717367,-0.45716655060349
19.200000000000003,0.0,0.0,0.0,0.0,0.0,9.430891623196658e-10,0.0,0.0
19.200000000000003,1.0,0.0,1.786506807622914,0.0,1.708914029241846,-0.008167311548706202,-4.343267993717367,0.45716655060349
19.200000000000003,-1.0,-1.0,-1.786506807622914,-1.815593794558099,-1.652191951576366,-1.6953843289887112,-7.062374448973017,-0.4486166322135042
19.200000000000003,0.0,-1.0,0.0,-1.815593794558099,0.0,-1.758466252116798,-3.1464935941359906,-0.0
19.200000000000003,1.0,-1.0,1.786506807622914,-1.815593794558099,1.652191951576366,-1.6953843289887112,-7.062374448973017,0.4486166322135042
19.300000000000004,-1.0,1.0,-1.7866359258078235,1.816026568023661,-1.62941893206175,1.6419104581570756,-9.200109881235456,-0.39401816756798974
19.300000000000004,0.0,1.0,0.0,1.816026568023661,0.0,1.7167122714826113,-5.468768920552249,0.0
19.300000000000004,1.0,1.0,1.7866359258078235,1.816026568023661,1.62941893206175,1.6419104581570756,-9.200109881235456,0.39401816756798974
19.300000000000004,-1.0,0.0,-1.7866359258078235,0.0,-1.709036966835581,-0.008205583459767851,-4.343300045148054,-0.4592756331180184
19.300000000000004,0.0,0.0,0.0,0.0,0.0,1.092924861723077e-09,0.0,0.0
19.300000000000004,1.0,0.0,1.7866359258078235,0.0,1.709036966835581,-0.008205583459767851,-4.343300045148054,0.4592756331180184
19.300000000000004,-1.0,-1.0,-1.7866359258078235,-1.816026568023661,-1.652356583389459,-1.6959089046546634,-7.057684492162923,-0.45066608029424643
19.300000000000004,0.0,-1.0,0.0,-1.816026568023661,0.0,-1.7589821840555036,-3.141164615792897,-0.0
19.300000000000004,1.0,-1.0,1.7866359258078235,-1.816026568023661,1.652356583389459,-1.6959089046546634,-7.057684492162923,0.45066608029424643
19.400000000000006,-1.0,1.0,-1.786765651966251,1.816461442867503,-1.62947990391332,1.6421820492586292,-9.20515573259034,-0.39575917315631354
19.400000000000006,0.0,1.0,0.0,1.816461442867503,0.0,1.7170294306512517,-5.4739401492214395,0.0
19.400000000000006,1.0,1.0,1.786765651966251,1.816461442867503,1.62947990391332,1.6421820492586292,-9.20515573259034,0.39575917315631354
19.400000000000006,-1.0,0.0,-1.786765651966251,0.0,-1.709160461892947,-0.008243788072721081,-4.343333440952543,-0.4613804873431042
19.400000000000006,0.0,0.0,0.0,0.0,0.0,1.2608203370234605e-09,0.0,0.0
19.400000000000006,1.0,0.0,1.786765651966251,0.0,1.709160461892947,-0.008243788072721081,-4.343333440952543,0.4613804873431042
19.400000000000006,-1.0,-1.0,-1.786765651966251,-1.816461442867503,-1.652521605970728,-1.6964351516393879,-7.053008163425771,-0.452710886506575
19.400000000000006,0.0,-1.0,0.0,-1.816461442867503,0.0,-1.7594999290693856,-3.1358504207057,-0.0
19.400000000000006,1.0,-1.0,1.786765651966251,-1.816461442867503,1.652521605970728,-1.6964351516393879,-7.053008163425771,0.452710886506575
19.5,-1.0,1.0,-1.7868959847854127,1.8168984159501989,-1.629541495561318,1.6424557123886574,-9.210193875903594,-0.39749582431121827
19.5,0.0,1.0,0.0,1.8168984159501989,0.0,1.717348699963293,-5.4791019196768636,0.0
19.5,1.0,1.0,1.7868959847854127,1.8168984159501989,1.629541495561318,1.6424557123886574,-9.210193875903594,0.39749582431121827
19.5,-1.0,0.0,-1.7868959847854127,0.0,-1.709284513144541,-0.00828192501912195,-4.343368181567205,-0.463481091772475
19.5,0.0,0.0,0.0,0.0,0.0,1.4484262678138293e-09,0.0,0.0
19.5,1.0,0.0,1.7868959847854127,0.0,1.709284513144541,-0.00828192501912195,-4.343368181567205,0.463481091772475
19.5,-1.0,-1.0,-1.7868959847854127,-1.8168984159501989,-1.652687017485577,-1.6969630656263468,-7.048345521833396,-0.4547510253660081
19.5,0.0,-1.0,0.0,-1.8168984159501989,0.0,-1.7600194830079965,-3.1305510777527927,-0.0
19.5,1.0,-1.0,1.7868959847854127,-1.8168984159501989,1.652687017485577,-1.6969630656263468,-7.048345521833396,0.4547510253660081
19.6,-1.0,1.0,-1.787026922945356,1.8173374841147183,-1.629603706383906,1.6427314456754698,-9.21522426058894,-0.39922810421757027
19.6,0.0,1.0,0.0,1.8173374841147183,0.0,1.7176700771821296,-5.484254179742503,0.0
19.6,1.0,1.0,1.787026922945356,1.8173374841147183,1.629603706383906,1.6427314456754698,-9.21522426058894,0.39922810421757027
19.6,-1.0,0.0,-1.787026922945356,0.0,-1.709409119314268,-0.008319993930050007,-4.343404267416364,-0.4655774248961563
19.6,0.0,0.0,0.0,0.0,0.0,1.6576140460244915e-09,0.0,0.0
19.6,1.0,0.0,1.787026922945356,0.0,1.709409119314268,-0.008319993930050007,-4.343404267416364,0.4655774248961563
19.6,-1.0,-1.0,-1.787026922945356,-1.8173374841147183,-1.652852816093022,-1.697492642277071,-7.04369662650874,-0.4567864713401195
19.6,0.0,-1.0,0.0,-1.8173374841147183,0.0,-1.7605408416981085,-3.1252666559220375,-0.0
19.6,1.0,-1.0,1.787026922945356,-1.8173374841147183,1.652852816093022,-1.697492642277071,-7.04369662650874,0.4567864713401195
19.700000000000003,-1.0,1.0,-1.7871584651189565,1.8177786441861166,-1.629666535753042,1.6430092472307547,-9.220246836132935,-0.40095599616648114
19.700000000000003,0.0,1.0,0.0,1.8177786441861166,0.0,1.7179935600538534,-5.489396877414657,0.0
19.700000000000003,1.0,1.0,1.7871584651189565,1.8177786441861166,1.629666535753042,1.6430092472307547,-9.220246836132935,0.40095599616648114
19.700000000000003,-1.0,0.0,-1.7871584651189565,0.0,-1.709534279119304,-0.008357994436380078,-4.3434416989142415,-0.46766946521576397
19.700000000000003,0.0,0.0,0.0,0.0,0.0,1.890355871836391e-09,0.0,0.0
19.700000000000003,1.0,0.0,1.7871584651189565,0.0,1.709534279119304,-0.008357994436380078,-4.3434416989142415,0.46766946521576397
19.700000000000003,-1.0,-1.0,-1.7871584651189565,-1.8177786441861166,-1.653018999945708,-1.6980238772313,-7.039061536613031,-0.4588171988603451
19.700000000000003,0.0,-1.0,0.0,-1.8177786441861166,0.0,-1.7610640009438001,-3.1199972242885265,-0.0
19.700000000000003,1.0,-1.0,1.7871584651189565,-1.8177786441861166,1.653018999945708,-1.6980238772313,-7.039061536613031,0.4588171988603451
19.800000000000004,-1.0,1.0,-1.7872906099719197,1.818221892971641,-1.629729983034433,1.6432891151495537,-9.22526155210012,-0.40267948355754823
19.800000000000004,0.0,1.0,0.0,1.818221892971641,0.0,1.7183191463072016,-5.494529960870816,0.0
19.800000000000004,1.0,1.0,1.7872906099719197,1.818221892971641,1.629729983034433,1.6432891151495537,-9.22526155210012,0.40267948355754823
19.800000000000004,-1.0,0.0,-1.7872906099719197,0.0,-1.709659991270113,-0.008395926168589973,-4.343480476464117,-0.46975719123382415
19.800000000000004,0.0,0.0,0.0,0.0,0.0,2.1487212009674295e-09,0.0,0.0
19.800000000000004,1.0,0.0,1.7872906099719197,0.0,1.709659991270113,-0.008395926168589973,-4.343480476464117,0.46975719123382415
19.800000000000004,-1.0,-1.0,-1.7872906099719197,-1.818221892971641,-1.653185567189899,-1.6985567661068068,-7.034440311353378,-0.4608431823152083
19.800000000000004,0.0,-1.0,0.0,-1.818221892971641,0.0,-1.7615889565262635,-3.1147428520299303,-0.0
19.800000000000004,1.0,-1.0,1.7872906099719197,-1.818221892971641,1.653185567189899,-1.6985567661068068,-7.034440311353378,0.4608431823152083
19.900000000000006,-1.0,1.0,-1.7874233561627757,1.8186672272603666,-1.62979404758758,1.6435710475102914,-9.230268358121887,-0.4043985498906436
19.900000000000006,0.0,1.0,0.0,1.8186672272603666,0.0,1.7186468336536107,-5.499653378448248,0.0
19.900000000000006,1.0,1.0,1.7874233561627757,1.8186672272603666,1.62979404758758,1.6435710475102914,-9.230268358121887,0.4043985498906436
19.900000000000006,-1.0,0.0,-1.7874233561627757,0.0,-1.709786254470446,-0.008433788756812888,-4.343520600458095,-0.47184058145678875
19.900000000000006,0.0,0.0,0.0,0.0,0.0,2.435007306900161e-09,0.0,0.0
19.900000000000006,1.0,0.0,1.7874233561627757,0.0,1.709786254470446,-0.008433788756812888,-4.343520600458095,0.47184058145678875
19.900000000000006,-1.0,-1.0,-1.7874233561627757,-1.8186672272603666,-1.653352515965492,-1.6990913044993716,-7.029833009973258,-0.4628643960589631
19.900000000000006,0.0,-1.0,0.0,-1.8186672272603666,0.0,-1.7621157042038846,-3.109503608401792,-0.0
19.900000000000006,1.0,-1.0,1.7874233561627757,-1.8186672272603666,1.653352515965492,-1.6990913044993716,-7.029833009973258,0.4628643960589631
20.0,-1.0,1.0,-1.787556702342874,1.8191146438242978,-1.629858728765743,1.6438550423746423,-9.235267203929503,-0.4061131787963098
20.0,0.0,1.0,0.0,1.8191146438242978,0.0,1.7189766197870608,-5.504767078710237,0.0
20.0,1.0,1.0,1.787556702342874,1.8191146438242978,1.629858728765743,1.6438550423746423,-9.235267203929503,0.4061131787963098
20.0,-1.0,0.0,-1.787556702342874,0.0,-1.709913067417329,-0.008471581830872932,-4.343562071277557,-0.47391961439710373
20.0,0.0,0.0,0.0,0.0,0.0,2.751614935903035e-09,0.0,0.0
20.0,1.0,0.0,1.787556702342874,0.0,1.709913067417329,-0.008471581830872932,-4.343562071277557,0.47391961439710373
20.0,-1.0,-1.0,-1.787556702342874,-1.8191146438242978,-1.653519844406025,-1.699627487982731,-7.025239691781734,-0.46488081438200285
20.0,0.0,-1.0,0.0,-1.8191146438242978,0.0,-1.7626442397120266,-3.1042795628072306,-0.0
20.0,1.0,-1.0,1.787556702342874,-1.8191146438242978,1.653519844406025,-1.699627487982731,-7.025239691781734,0.46488081438200285
